 
****************************************
Report : timing
        -path full
        -delay min
        -max_paths 100
Design : alu8_top
Version: O-2018.06-SP1
Date   : Wed Sep  2 04:55:11 2026
****************************************

Operating Conditions: scmetro_tsmc_cl013g_rvt_ff_1p32v_m40c   Library: scmetro_tsmc_cl013g_rvt_ff_1p32v_m40c
Wire Load Model Mode: top

  Startpoint: mode (input port clocked by MASTER_CLK)
  Endpoint: result[15] (output port clocked by MASTER_CLK)
  Path Group: INOUT
  Path Type: min

  Des/Clust/Port     Wire Load Model       Library
  ------------------------------------------------
  alu8_top           tsmc13_wl30           scmetro_tsmc_cl013g_rvt_ss_1p08v_125c

  Point                                    Incr       Path
  -----------------------------------------------------------
  clock MASTER_CLK (rise edge)             0.00       0.00
  clock network delay (ideal)              0.00       0.00
  input external delay                     1.20       1.20 f
  mode (in)                                0.12       1.32 f
  U24/Y (BUFX10M)                          0.48       1.80 f
  U31/Y (AND2X8M)                          0.65       2.45 f
  result[15] (out)                         0.00       2.45 f
  data arrival time                                   2.45

  clock MASTER_CLK (rise edge)             0.00       0.00
  clock network delay (ideal)              0.00       0.00
  clock uncertainty                        0.10       0.10
  output external delay                   -1.20      -1.10
  data required time                                 -1.10
  -----------------------------------------------------------
  data required time                                 -1.10
  data arrival time                                  -2.45
  -----------------------------------------------------------
  slack (MET)                                         3.55


  Startpoint: mode (input port clocked by MASTER_CLK)
  Endpoint: result[14] (output port clocked by MASTER_CLK)
  Path Group: INOUT
  Path Type: min

  Des/Clust/Port     Wire Load Model       Library
  ------------------------------------------------
  alu8_top           tsmc13_wl30           scmetro_tsmc_cl013g_rvt_ss_1p08v_125c

  Point                                    Incr       Path
  -----------------------------------------------------------
  clock MASTER_CLK (rise edge)             0.00       0.00
  clock network delay (ideal)              0.00       0.00
  input external delay                     1.20       1.20 f
  mode (in)                                0.12       1.32 f
  U24/Y (BUFX10M)                          0.48       1.80 f
  U30/Y (AND2X8M)                          0.65       2.45 f
  result[14] (out)                         0.00       2.45 f
  data arrival time                                   2.45

  clock MASTER_CLK (rise edge)             0.00       0.00
  clock network delay (ideal)              0.00       0.00
  clock uncertainty                        0.10       0.10
  output external delay                   -1.20      -1.10
  data required time                                 -1.10
  -----------------------------------------------------------
  data required time                                 -1.10
  data arrival time                                  -2.45
  -----------------------------------------------------------
  slack (MET)                                         3.55


  Startpoint: mode (input port clocked by MASTER_CLK)
  Endpoint: result[13] (output port clocked by MASTER_CLK)
  Path Group: INOUT
  Path Type: min

  Des/Clust/Port     Wire Load Model       Library
  ------------------------------------------------
  alu8_top           tsmc13_wl30           scmetro_tsmc_cl013g_rvt_ss_1p08v_125c

  Point                                    Incr       Path
  -----------------------------------------------------------
  clock MASTER_CLK (rise edge)             0.00       0.00
  clock network delay (ideal)              0.00       0.00
  input external delay                     1.20       1.20 f
  mode (in)                                0.12       1.32 f
  U24/Y (BUFX10M)                          0.48       1.80 f
  U29/Y (AND2X8M)                          0.65       2.45 f
  result[13] (out)                         0.00       2.45 f
  data arrival time                                   2.45

  clock MASTER_CLK (rise edge)             0.00       0.00
  clock network delay (ideal)              0.00       0.00
  clock uncertainty                        0.10       0.10
  output external delay                   -1.20      -1.10
  data required time                                 -1.10
  -----------------------------------------------------------
  data required time                                 -1.10
  data arrival time                                  -2.45
  -----------------------------------------------------------
  slack (MET)                                         3.55


  Startpoint: mode (input port clocked by MASTER_CLK)
  Endpoint: result[12] (output port clocked by MASTER_CLK)
  Path Group: INOUT
  Path Type: min

  Des/Clust/Port     Wire Load Model       Library
  ------------------------------------------------
  alu8_top           tsmc13_wl30           scmetro_tsmc_cl013g_rvt_ss_1p08v_125c

  Point                                    Incr       Path
  -----------------------------------------------------------
  clock MASTER_CLK (rise edge)             0.00       0.00
  clock network delay (ideal)              0.00       0.00
  input external delay                     1.20       1.20 f
  mode (in)                                0.12       1.32 f
  U24/Y (BUFX10M)                          0.48       1.80 f
  U28/Y (AND2X8M)                          0.65       2.45 f
  result[12] (out)                         0.00       2.45 f
  data arrival time                                   2.45

  clock MASTER_CLK (rise edge)             0.00       0.00
  clock network delay (ideal)              0.00       0.00
  clock uncertainty                        0.10       0.10
  output external delay                   -1.20      -1.10
  data required time                                 -1.10
  -----------------------------------------------------------
  data required time                                 -1.10
  data arrival time                                  -2.45
  -----------------------------------------------------------
  slack (MET)                                         3.55


  Startpoint: mode (input port clocked by MASTER_CLK)
  Endpoint: result[11] (output port clocked by MASTER_CLK)
  Path Group: INOUT
  Path Type: min

  Des/Clust/Port     Wire Load Model       Library
  ------------------------------------------------
  alu8_top           tsmc13_wl30           scmetro_tsmc_cl013g_rvt_ss_1p08v_125c

  Point                                    Incr       Path
  -----------------------------------------------------------
  clock MASTER_CLK (rise edge)             0.00       0.00
  clock network delay (ideal)              0.00       0.00
  input external delay                     1.20       1.20 f
  mode (in)                                0.12       1.32 f
  U24/Y (BUFX10M)                          0.48       1.80 f
  U27/Y (AND2X8M)                          0.65       2.45 f
  result[11] (out)                         0.00       2.45 f
  data arrival time                                   2.45

  clock MASTER_CLK (rise edge)             0.00       0.00
  clock network delay (ideal)              0.00       0.00
  clock uncertainty                        0.10       0.10
  output external delay                   -1.20      -1.10
  data required time                                 -1.10
  -----------------------------------------------------------
  data required time                                 -1.10
  data arrival time                                  -2.45
  -----------------------------------------------------------
  slack (MET)                                         3.55


  Startpoint: mode (input port clocked by MASTER_CLK)
  Endpoint: result[10] (output port clocked by MASTER_CLK)
  Path Group: INOUT
  Path Type: min

  Des/Clust/Port     Wire Load Model       Library
  ------------------------------------------------
  alu8_top           tsmc13_wl30           scmetro_tsmc_cl013g_rvt_ss_1p08v_125c

  Point                                    Incr       Path
  -----------------------------------------------------------
  clock MASTER_CLK (rise edge)             0.00       0.00
  clock network delay (ideal)              0.00       0.00
  input external delay                     1.20       1.20 f
  mode (in)                                0.12       1.32 f
  U24/Y (BUFX10M)                          0.48       1.80 f
  U26/Y (AND2X8M)                          0.65       2.45 f
  result[10] (out)                         0.00       2.45 f
  data arrival time                                   2.45

  clock MASTER_CLK (rise edge)             0.00       0.00
  clock network delay (ideal)              0.00       0.00
  clock uncertainty                        0.10       0.10
  output external delay                   -1.20      -1.10
  data required time                                 -1.10
  -----------------------------------------------------------
  data required time                                 -1.10
  data arrival time                                  -2.45
  -----------------------------------------------------------
  slack (MET)                                         3.55


  Startpoint: mode (input port clocked by MASTER_CLK)
  Endpoint: result[9] (output port clocked by MASTER_CLK)
  Path Group: INOUT
  Path Type: min

  Des/Clust/Port     Wire Load Model       Library
  ------------------------------------------------
  alu8_top           tsmc13_wl30           scmetro_tsmc_cl013g_rvt_ss_1p08v_125c

  Point                                    Incr       Path
  -----------------------------------------------------------
  clock MASTER_CLK (rise edge)             0.00       0.00
  clock network delay (ideal)              0.00       0.00
  input external delay                     1.20       1.20 f
  mode (in)                                0.12       1.32 f
  U24/Y (BUFX10M)                          0.48       1.80 f
  U25/Y (AND2X8M)                          0.65       2.45 f
  result[9] (out)                          0.00       2.45 f
  data arrival time                                   2.45

  clock MASTER_CLK (rise edge)             0.00       0.00
  clock network delay (ideal)              0.00       0.00
  clock uncertainty                        0.10       0.10
  output external delay                   -1.20      -1.10
  data required time                                 -1.10
  -----------------------------------------------------------
  data required time                                 -1.10
  data arrival time                                  -2.45
  -----------------------------------------------------------
  slack (MET)                                         3.55


  Startpoint: mode (input port clocked by MASTER_CLK)
  Endpoint: result[8] (output port clocked by MASTER_CLK)
  Path Group: INOUT
  Path Type: min

  Des/Clust/Port     Wire Load Model       Library
  ------------------------------------------------
  alu8_top           tsmc13_wl30           scmetro_tsmc_cl013g_rvt_ss_1p08v_125c

  Point                                    Incr       Path
  -----------------------------------------------------------
  clock MASTER_CLK (rise edge)             0.00       0.00
  clock network delay (ideal)              0.00       0.00
  input external delay                     1.20       1.20 f
  mode (in)                                0.12       1.32 f
  U24/Y (BUFX10M)                          0.48       1.80 f
  U4/Y (AO22X8M)                           0.67       2.47 f
  result[8] (out)                          0.00       2.47 f
  data arrival time                                   2.47

  clock MASTER_CLK (rise edge)             0.00       0.00
  clock network delay (ideal)              0.00       0.00
  clock uncertainty                        0.10       0.10
  output external delay                   -1.20      -1.10
  data required time                                 -1.10
  -----------------------------------------------------------
  data required time                                 -1.10
  data arrival time                                  -2.47
  -----------------------------------------------------------
  slack (MET)                                         3.57


  Startpoint: mode (input port clocked by MASTER_CLK)
  Endpoint: result[7] (output port clocked by MASTER_CLK)
  Path Group: INOUT
  Path Type: min

  Des/Clust/Port     Wire Load Model       Library
  ------------------------------------------------
  alu8_top           tsmc13_wl30           scmetro_tsmc_cl013g_rvt_ss_1p08v_125c

  Point                                    Incr       Path
  -----------------------------------------------------------
  clock MASTER_CLK (rise edge)             0.00       0.00
  clock network delay (ideal)              0.00       0.00
  input external delay                     1.20       1.20 f
  mode (in)                                0.12       1.32 f
  U24/Y (BUFX10M)                          0.48       1.80 f
  U5/Y (AO22X8M)                           0.67       2.47 f
  result[7] (out)                          0.00       2.47 f
  data arrival time                                   2.47

  clock MASTER_CLK (rise edge)             0.00       0.00
  clock network delay (ideal)              0.00       0.00
  clock uncertainty                        0.10       0.10
  output external delay                   -1.20      -1.10
  data required time                                 -1.10
  -----------------------------------------------------------
  data required time                                 -1.10
  data arrival time                                  -2.47
  -----------------------------------------------------------
  slack (MET)                                         3.57


  Startpoint: mode (input port clocked by MASTER_CLK)
  Endpoint: result[6] (output port clocked by MASTER_CLK)
  Path Group: INOUT
  Path Type: min

  Des/Clust/Port     Wire Load Model       Library
  ------------------------------------------------
  alu8_top           tsmc13_wl30           scmetro_tsmc_cl013g_rvt_ss_1p08v_125c

  Point                                    Incr       Path
  -----------------------------------------------------------
  clock MASTER_CLK (rise edge)             0.00       0.00
  clock network delay (ideal)              0.00       0.00
  input external delay                     1.20       1.20 f
  mode (in)                                0.12       1.32 f
  U24/Y (BUFX10M)                          0.48       1.80 f
  U6/Y (AO22X8M)                           0.67       2.47 f
  result[6] (out)                          0.00       2.47 f
  data arrival time                                   2.47

  clock MASTER_CLK (rise edge)             0.00       0.00
  clock network delay (ideal)              0.00       0.00
  clock uncertainty                        0.10       0.10
  output external delay                   -1.20      -1.10
  data required time                                 -1.10
  -----------------------------------------------------------
  data required time                                 -1.10
  data arrival time                                  -2.47
  -----------------------------------------------------------
  slack (MET)                                         3.57


  Startpoint: mode (input port clocked by MASTER_CLK)
  Endpoint: result[5] (output port clocked by MASTER_CLK)
  Path Group: INOUT
  Path Type: min

  Des/Clust/Port     Wire Load Model       Library
  ------------------------------------------------
  alu8_top           tsmc13_wl30           scmetro_tsmc_cl013g_rvt_ss_1p08v_125c

  Point                                    Incr       Path
  -----------------------------------------------------------
  clock MASTER_CLK (rise edge)             0.00       0.00
  clock network delay (ideal)              0.00       0.00
  input external delay                     1.20       1.20 f
  mode (in)                                0.12       1.32 f
  U24/Y (BUFX10M)                          0.48       1.80 f
  U7/Y (AO22X8M)                           0.67       2.47 f
  result[5] (out)                          0.00       2.47 f
  data arrival time                                   2.47

  clock MASTER_CLK (rise edge)             0.00       0.00
  clock network delay (ideal)              0.00       0.00
  clock uncertainty                        0.10       0.10
  output external delay                   -1.20      -1.10
  data required time                                 -1.10
  -----------------------------------------------------------
  data required time                                 -1.10
  data arrival time                                  -2.47
  -----------------------------------------------------------
  slack (MET)                                         3.57


  Startpoint: mode (input port clocked by MASTER_CLK)
  Endpoint: result[4] (output port clocked by MASTER_CLK)
  Path Group: INOUT
  Path Type: min

  Des/Clust/Port     Wire Load Model       Library
  ------------------------------------------------
  alu8_top           tsmc13_wl30           scmetro_tsmc_cl013g_rvt_ss_1p08v_125c

  Point                                    Incr       Path
  -----------------------------------------------------------
  clock MASTER_CLK (rise edge)             0.00       0.00
  clock network delay (ideal)              0.00       0.00
  input external delay                     1.20       1.20 f
  mode (in)                                0.12       1.32 f
  U24/Y (BUFX10M)                          0.48       1.80 f
  U8/Y (AO22X8M)                           0.67       2.47 f
  result[4] (out)                          0.00       2.47 f
  data arrival time                                   2.47

  clock MASTER_CLK (rise edge)             0.00       0.00
  clock network delay (ideal)              0.00       0.00
  clock uncertainty                        0.10       0.10
  output external delay                   -1.20      -1.10
  data required time                                 -1.10
  -----------------------------------------------------------
  data required time                                 -1.10
  data arrival time                                  -2.47
  -----------------------------------------------------------
  slack (MET)                                         3.57


  Startpoint: mode (input port clocked by MASTER_CLK)
  Endpoint: result[3] (output port clocked by MASTER_CLK)
  Path Group: INOUT
  Path Type: min

  Des/Clust/Port     Wire Load Model       Library
  ------------------------------------------------
  alu8_top           tsmc13_wl30           scmetro_tsmc_cl013g_rvt_ss_1p08v_125c

  Point                                    Incr       Path
  -----------------------------------------------------------
  clock MASTER_CLK (rise edge)             0.00       0.00
  clock network delay (ideal)              0.00       0.00
  input external delay                     1.20       1.20 f
  mode (in)                                0.12       1.32 f
  U24/Y (BUFX10M)                          0.48       1.80 f
  U9/Y (AO22X8M)                           0.67       2.47 f
  result[3] (out)                          0.00       2.47 f
  data arrival time                                   2.47

  clock MASTER_CLK (rise edge)             0.00       0.00
  clock network delay (ideal)              0.00       0.00
  clock uncertainty                        0.10       0.10
  output external delay                   -1.20      -1.10
  data required time                                 -1.10
  -----------------------------------------------------------
  data required time                                 -1.10
  data arrival time                                  -2.47
  -----------------------------------------------------------
  slack (MET)                                         3.57


  Startpoint: mode (input port clocked by MASTER_CLK)
  Endpoint: result[2] (output port clocked by MASTER_CLK)
  Path Group: INOUT
  Path Type: min

  Des/Clust/Port     Wire Load Model       Library
  ------------------------------------------------
  alu8_top           tsmc13_wl30           scmetro_tsmc_cl013g_rvt_ss_1p08v_125c

  Point                                    Incr       Path
  -----------------------------------------------------------
  clock MASTER_CLK (rise edge)             0.00       0.00
  clock network delay (ideal)              0.00       0.00
  input external delay                     1.20       1.20 f
  mode (in)                                0.12       1.32 f
  U24/Y (BUFX10M)                          0.48       1.80 f
  U10/Y (AO22X8M)                          0.67       2.47 f
  result[2] (out)                          0.00       2.47 f
  data arrival time                                   2.47

  clock MASTER_CLK (rise edge)             0.00       0.00
  clock network delay (ideal)              0.00       0.00
  clock uncertainty                        0.10       0.10
  output external delay                   -1.20      -1.10
  data required time                                 -1.10
  -----------------------------------------------------------
  data required time                                 -1.10
  data arrival time                                  -2.47
  -----------------------------------------------------------
  slack (MET)                                         3.57


  Startpoint: mode (input port clocked by MASTER_CLK)
  Endpoint: result[1] (output port clocked by MASTER_CLK)
  Path Group: INOUT
  Path Type: min

  Des/Clust/Port     Wire Load Model       Library
  ------------------------------------------------
  alu8_top           tsmc13_wl30           scmetro_tsmc_cl013g_rvt_ss_1p08v_125c

  Point                                    Incr       Path
  -----------------------------------------------------------
  clock MASTER_CLK (rise edge)             0.00       0.00
  clock network delay (ideal)              0.00       0.00
  input external delay                     1.20       1.20 f
  mode (in)                                0.12       1.32 f
  U24/Y (BUFX10M)                          0.48       1.80 f
  U11/Y (AO22X8M)                          0.67       2.47 f
  result[1] (out)                          0.00       2.47 f
  data arrival time                                   2.47

  clock MASTER_CLK (rise edge)             0.00       0.00
  clock network delay (ideal)              0.00       0.00
  clock uncertainty                        0.10       0.10
  output external delay                   -1.20      -1.10
  data required time                                 -1.10
  -----------------------------------------------------------
  data required time                                 -1.10
  data arrival time                                  -2.47
  -----------------------------------------------------------
  slack (MET)                                         3.57


  Startpoint: mode (input port clocked by MASTER_CLK)
  Endpoint: result[0] (output port clocked by MASTER_CLK)
  Path Group: INOUT
  Path Type: min

  Des/Clust/Port     Wire Load Model       Library
  ------------------------------------------------
  alu8_top           tsmc13_wl30           scmetro_tsmc_cl013g_rvt_ss_1p08v_125c

  Point                                    Incr       Path
  -----------------------------------------------------------
  clock MASTER_CLK (rise edge)             0.00       0.00
  clock network delay (ideal)              0.00       0.00
  input external delay                     1.20       1.20 f
  mode (in)                                0.12       1.32 f
  U24/Y (BUFX10M)                          0.48       1.80 f
  U18/Y (AO22X8M)                          0.67       2.47 f
  result[0] (out)                          0.00       2.47 f
  data arrival time                                   2.47

  clock MASTER_CLK (rise edge)             0.00       0.00
  clock network delay (ideal)              0.00       0.00
  clock uncertainty                        0.10       0.10
  output external delay                   -1.20      -1.10
  data required time                                 -1.10
  -----------------------------------------------------------
  data required time                                 -1.10
  data arrival time                                  -2.47
  -----------------------------------------------------------
  slack (MET)                                         3.57


  Startpoint: mode (input port clocked by MASTER_CLK)
  Endpoint: valid (output port clocked by MASTER_CLK)
  Path Group: INOUT
  Path Type: min

  Des/Clust/Port     Wire Load Model       Library
  ------------------------------------------------
  alu8_top           tsmc13_wl30           scmetro_tsmc_cl013g_rvt_ss_1p08v_125c

  Point                                    Incr       Path
  -----------------------------------------------------------
  clock MASTER_CLK (rise edge)             0.00       0.00
  clock network delay (ideal)              0.00       0.00
  input external delay                     1.20       1.20 f
  mode (in)                                0.12       1.32 f
  U24/Y (BUFX10M)                          0.48       1.80 f
  U2/Y (AO22X8M)                           0.67       2.47 f
  valid (out)                              0.00       2.47 f
  data arrival time                                   2.47

  clock MASTER_CLK (rise edge)             0.00       0.00
  clock network delay (ideal)              0.00       0.00
  clock uncertainty                        0.10       0.10
  output external delay                   -1.20      -1.10
  data required time                                 -1.10
  -----------------------------------------------------------
  data required time                                 -1.10
  data arrival time                                  -2.47
  -----------------------------------------------------------
  slack (MET)                                         3.57


  Startpoint: add_en (input port clocked by MASTER_CLK)
  Endpoint: u_add/en_reg_reg
            (rising edge-triggered flip-flop clocked by MASTER_CLK)
  Path Group: INREG
  Path Type: min

  Des/Clust/Port     Wire Load Model       Library
  ------------------------------------------------
  alu8_top           tsmc13_wl30           scmetro_tsmc_cl013g_rvt_ss_1p08v_125c

  Point                                    Incr       Path
  -----------------------------------------------------------
  clock MASTER_CLK (rise edge)             0.00       0.00
  clock network delay (ideal)              0.00       0.00
  input external delay                     1.20       1.20 f
  add_en (in)                              0.10       1.30 f
  u_add/en (add_unit)                      0.00       1.30 f
  u_add/en_reg_reg/D (DFFRQX2M)            0.00       1.30 f
  data arrival time                                   1.30

  clock MASTER_CLK (rise edge)             0.00       0.00
  clock network delay (ideal)              0.00       0.00
  clock uncertainty                        0.10       0.10
  u_add/en_reg_reg/CK (DFFRQX2M)           0.00       0.10 r
  library hold time                       -0.04       0.06
  data required time                                  0.06
  -----------------------------------------------------------
  data required time                                  0.06
  data arrival time                                  -1.30
  -----------------------------------------------------------
  slack (MET)                                         1.24


  Startpoint: mul_en (input port clocked by MASTER_CLK)
  Endpoint: u_mul/en_reg_reg
            (rising edge-triggered flip-flop clocked by MASTER_CLK)
  Path Group: INREG
  Path Type: min

  Des/Clust/Port     Wire Load Model       Library
  ------------------------------------------------
  alu8_top           tsmc13_wl30           scmetro_tsmc_cl013g_rvt_ss_1p08v_125c

  Point                                    Incr       Path
  -----------------------------------------------------------
  clock MASTER_CLK (rise edge)             0.00       0.00
  clock network delay (ideal)              0.00       0.00
  input external delay                     1.20       1.20 f
  mul_en (in)                              0.10       1.30 f
  u_mul/en (mult_unit)                     0.00       1.30 f
  u_mul/en_reg_reg/D (DFFRQX2M)            0.00       1.30 f
  data arrival time                                   1.30

  clock MASTER_CLK (rise edge)             0.00       0.00
  clock network delay (ideal)              0.00       0.00
  clock uncertainty                        0.10       0.10
  u_mul/en_reg_reg/CK (DFFRQX2M)           0.00       0.10 r
  library hold time                       -0.04       0.06
  data required time                                  0.06
  -----------------------------------------------------------
  data required time                                  0.06
  data arrival time                                  -1.30
  -----------------------------------------------------------
  slack (MET)                                         1.24


  Startpoint: b[6] (input port clocked by MASTER_CLK)
  Endpoint: u_mul/b_reg_reg[6]
            (rising edge-triggered flip-flop clocked by MASTER_CLK)
  Path Group: INREG
  Path Type: min

  Des/Clust/Port     Wire Load Model       Library
  ------------------------------------------------
  alu8_top           tsmc13_wl30           scmetro_tsmc_cl013g_rvt_ss_1p08v_125c

  Point                                    Incr       Path
  -----------------------------------------------------------
  clock MASTER_CLK (rise edge)             0.00       0.00
  clock network delay (ideal)              0.00       0.00
  input external delay                     1.20       1.20 f
  b[6] (in)                                0.19       1.39 f
  u_mul/b[6] (mult_unit)                   0.00       1.39 f
  u_mul/b_reg_reg[6]/D (DFFRX1M)           0.00       1.39 f
  data arrival time                                   1.39

  clock MASTER_CLK (rise edge)             0.00       0.00
  clock network delay (ideal)              0.00       0.00
  clock uncertainty                        0.10       0.10
  u_mul/b_reg_reg[6]/CK (DFFRX1M)          0.00       0.10 r
  library hold time                       -0.06       0.04
  data required time                                  0.04
  -----------------------------------------------------------
  data required time                                  0.04
  data arrival time                                  -1.39
  -----------------------------------------------------------
  slack (MET)                                         1.36


  Startpoint: b[5] (input port clocked by MASTER_CLK)
  Endpoint: u_mul/b_reg_reg[5]
            (rising edge-triggered flip-flop clocked by MASTER_CLK)
  Path Group: INREG
  Path Type: min

  Des/Clust/Port     Wire Load Model       Library
  ------------------------------------------------
  alu8_top           tsmc13_wl30           scmetro_tsmc_cl013g_rvt_ss_1p08v_125c

  Point                                    Incr       Path
  -----------------------------------------------------------
  clock MASTER_CLK (rise edge)             0.00       0.00
  clock network delay (ideal)              0.00       0.00
  input external delay                     1.20       1.20 f
  b[5] (in)                                0.19       1.39 f
  u_mul/b[5] (mult_unit)                   0.00       1.39 f
  u_mul/b_reg_reg[5]/D (DFFRX1M)           0.00       1.39 f
  data arrival time                                   1.39

  clock MASTER_CLK (rise edge)             0.00       0.00
  clock network delay (ideal)              0.00       0.00
  clock uncertainty                        0.10       0.10
  u_mul/b_reg_reg[5]/CK (DFFRX1M)          0.00       0.10 r
  library hold time                       -0.06       0.04
  data required time                                  0.04
  -----------------------------------------------------------
  data required time                                  0.04
  data arrival time                                  -1.39
  -----------------------------------------------------------
  slack (MET)                                         1.36


  Startpoint: b[4] (input port clocked by MASTER_CLK)
  Endpoint: u_mul/b_reg_reg[4]
            (rising edge-triggered flip-flop clocked by MASTER_CLK)
  Path Group: INREG
  Path Type: min

  Des/Clust/Port     Wire Load Model       Library
  ------------------------------------------------
  alu8_top           tsmc13_wl30           scmetro_tsmc_cl013g_rvt_ss_1p08v_125c

  Point                                    Incr       Path
  -----------------------------------------------------------
  clock MASTER_CLK (rise edge)             0.00       0.00
  clock network delay (ideal)              0.00       0.00
  input external delay                     1.20       1.20 f
  b[4] (in)                                0.19       1.39 f
  u_mul/b[4] (mult_unit)                   0.00       1.39 f
  u_mul/b_reg_reg[4]/D (DFFRX1M)           0.00       1.39 f
  data arrival time                                   1.39

  clock MASTER_CLK (rise edge)             0.00       0.00
  clock network delay (ideal)              0.00       0.00
  clock uncertainty                        0.10       0.10
  u_mul/b_reg_reg[4]/CK (DFFRX1M)          0.00       0.10 r
  library hold time                       -0.06       0.04
  data required time                                  0.04
  -----------------------------------------------------------
  data required time                                  0.04
  data arrival time                                  -1.39
  -----------------------------------------------------------
  slack (MET)                                         1.36


  Startpoint: a[6] (input port clocked by MASTER_CLK)
  Endpoint: u_mul/a_reg_reg[6]
            (rising edge-triggered flip-flop clocked by MASTER_CLK)
  Path Group: INREG
  Path Type: min

  Des/Clust/Port     Wire Load Model       Library
  ------------------------------------------------
  alu8_top           tsmc13_wl30           scmetro_tsmc_cl013g_rvt_ss_1p08v_125c

  Point                                    Incr       Path
  -----------------------------------------------------------
  clock MASTER_CLK (rise edge)             0.00       0.00
  clock network delay (ideal)              0.00       0.00
  input external delay                     1.20       1.20 f
  a[6] (in)                                0.19       1.39 f
  u_mul/a[6] (mult_unit)                   0.00       1.39 f
  u_mul/a_reg_reg[6]/D (DFFRX1M)           0.00       1.39 f
  data arrival time                                   1.39

  clock MASTER_CLK (rise edge)             0.00       0.00
  clock network delay (ideal)              0.00       0.00
  clock uncertainty                        0.10       0.10
  u_mul/a_reg_reg[6]/CK (DFFRX1M)          0.00       0.10 r
  library hold time                       -0.06       0.04
  data required time                                  0.04
  -----------------------------------------------------------
  data required time                                  0.04
  data arrival time                                  -1.39
  -----------------------------------------------------------
  slack (MET)                                         1.36


  Startpoint: a[5] (input port clocked by MASTER_CLK)
  Endpoint: u_mul/a_reg_reg[5]
            (rising edge-triggered flip-flop clocked by MASTER_CLK)
  Path Group: INREG
  Path Type: min

  Des/Clust/Port     Wire Load Model       Library
  ------------------------------------------------
  alu8_top           tsmc13_wl30           scmetro_tsmc_cl013g_rvt_ss_1p08v_125c

  Point                                    Incr       Path
  -----------------------------------------------------------
  clock MASTER_CLK (rise edge)             0.00       0.00
  clock network delay (ideal)              0.00       0.00
  input external delay                     1.20       1.20 f
  a[5] (in)                                0.19       1.39 f
  u_mul/a[5] (mult_unit)                   0.00       1.39 f
  u_mul/a_reg_reg[5]/D (DFFRX1M)           0.00       1.39 f
  data arrival time                                   1.39

  clock MASTER_CLK (rise edge)             0.00       0.00
  clock network delay (ideal)              0.00       0.00
  clock uncertainty                        0.10       0.10
  u_mul/a_reg_reg[5]/CK (DFFRX1M)          0.00       0.10 r
  library hold time                       -0.06       0.04
  data required time                                  0.04
  -----------------------------------------------------------
  data required time                                  0.04
  data arrival time                                  -1.39
  -----------------------------------------------------------
  slack (MET)                                         1.36


  Startpoint: b[2] (input port clocked by MASTER_CLK)
  Endpoint: u_mul/b_reg_reg[2]
            (rising edge-triggered flip-flop clocked by MASTER_CLK)
  Path Group: INREG
  Path Type: min

  Des/Clust/Port     Wire Load Model       Library
  ------------------------------------------------
  alu8_top           tsmc13_wl30           scmetro_tsmc_cl013g_rvt_ss_1p08v_125c

  Point                                    Incr       Path
  -----------------------------------------------------------
  clock MASTER_CLK (rise edge)             0.00       0.00
  clock network delay (ideal)              0.00       0.00
  input external delay                     1.20       1.20 f
  b[2] (in)                                0.19       1.39 f
  u_mul/b[2] (mult_unit)                   0.00       1.39 f
  u_mul/b_reg_reg[2]/D (DFFRX2M)           0.00       1.39 f
  data arrival time                                   1.39

  clock MASTER_CLK (rise edge)             0.00       0.00
  clock network delay (ideal)              0.00       0.00
  clock uncertainty                        0.10       0.10
  u_mul/b_reg_reg[2]/CK (DFFRX2M)          0.00       0.10 r
  library hold time                       -0.06       0.04
  data required time                                  0.04
  -----------------------------------------------------------
  data required time                                  0.04
  data arrival time                                  -1.39
  -----------------------------------------------------------
  slack (MET)                                         1.36


  Startpoint: b[3] (input port clocked by MASTER_CLK)
  Endpoint: u_mul/b_reg_reg[3]
            (rising edge-triggered flip-flop clocked by MASTER_CLK)
  Path Group: INREG
  Path Type: min

  Des/Clust/Port     Wire Load Model       Library
  ------------------------------------------------
  alu8_top           tsmc13_wl30           scmetro_tsmc_cl013g_rvt_ss_1p08v_125c

  Point                                    Incr       Path
  -----------------------------------------------------------
  clock MASTER_CLK (rise edge)             0.00       0.00
  clock network delay (ideal)              0.00       0.00
  input external delay                     1.20       1.20 f
  b[3] (in)                                0.19       1.39 f
  u_mul/b[3] (mult_unit)                   0.00       1.39 f
  u_mul/b_reg_reg[3]/D (DFFRX4M)           0.00       1.39 f
  data arrival time                                   1.39

  clock MASTER_CLK (rise edge)             0.00       0.00
  clock network delay (ideal)              0.00       0.00
  clock uncertainty                        0.10       0.10
  u_mul/b_reg_reg[3]/CK (DFFRX4M)          0.00       0.10 r
  library hold time                       -0.06       0.04
  data required time                                  0.04
  -----------------------------------------------------------
  data required time                                  0.04
  data arrival time                                  -1.39
  -----------------------------------------------------------
  slack (MET)                                         1.36


  Startpoint: a[4] (input port clocked by MASTER_CLK)
  Endpoint: u_mul/a_reg_reg[4]
            (rising edge-triggered flip-flop clocked by MASTER_CLK)
  Path Group: INREG
  Path Type: min

  Des/Clust/Port     Wire Load Model       Library
  ------------------------------------------------
  alu8_top           tsmc13_wl30           scmetro_tsmc_cl013g_rvt_ss_1p08v_125c

  Point                                    Incr       Path
  -----------------------------------------------------------
  clock MASTER_CLK (rise edge)             0.00       0.00
  clock network delay (ideal)              0.00       0.00
  input external delay                     1.20       1.20 f
  a[4] (in)                                0.19       1.39 f
  u_mul/a[4] (mult_unit)                   0.00       1.39 f
  u_mul/a_reg_reg[4]/D (DFFRX2M)           0.00       1.39 f
  data arrival time                                   1.39

  clock MASTER_CLK (rise edge)             0.00       0.00
  clock network delay (ideal)              0.00       0.00
  clock uncertainty                        0.10       0.10
  u_mul/a_reg_reg[4]/CK (DFFRX2M)          0.00       0.10 r
  library hold time                       -0.06       0.04
  data required time                                  0.04
  -----------------------------------------------------------
  data required time                                  0.04
  data arrival time                                  -1.39
  -----------------------------------------------------------
  slack (MET)                                         1.36


  Startpoint: a[3] (input port clocked by MASTER_CLK)
  Endpoint: u_mul/a_reg_reg[3]
            (rising edge-triggered flip-flop clocked by MASTER_CLK)
  Path Group: INREG
  Path Type: min

  Des/Clust/Port     Wire Load Model       Library
  ------------------------------------------------
  alu8_top           tsmc13_wl30           scmetro_tsmc_cl013g_rvt_ss_1p08v_125c

  Point                                    Incr       Path
  -----------------------------------------------------------
  clock MASTER_CLK (rise edge)             0.00       0.00
  clock network delay (ideal)              0.00       0.00
  input external delay                     1.20       1.20 f
  a[3] (in)                                0.19       1.39 f
  u_mul/a[3] (mult_unit)                   0.00       1.39 f
  u_mul/a_reg_reg[3]/D (DFFRX2M)           0.00       1.39 f
  data arrival time                                   1.39

  clock MASTER_CLK (rise edge)             0.00       0.00
  clock network delay (ideal)              0.00       0.00
  clock uncertainty                        0.10       0.10
  u_mul/a_reg_reg[3]/CK (DFFRX2M)          0.00       0.10 r
  library hold time                       -0.06       0.04
  data required time                                  0.04
  -----------------------------------------------------------
  data required time                                  0.04
  data arrival time                                  -1.39
  -----------------------------------------------------------
  slack (MET)                                         1.36


  Startpoint: a[2] (input port clocked by MASTER_CLK)
  Endpoint: u_mul/a_reg_reg[2]
            (rising edge-triggered flip-flop clocked by MASTER_CLK)
  Path Group: INREG
  Path Type: min

  Des/Clust/Port     Wire Load Model       Library
  ------------------------------------------------
  alu8_top           tsmc13_wl30           scmetro_tsmc_cl013g_rvt_ss_1p08v_125c

  Point                                    Incr       Path
  -----------------------------------------------------------
  clock MASTER_CLK (rise edge)             0.00       0.00
  clock network delay (ideal)              0.00       0.00
  input external delay                     1.20       1.20 f
  a[2] (in)                                0.19       1.39 f
  u_mul/a[2] (mult_unit)                   0.00       1.39 f
  u_mul/a_reg_reg[2]/D (DFFRX4M)           0.00       1.39 f
  data arrival time                                   1.39

  clock MASTER_CLK (rise edge)             0.00       0.00
  clock network delay (ideal)              0.00       0.00
  clock uncertainty                        0.10       0.10
  u_mul/a_reg_reg[2]/CK (DFFRX4M)          0.00       0.10 r
  library hold time                       -0.06       0.04
  data required time                                  0.04
  -----------------------------------------------------------
  data required time                                  0.04
  data arrival time                                  -1.39
  -----------------------------------------------------------
  slack (MET)                                         1.36


  Startpoint: a[7] (input port clocked by MASTER_CLK)
  Endpoint: u_mul/a_reg_reg[7]
            (rising edge-triggered flip-flop clocked by MASTER_CLK)
  Path Group: INREG
  Path Type: min

  Des/Clust/Port     Wire Load Model       Library
  ------------------------------------------------
  alu8_top           tsmc13_wl30           scmetro_tsmc_cl013g_rvt_ss_1p08v_125c

  Point                                    Incr       Path
  -----------------------------------------------------------
  clock MASTER_CLK (rise edge)             0.00       0.00
  clock network delay (ideal)              0.00       0.00
  input external delay                     1.20       1.20 f
  a[7] (in)                                0.22       1.42 f
  u_mul/a[7] (mult_unit)                   0.00       1.42 f
  u_mul/a_reg_reg[7]/D (DFFRX1M)           0.00       1.42 f
  data arrival time                                   1.42

  clock MASTER_CLK (rise edge)             0.00       0.00
  clock network delay (ideal)              0.00       0.00
  clock uncertainty                        0.10       0.10
  u_mul/a_reg_reg[7]/CK (DFFRX1M)          0.00       0.10 r
  library hold time                       -0.07       0.03
  data required time                                  0.03
  -----------------------------------------------------------
  data required time                                  0.03
  data arrival time                                  -1.42
  -----------------------------------------------------------
  slack (MET)                                         1.39


  Startpoint: b[1] (input port clocked by MASTER_CLK)
  Endpoint: u_mul/b_reg_reg[1]
            (rising edge-triggered flip-flop clocked by MASTER_CLK)
  Path Group: INREG
  Path Type: min

  Des/Clust/Port     Wire Load Model       Library
  ------------------------------------------------
  alu8_top           tsmc13_wl30           scmetro_tsmc_cl013g_rvt_ss_1p08v_125c

  Point                                    Incr       Path
  -----------------------------------------------------------
  clock MASTER_CLK (rise edge)             0.00       0.00
  clock network delay (ideal)              0.00       0.00
  input external delay                     1.20       1.20 f
  b[1] (in)                                0.23       1.43 f
  u_mul/b[1] (mult_unit)                   0.00       1.43 f
  u_mul/b_reg_reg[1]/D (DFFRQX2M)          0.00       1.43 f
  data arrival time                                   1.43

  clock MASTER_CLK (rise edge)             0.00       0.00
  clock network delay (ideal)              0.00       0.00
  clock uncertainty                        0.10       0.10
  u_mul/b_reg_reg[1]/CK (DFFRQX2M)         0.00       0.10 r
  library hold time                       -0.08       0.02
  data required time                                  0.02
  -----------------------------------------------------------
  data required time                                  0.02
  data arrival time                                  -1.43
  -----------------------------------------------------------
  slack (MET)                                         1.41


  Startpoint: b[7] (input port clocked by MASTER_CLK)
  Endpoint: u_mul/b_reg_reg[7]
            (rising edge-triggered flip-flop clocked by MASTER_CLK)
  Path Group: INREG
  Path Type: min

  Des/Clust/Port     Wire Load Model       Library
  ------------------------------------------------
  alu8_top           tsmc13_wl30           scmetro_tsmc_cl013g_rvt_ss_1p08v_125c

  Point                                    Incr       Path
  -----------------------------------------------------------
  clock MASTER_CLK (rise edge)             0.00       0.00
  clock network delay (ideal)              0.00       0.00
  input external delay                     1.20       1.20 f
  b[7] (in)                                0.24       1.44 f
  u_mul/b[7] (mult_unit)                   0.00       1.44 f
  u_mul/b_reg_reg[7]/D (DFFRX1M)           0.00       1.44 f
  data arrival time                                   1.44

  clock MASTER_CLK (rise edge)             0.00       0.00
  clock network delay (ideal)              0.00       0.00
  clock uncertainty                        0.10       0.10
  u_mul/b_reg_reg[7]/CK (DFFRX1M)          0.00       0.10 r
  library hold time                       -0.07       0.03
  data required time                                  0.03
  -----------------------------------------------------------
  data required time                                  0.03
  data arrival time                                  -1.44
  -----------------------------------------------------------
  slack (MET)                                         1.42


  Startpoint: a[1] (input port clocked by MASTER_CLK)
  Endpoint: u_mul/a_reg_reg[1]
            (rising edge-triggered flip-flop clocked by MASTER_CLK)
  Path Group: INREG
  Path Type: min

  Des/Clust/Port     Wire Load Model       Library
  ------------------------------------------------
  alu8_top           tsmc13_wl30           scmetro_tsmc_cl013g_rvt_ss_1p08v_125c

  Point                                    Incr       Path
  -----------------------------------------------------------
  clock MASTER_CLK (rise edge)             0.00       0.00
  clock network delay (ideal)              0.00       0.00
  input external delay                     1.20       1.20 f
  a[1] (in)                                0.25       1.45 f
  u_mul/a[1] (mult_unit)                   0.00       1.45 f
  u_mul/a_reg_reg[1]/D (DFFRX4M)           0.00       1.45 f
  data arrival time                                   1.45

  clock MASTER_CLK (rise edge)             0.00       0.00
  clock network delay (ideal)              0.00       0.00
  clock uncertainty                        0.10       0.10
  u_mul/a_reg_reg[1]/CK (DFFRX4M)          0.00       0.10 r
  library hold time                       -0.08       0.02
  data required time                                  0.02
  -----------------------------------------------------------
  data required time                                  0.02
  data arrival time                                  -1.45
  -----------------------------------------------------------
  slack (MET)                                         1.43


  Startpoint: b[0] (input port clocked by MASTER_CLK)
  Endpoint: u_mul/b_reg_reg[0]
            (rising edge-triggered flip-flop clocked by MASTER_CLK)
  Path Group: INREG
  Path Type: min

  Des/Clust/Port     Wire Load Model       Library
  ------------------------------------------------
  alu8_top           tsmc13_wl30           scmetro_tsmc_cl013g_rvt_ss_1p08v_125c

  Point                                    Incr       Path
  -----------------------------------------------------------
  clock MASTER_CLK (rise edge)             0.00       0.00
  clock network delay (ideal)              0.00       0.00
  input external delay                     1.20       1.20 f
  b[0] (in)                                0.14       1.34 f
  U21/Y (BUFX20M)                          0.19       1.52 f
  u_mul/b[0] (mult_unit)                   0.00       1.52 f
  u_mul/b_reg_reg[0]/D (DFFRQX4M)          0.00       1.52 f
  data arrival time                                   1.52

  clock MASTER_CLK (rise edge)             0.00       0.00
  clock network delay (ideal)              0.00       0.00
  clock uncertainty                        0.10       0.10
  u_mul/b_reg_reg[0]/CK (DFFRQX4M)         0.00       0.10 r
  library hold time                       -0.02       0.08
  data required time                                  0.08
  -----------------------------------------------------------
  data required time                                  0.08
  data arrival time                                  -1.52
  -----------------------------------------------------------
  slack (MET)                                         1.44


  Startpoint: a[0] (input port clocked by MASTER_CLK)
  Endpoint: u_mul/a_reg_reg[0]
            (rising edge-triggered flip-flop clocked by MASTER_CLK)
  Path Group: INREG
  Path Type: min

  Des/Clust/Port     Wire Load Model       Library
  ------------------------------------------------
  alu8_top           tsmc13_wl30           scmetro_tsmc_cl013g_rvt_ss_1p08v_125c

  Point                                    Incr       Path
  -----------------------------------------------------------
  clock MASTER_CLK (rise edge)             0.00       0.00
  clock network delay (ideal)              0.00       0.00
  input external delay                     1.20       1.20 f
  a[0] (in)                                0.14       1.34 f
  U20/Y (BUFX20M)                          0.19       1.52 f
  u_mul/a[0] (mult_unit)                   0.00       1.52 f
  u_mul/a_reg_reg[0]/D (DFFRX2M)           0.00       1.52 f
  data arrival time                                   1.52

  clock MASTER_CLK (rise edge)             0.00       0.00
  clock network delay (ideal)              0.00       0.00
  clock uncertainty                        0.10       0.10
  u_mul/a_reg_reg[0]/CK (DFFRX2M)          0.00       0.10 r
  library hold time                       -0.02       0.08
  data required time                                  0.08
  -----------------------------------------------------------
  data required time                                  0.08
  data arrival time                                  -1.52
  -----------------------------------------------------------
  slack (MET)                                         1.44


  Startpoint: b[1] (input port clocked by MASTER_CLK)
  Endpoint: u_add/sum_reg[1]
            (rising edge-triggered flip-flop clocked by MASTER_CLK)
  Path Group: INREG
  Path Type: min

  Des/Clust/Port     Wire Load Model       Library
  ------------------------------------------------
  alu8_top           tsmc13_wl30           scmetro_tsmc_cl013g_rvt_ss_1p08v_125c

  Point                                                   Incr       Path
  --------------------------------------------------------------------------
  clock MASTER_CLK (rise edge)                            0.00       0.00
  clock network delay (ideal)                             0.00       0.00
  input external delay                                    1.20       1.20 f
  b[1] (in)                                               0.23       1.43 f
  u_add/b[1] (add_unit)                                   0.00       1.43 f
  u_add/add_34/B[1] (add_unit_DW01_add_0)                 0.00       1.43 f
  u_add/add_34/U1_1/S (ADDFHX8M)                          0.38       1.81 f
  u_add/add_34/SUM[1] (add_unit_DW01_add_0)               0.00       1.81 f
  u_add/U14/Y (AO22X1M)                                   0.50       2.31 f
  u_add/sum_reg[1]/D (DFFRQX2M)                           0.00       2.31 f
  data arrival time                                                  2.31

  clock MASTER_CLK (rise edge)                            0.00       0.00
  clock network delay (ideal)                             0.00       0.00
  clock uncertainty                                       0.10       0.10
  u_add/sum_reg[1]/CK (DFFRQX2M)                          0.00       0.10 r
  library hold time                                      -0.07       0.03
  data required time                                                 0.03
  --------------------------------------------------------------------------
  data required time                                                 0.03
  data arrival time                                                 -2.31
  --------------------------------------------------------------------------
  slack (MET)                                                        2.28


  Startpoint: b[7] (input port clocked by MASTER_CLK)
  Endpoint: u_add/cout_reg
            (rising edge-triggered flip-flop clocked by MASTER_CLK)
  Path Group: INREG
  Path Type: min

  Des/Clust/Port     Wire Load Model       Library
  ------------------------------------------------
  alu8_top           tsmc13_wl30           scmetro_tsmc_cl013g_rvt_ss_1p08v_125c

  Point                                                   Incr       Path
  --------------------------------------------------------------------------
  clock MASTER_CLK (rise edge)                            0.00       0.00
  clock network delay (ideal)                             0.00       0.00
  input external delay                                    1.20       1.20 f
  b[7] (in)                                               0.24       1.44 f
  u_add/b[7] (add_unit)                                   0.00       1.44 f
  u_add/add_34/B[7] (add_unit_DW01_add_0)                 0.00       1.44 f
  u_add/add_34/U1_7/CO (ADDFHX4M)                         0.41       1.85 f
  u_add/add_34/SUM[8] (add_unit_DW01_add_0)               0.00       1.85 f
  u_add/U3/Y (NAND2X2M)                                   0.23       2.09 r
  u_add/U5/Y (NAND2X2M)                                   0.25       2.33 f
  u_add/cout_reg/D (DFFRQX2M)                             0.00       2.33 f
  data arrival time                                                  2.33

  clock MASTER_CLK (rise edge)                            0.00       0.00
  clock network delay (ideal)                             0.00       0.00
  clock uncertainty                                       0.10       0.10
  u_add/cout_reg/CK (DFFRQX2M)                            0.00       0.10 r
  library hold time                                      -0.06       0.04
  data required time                                                 0.04
  --------------------------------------------------------------------------
  data required time                                                 0.04
  data arrival time                                                 -2.33
  --------------------------------------------------------------------------
  slack (MET)                                                        2.29


  Startpoint: b[7] (input port clocked by MASTER_CLK)
  Endpoint: u_add/sum_reg[7]
            (rising edge-triggered flip-flop clocked by MASTER_CLK)
  Path Group: INREG
  Path Type: min

  Des/Clust/Port     Wire Load Model       Library
  ------------------------------------------------
  alu8_top           tsmc13_wl30           scmetro_tsmc_cl013g_rvt_ss_1p08v_125c

  Point                                                   Incr       Path
  --------------------------------------------------------------------------
  clock MASTER_CLK (rise edge)                            0.00       0.00
  clock network delay (ideal)                             0.00       0.00
  input external delay                                    1.20       1.20 f
  b[7] (in)                                               0.24       1.44 f
  u_add/b[7] (add_unit)                                   0.00       1.44 f
  u_add/add_34/B[7] (add_unit_DW01_add_0)                 0.00       1.44 f
  u_add/add_34/U1_7/S (ADDFHX4M)                          0.41       1.85 f
  u_add/add_34/SUM[7] (add_unit_DW01_add_0)               0.00       1.85 f
  u_add/U9/Y (NAND2X2M)                                   0.24       2.09 r
  u_add/U10/Y (NAND2X2M)                                  0.25       2.34 f
  u_add/sum_reg[7]/D (DFFRQX2M)                           0.00       2.34 f
  data arrival time                                                  2.34

  clock MASTER_CLK (rise edge)                            0.00       0.00
  clock network delay (ideal)                             0.00       0.00
  clock uncertainty                                       0.10       0.10
  u_add/sum_reg[7]/CK (DFFRQX2M)                          0.00       0.10 r
  library hold time                                      -0.06       0.04
  data required time                                                 0.04
  --------------------------------------------------------------------------
  data required time                                                 0.04
  data arrival time                                                 -2.34
  --------------------------------------------------------------------------
  slack (MET)                                                        2.30


  Startpoint: b[0] (input port clocked by MASTER_CLK)
  Endpoint: u_add/sum_reg[0]
            (rising edge-triggered flip-flop clocked by MASTER_CLK)
  Path Group: INREG
  Path Type: min

  Des/Clust/Port     Wire Load Model       Library
  ------------------------------------------------
  alu8_top           tsmc13_wl30           scmetro_tsmc_cl013g_rvt_ss_1p08v_125c

  Point                                                   Incr       Path
  --------------------------------------------------------------------------
  clock MASTER_CLK (rise edge)                            0.00       0.00
  clock network delay (ideal)                             0.00       0.00
  input external delay                                    1.20       1.20 f
  b[0] (in)                                               0.14       1.34 f
  U21/Y (BUFX20M)                                         0.19       1.52 f
  u_add/b[0] (add_unit)                                   0.00       1.52 f
  u_add/add_34/B[0] (add_unit_DW01_add_0)                 0.00       1.52 f
  u_add/add_34/U2/Y (CLKXOR2X2M)                          0.35       1.87 f
  u_add/add_34/SUM[0] (add_unit_DW01_add_0)               0.00       1.87 f
  u_add/U18/Y (AO22X1M)                                   0.59       2.46 f
  u_add/sum_reg[0]/D (DFFRQX2M)                           0.00       2.46 f
  data arrival time                                                  2.46

  clock MASTER_CLK (rise edge)                            0.00       0.00
  clock network delay (ideal)                             0.00       0.00
  clock uncertainty                                       0.10       0.10
  u_add/sum_reg[0]/CK (DFFRQX2M)                          0.00       0.10 r
  library hold time                                      -0.07       0.03
  data required time                                                 0.03
  --------------------------------------------------------------------------
  data required time                                                 0.03
  data arrival time                                                 -2.46
  --------------------------------------------------------------------------
  slack (MET)                                                        2.43


  Startpoint: a[6] (input port clocked by MASTER_CLK)
  Endpoint: u_add/sum_reg[6]
            (rising edge-triggered flip-flop clocked by MASTER_CLK)
  Path Group: INREG
  Path Type: min

  Des/Clust/Port     Wire Load Model       Library
  ------------------------------------------------
  alu8_top           tsmc13_wl30           scmetro_tsmc_cl013g_rvt_ss_1p08v_125c

  Point                                                   Incr       Path
  --------------------------------------------------------------------------
  clock MASTER_CLK (rise edge)                            0.00       0.00
  clock network delay (ideal)                             0.00       0.00
  input external delay                                    1.20       1.20 f
  a[6] (in)                                               0.19       1.39 f
  u_add/a[6] (add_unit)                                   0.00       1.39 f
  u_add/add_34/A[6] (add_unit_DW01_add_0)                 0.00       1.39 f
  u_add/add_34/U1_6/S (ADDFX2M)                           0.60       2.00 f
  u_add/add_34/SUM[6] (add_unit_DW01_add_0)               0.00       2.00 f
  u_add/U12/Y (AO22X1M)                                   0.54       2.54 f
  u_add/sum_reg[6]/D (DFFRQX2M)                           0.00       2.54 f
  data arrival time                                                  2.54

  clock MASTER_CLK (rise edge)                            0.00       0.00
  clock network delay (ideal)                             0.00       0.00
  clock uncertainty                                       0.10       0.10
  u_add/sum_reg[6]/CK (DFFRQX2M)                          0.00       0.10 r
  library hold time                                      -0.07       0.03
  data required time                                                 0.03
  --------------------------------------------------------------------------
  data required time                                                 0.03
  data arrival time                                                 -2.54
  --------------------------------------------------------------------------
  slack (MET)                                                        2.51


  Startpoint: a[5] (input port clocked by MASTER_CLK)
  Endpoint: u_add/sum_reg[5]
            (rising edge-triggered flip-flop clocked by MASTER_CLK)
  Path Group: INREG
  Path Type: min

  Des/Clust/Port     Wire Load Model       Library
  ------------------------------------------------
  alu8_top           tsmc13_wl30           scmetro_tsmc_cl013g_rvt_ss_1p08v_125c

  Point                                                   Incr       Path
  --------------------------------------------------------------------------
  clock MASTER_CLK (rise edge)                            0.00       0.00
  clock network delay (ideal)                             0.00       0.00
  input external delay                                    1.20       1.20 f
  a[5] (in)                                               0.19       1.39 f
  u_add/a[5] (add_unit)                                   0.00       1.39 f
  u_add/add_34/A[5] (add_unit_DW01_add_0)                 0.00       1.39 f
  u_add/add_34/U1_5/S (ADDFX2M)                           0.60       2.00 f
  u_add/add_34/SUM[5] (add_unit_DW01_add_0)               0.00       2.00 f
  u_add/U11/Y (AO22X1M)                                   0.54       2.54 f
  u_add/sum_reg[5]/D (DFFRQX2M)                           0.00       2.54 f
  data arrival time                                                  2.54

  clock MASTER_CLK (rise edge)                            0.00       0.00
  clock network delay (ideal)                             0.00       0.00
  clock uncertainty                                       0.10       0.10
  u_add/sum_reg[5]/CK (DFFRQX2M)                          0.00       0.10 r
  library hold time                                      -0.07       0.03
  data required time                                                 0.03
  --------------------------------------------------------------------------
  data required time                                                 0.03
  data arrival time                                                 -2.54
  --------------------------------------------------------------------------
  slack (MET)                                                        2.51


  Startpoint: a[4] (input port clocked by MASTER_CLK)
  Endpoint: u_add/sum_reg[4]
            (rising edge-triggered flip-flop clocked by MASTER_CLK)
  Path Group: INREG
  Path Type: min

  Des/Clust/Port     Wire Load Model       Library
  ------------------------------------------------
  alu8_top           tsmc13_wl30           scmetro_tsmc_cl013g_rvt_ss_1p08v_125c

  Point                                                   Incr       Path
  --------------------------------------------------------------------------
  clock MASTER_CLK (rise edge)                            0.00       0.00
  clock network delay (ideal)                             0.00       0.00
  input external delay                                    1.20       1.20 f
  a[4] (in)                                               0.19       1.39 f
  u_add/a[4] (add_unit)                                   0.00       1.39 f
  u_add/add_34/A[4] (add_unit_DW01_add_0)                 0.00       1.39 f
  u_add/add_34/U1_4/S (ADDFX2M)                           0.60       2.00 f
  u_add/add_34/SUM[4] (add_unit_DW01_add_0)               0.00       2.00 f
  u_add/U17/Y (AO22X1M)                                   0.54       2.54 f
  u_add/sum_reg[4]/D (DFFRQX2M)                           0.00       2.54 f
  data arrival time                                                  2.54

  clock MASTER_CLK (rise edge)                            0.00       0.00
  clock network delay (ideal)                             0.00       0.00
  clock uncertainty                                       0.10       0.10
  u_add/sum_reg[4]/CK (DFFRQX2M)                          0.00       0.10 r
  library hold time                                      -0.07       0.03
  data required time                                                 0.03
  --------------------------------------------------------------------------
  data required time                                                 0.03
  data arrival time                                                 -2.54
  --------------------------------------------------------------------------
  slack (MET)                                                        2.51


  Startpoint: a[3] (input port clocked by MASTER_CLK)
  Endpoint: u_add/sum_reg[3]
            (rising edge-triggered flip-flop clocked by MASTER_CLK)
  Path Group: INREG
  Path Type: min

  Des/Clust/Port     Wire Load Model       Library
  ------------------------------------------------
  alu8_top           tsmc13_wl30           scmetro_tsmc_cl013g_rvt_ss_1p08v_125c

  Point                                                   Incr       Path
  --------------------------------------------------------------------------
  clock MASTER_CLK (rise edge)                            0.00       0.00
  clock network delay (ideal)                             0.00       0.00
  input external delay                                    1.20       1.20 f
  a[3] (in)                                               0.19       1.39 f
  u_add/a[3] (add_unit)                                   0.00       1.39 f
  u_add/add_34/A[3] (add_unit_DW01_add_0)                 0.00       1.39 f
  u_add/add_34/U1_3/S (ADDFX2M)                           0.60       2.00 f
  u_add/add_34/SUM[3] (add_unit_DW01_add_0)               0.00       2.00 f
  u_add/U16/Y (AO22X1M)                                   0.54       2.54 f
  u_add/sum_reg[3]/D (DFFRQX2M)                           0.00       2.54 f
  data arrival time                                                  2.54

  clock MASTER_CLK (rise edge)                            0.00       0.00
  clock network delay (ideal)                             0.00       0.00
  clock uncertainty                                       0.10       0.10
  u_add/sum_reg[3]/CK (DFFRQX2M)                          0.00       0.10 r
  library hold time                                      -0.07       0.03
  data required time                                                 0.03
  --------------------------------------------------------------------------
  data required time                                                 0.03
  data arrival time                                                 -2.54
  --------------------------------------------------------------------------
  slack (MET)                                                        2.51


  Startpoint: a[2] (input port clocked by MASTER_CLK)
  Endpoint: u_add/sum_reg[2]
            (rising edge-triggered flip-flop clocked by MASTER_CLK)
  Path Group: INREG
  Path Type: min

  Des/Clust/Port     Wire Load Model       Library
  ------------------------------------------------
  alu8_top           tsmc13_wl30           scmetro_tsmc_cl013g_rvt_ss_1p08v_125c

  Point                                                   Incr       Path
  --------------------------------------------------------------------------
  clock MASTER_CLK (rise edge)                            0.00       0.00
  clock network delay (ideal)                             0.00       0.00
  input external delay                                    1.20       1.20 f
  a[2] (in)                                               0.19       1.39 f
  u_add/a[2] (add_unit)                                   0.00       1.39 f
  u_add/add_34/A[2] (add_unit_DW01_add_0)                 0.00       1.39 f
  u_add/add_34/U1_2/S (ADDFX2M)                           0.60       2.00 f
  u_add/add_34/SUM[2] (add_unit_DW01_add_0)               0.00       2.00 f
  u_add/U15/Y (AO22X1M)                                   0.54       2.54 f
  u_add/sum_reg[2]/D (DFFRQX2M)                           0.00       2.54 f
  data arrival time                                                  2.54

  clock MASTER_CLK (rise edge)                            0.00       0.00
  clock network delay (ideal)                             0.00       0.00
  clock uncertainty                                       0.10       0.10
  u_add/sum_reg[2]/CK (DFFRQX2M)                          0.00       0.10 r
  library hold time                                      -0.07       0.03
  data required time                                                 0.03
  --------------------------------------------------------------------------
  data required time                                                 0.03
  data arrival time                                                 -2.54
  --------------------------------------------------------------------------
  slack (MET)                                                        2.51


  Startpoint: u_mul/en_reg_reg
              (rising edge-triggered flip-flop clocked by MASTER_CLK)
  Endpoint: u_mul/en_pipe_reg
            (rising edge-triggered flip-flop clocked by MASTER_CLK)
  Path Group: MASTER_CLK
  Path Type: min

  Des/Clust/Port     Wire Load Model       Library
  ------------------------------------------------
  alu8_top           tsmc13_wl30           scmetro_tsmc_cl013g_rvt_ss_1p08v_125c

  Point                                    Incr       Path
  -----------------------------------------------------------
  clock MASTER_CLK (rise edge)             0.00       0.00
  clock network delay (ideal)              0.00       0.00
  u_mul/en_reg_reg/CK (DFFRQX2M)           0.00       0.00 r
  u_mul/en_reg_reg/Q (DFFRQX2M)            0.57       0.57 f
  u_mul/en_pipe_reg/D (DFFRQX2M)           0.00       0.57 f
  data arrival time                                   0.57

  clock MASTER_CLK (rise edge)             0.00       0.00
  clock network delay (ideal)              0.00       0.00
  clock uncertainty                        0.10       0.10
  u_mul/en_pipe_reg/CK (DFFRQX2M)          0.00       0.10 r
  library hold time                       -0.04       0.06
  data required time                                  0.06
  -----------------------------------------------------------
  data required time                                  0.06
  data arrival time                                  -0.57
  -----------------------------------------------------------
  slack (MET)                                         0.52


  Startpoint: u_mul/product_reg[15]
              (rising edge-triggered flip-flop clocked by MASTER_CLK)
  Endpoint: u_mul/product_reg[15]
            (rising edge-triggered flip-flop clocked by MASTER_CLK)
  Path Group: MASTER_CLK
  Path Type: min

  Des/Clust/Port     Wire Load Model       Library
  ------------------------------------------------
  alu8_top           tsmc13_wl30           scmetro_tsmc_cl013g_rvt_ss_1p08v_125c

  Point                                    Incr       Path
  -----------------------------------------------------------
  clock MASTER_CLK (rise edge)             0.00       0.00
  clock network delay (ideal)              0.00       0.00
  u_mul/product_reg[15]/CK (DFFRQX2M)      0.00       0.00 r
  u_mul/product_reg[15]/Q (DFFRQX2M)       0.69       0.69 f
  u_mul/U59/Y (NAND2X6M)                   0.20       0.90 r
  u_mul/U58/Y (NAND2X6M)                   0.12       1.01 f
  u_mul/product_reg[15]/D (DFFRQX2M)       0.00       1.01 f
  data arrival time                                   1.01

  clock MASTER_CLK (rise edge)             0.00       0.00
  clock network delay (ideal)              0.00       0.00
  clock uncertainty                        0.10       0.10
  u_mul/product_reg[15]/CK (DFFRQX2M)      0.00       0.10 r
  library hold time                       -0.03       0.07
  data required time                                  0.07
  -----------------------------------------------------------
  data required time                                  0.07
  data arrival time                                  -1.01
  -----------------------------------------------------------
  slack (MET)                                         0.94


  Startpoint: u_mul/level3_pipe_reg[3]
              (rising edge-triggered flip-flop clocked by MASTER_CLK)
  Endpoint: u_mul/product_reg[3]
            (rising edge-triggered flip-flop clocked by MASTER_CLK)
  Path Group: MASTER_CLK
  Path Type: min

  Des/Clust/Port     Wire Load Model       Library
  ------------------------------------------------
  alu8_top           tsmc13_wl30           scmetro_tsmc_cl013g_rvt_ss_1p08v_125c

  Point                                                   Incr       Path
  --------------------------------------------------------------------------
  clock MASTER_CLK (rise edge)                            0.00       0.00
  clock network delay (ideal)                             0.00       0.00
  u_mul/level3_pipe_reg[3]/CK (DFFRQX2M)                  0.00       0.00 r
  u_mul/level3_pipe_reg[3]/Q (DFFRQX2M)                   0.57       0.57 f
  u_mul/add_0_root_add_0_root_add_158/B[3] (mult_unit_DW01_add_0)
                                                          0.00       0.57 f
  u_mul/add_0_root_add_0_root_add_158/SUM[3] (mult_unit_DW01_add_0)
                                                          0.00       0.57 f
  u_mul/U181/Y (AO22X1M)                                  0.46       1.03 f
  u_mul/product_reg[3]/D (DFFRQX2M)                       0.00       1.03 f
  data arrival time                                                  1.03

  clock MASTER_CLK (rise edge)                            0.00       0.00
  clock network delay (ideal)                             0.00       0.00
  clock uncertainty                                       0.10       0.10
  u_mul/product_reg[3]/CK (DFFRQX2M)                      0.00       0.10 r
  library hold time                                      -0.07       0.03
  data required time                                                 0.03
  --------------------------------------------------------------------------
  data required time                                                 0.03
  data arrival time                                                 -1.03
  --------------------------------------------------------------------------
  slack (MET)                                                        1.00


  Startpoint: u_mul/level3_pipe_reg[2]
              (rising edge-triggered flip-flop clocked by MASTER_CLK)
  Endpoint: u_mul/product_reg[2]
            (rising edge-triggered flip-flop clocked by MASTER_CLK)
  Path Group: MASTER_CLK
  Path Type: min

  Des/Clust/Port     Wire Load Model       Library
  ------------------------------------------------
  alu8_top           tsmc13_wl30           scmetro_tsmc_cl013g_rvt_ss_1p08v_125c

  Point                                                   Incr       Path
  --------------------------------------------------------------------------
  clock MASTER_CLK (rise edge)                            0.00       0.00
  clock network delay (ideal)                             0.00       0.00
  u_mul/level3_pipe_reg[2]/CK (DFFRQX2M)                  0.00       0.00 r
  u_mul/level3_pipe_reg[2]/Q (DFFRQX2M)                   0.57       0.57 f
  u_mul/add_0_root_add_0_root_add_158/B[2] (mult_unit_DW01_add_0)
                                                          0.00       0.57 f
  u_mul/add_0_root_add_0_root_add_158/SUM[2] (mult_unit_DW01_add_0)
                                                          0.00       0.57 f
  u_mul/U180/Y (AO22X1M)                                  0.46       1.03 f
  u_mul/product_reg[2]/D (DFFRQX2M)                       0.00       1.03 f
  data arrival time                                                  1.03

  clock MASTER_CLK (rise edge)                            0.00       0.00
  clock network delay (ideal)                             0.00       0.00
  clock uncertainty                                       0.10       0.10
  u_mul/product_reg[2]/CK (DFFRQX2M)                      0.00       0.10 r
  library hold time                                      -0.07       0.03
  data required time                                                 0.03
  --------------------------------------------------------------------------
  data required time                                                 0.03
  data arrival time                                                 -1.03
  --------------------------------------------------------------------------
  slack (MET)                                                        1.00


  Startpoint: u_mul/level3_pipe_reg[1]
              (rising edge-triggered flip-flop clocked by MASTER_CLK)
  Endpoint: u_mul/product_reg[1]
            (rising edge-triggered flip-flop clocked by MASTER_CLK)
  Path Group: MASTER_CLK
  Path Type: min

  Des/Clust/Port     Wire Load Model       Library
  ------------------------------------------------
  alu8_top           tsmc13_wl30           scmetro_tsmc_cl013g_rvt_ss_1p08v_125c

  Point                                                   Incr       Path
  --------------------------------------------------------------------------
  clock MASTER_CLK (rise edge)                            0.00       0.00
  clock network delay (ideal)                             0.00       0.00
  u_mul/level3_pipe_reg[1]/CK (DFFRQX2M)                  0.00       0.00 r
  u_mul/level3_pipe_reg[1]/Q (DFFRQX2M)                   0.57       0.57 f
  u_mul/add_0_root_add_0_root_add_158/B[1] (mult_unit_DW01_add_0)
                                                          0.00       0.57 f
  u_mul/add_0_root_add_0_root_add_158/SUM[1] (mult_unit_DW01_add_0)
                                                          0.00       0.57 f
  u_mul/U179/Y (AO22X1M)                                  0.46       1.03 f
  u_mul/product_reg[1]/D (DFFRQX2M)                       0.00       1.03 f
  data arrival time                                                  1.03

  clock MASTER_CLK (rise edge)                            0.00       0.00
  clock network delay (ideal)                             0.00       0.00
  clock uncertainty                                       0.10       0.10
  u_mul/product_reg[1]/CK (DFFRQX2M)                      0.00       0.10 r
  library hold time                                      -0.07       0.03
  data required time                                                 0.03
  --------------------------------------------------------------------------
  data required time                                                 0.03
  data arrival time                                                 -1.03
  --------------------------------------------------------------------------
  slack (MET)                                                        1.00


  Startpoint: u_mul/level3_pipe_reg[0]
              (rising edge-triggered flip-flop clocked by MASTER_CLK)
  Endpoint: u_mul/product_reg[0]
            (rising edge-triggered flip-flop clocked by MASTER_CLK)
  Path Group: MASTER_CLK
  Path Type: min

  Des/Clust/Port     Wire Load Model       Library
  ------------------------------------------------
  alu8_top           tsmc13_wl30           scmetro_tsmc_cl013g_rvt_ss_1p08v_125c

  Point                                                   Incr       Path
  --------------------------------------------------------------------------
  clock MASTER_CLK (rise edge)                            0.00       0.00
  clock network delay (ideal)                             0.00       0.00
  u_mul/level3_pipe_reg[0]/CK (DFFRQX2M)                  0.00       0.00 r
  u_mul/level3_pipe_reg[0]/Q (DFFRQX2M)                   0.57       0.57 f
  u_mul/add_0_root_add_0_root_add_158/B[0] (mult_unit_DW01_add_0)
                                                          0.00       0.57 f
  u_mul/add_0_root_add_0_root_add_158/SUM[0] (mult_unit_DW01_add_0)
                                                          0.00       0.57 f
  u_mul/U178/Y (AO22X1M)                                  0.46       1.03 f
  u_mul/product_reg[0]/D (DFFRQX2M)                       0.00       1.03 f
  data arrival time                                                  1.03

  clock MASTER_CLK (rise edge)                            0.00       0.00
  clock network delay (ideal)                             0.00       0.00
  clock uncertainty                                       0.10       0.10
  u_mul/product_reg[0]/CK (DFFRQX2M)                      0.00       0.10 r
  library hold time                                      -0.07       0.03
  data required time                                                 0.03
  --------------------------------------------------------------------------
  data required time                                                 0.03
  data arrival time                                                 -1.03
  --------------------------------------------------------------------------
  slack (MET)                                                        1.00


  Startpoint: u_mul/product_reg[14]
              (rising edge-triggered flip-flop clocked by MASTER_CLK)
  Endpoint: u_mul/product_reg[14]
            (rising edge-triggered flip-flop clocked by MASTER_CLK)
  Path Group: MASTER_CLK
  Path Type: min

  Des/Clust/Port     Wire Load Model       Library
  ------------------------------------------------
  alu8_top           tsmc13_wl30           scmetro_tsmc_cl013g_rvt_ss_1p08v_125c

  Point                                    Incr       Path
  -----------------------------------------------------------
  clock MASTER_CLK (rise edge)             0.00       0.00
  clock network delay (ideal)              0.00       0.00
  u_mul/product_reg[14]/CK (DFFRQX1M)      0.00       0.00 r
  u_mul/product_reg[14]/Q (DFFRQX1M)       0.86       0.86 f
  u_mul/U70/Y (AO22X8M)                    0.34       1.20 f
  u_mul/product_reg[14]/D (DFFRQX1M)       0.00       1.20 f
  data arrival time                                   1.20

  clock MASTER_CLK (rise edge)             0.00       0.00
  clock network delay (ideal)              0.00       0.00
  clock uncertainty                        0.10       0.10
  u_mul/product_reg[14]/CK (DFFRQX1M)      0.00       0.10 r
  library hold time                       -0.01       0.09
  data required time                                  0.09
  -----------------------------------------------------------
  data required time                                  0.09
  data arrival time                                  -1.20
  -----------------------------------------------------------
  slack (MET)                                         1.11


  Startpoint: u_mul/a_reg_reg[3]
              (rising edge-triggered flip-flop clocked by MASTER_CLK)
  Endpoint: u_mul/pp5_pipe_reg[3]
            (rising edge-triggered flip-flop clocked by MASTER_CLK)
  Path Group: MASTER_CLK
  Path Type: min

  Des/Clust/Port     Wire Load Model       Library
  ------------------------------------------------
  alu8_top           tsmc13_wl30           scmetro_tsmc_cl013g_rvt_ss_1p08v_125c

  Point                                    Incr       Path
  -----------------------------------------------------------
  clock MASTER_CLK (rise edge)             0.00       0.00
  clock network delay (ideal)              0.00       0.00
  u_mul/a_reg_reg[3]/CK (DFFRX2M)          0.00       0.00 r
  u_mul/a_reg_reg[3]/Q (DFFRX2M)           0.68       0.68 f
  u_mul/U9/Y (INVX14M)                     0.31       1.00 r
  u_mul/U156/Y (NOR2X2M)                   0.20       1.20 f
  u_mul/pp5_pipe_reg[3]/D (DFFRQX2M)       0.00       1.20 f
  data arrival time                                   1.20

  clock MASTER_CLK (rise edge)             0.00       0.00
  clock network delay (ideal)              0.00       0.00
  clock uncertainty                        0.10       0.10
  u_mul/pp5_pipe_reg[3]/CK (DFFRQX2M)      0.00       0.10 r
  library hold time                       -0.04       0.06
  data required time                                  0.06
  -----------------------------------------------------------
  data required time                                  0.06
  data arrival time                                  -1.20
  -----------------------------------------------------------
  slack (MET)                                         1.14


  Startpoint: u_mul/a_reg_reg[3]
              (rising edge-triggered flip-flop clocked by MASTER_CLK)
  Endpoint: u_mul/pp4_pipe_reg[3]
            (rising edge-triggered flip-flop clocked by MASTER_CLK)
  Path Group: MASTER_CLK
  Path Type: min

  Des/Clust/Port     Wire Load Model       Library
  ------------------------------------------------
  alu8_top           tsmc13_wl30           scmetro_tsmc_cl013g_rvt_ss_1p08v_125c

  Point                                    Incr       Path
  -----------------------------------------------------------
  clock MASTER_CLK (rise edge)             0.00       0.00
  clock network delay (ideal)              0.00       0.00
  u_mul/a_reg_reg[3]/CK (DFFRX2M)          0.00       0.00 r
  u_mul/a_reg_reg[3]/Q (DFFRX2M)           0.68       0.68 f
  u_mul/U9/Y (INVX14M)                     0.31       1.00 r
  u_mul/U160/Y (NOR2X2M)                   0.20       1.20 f
  u_mul/pp4_pipe_reg[3]/D (DFFRQX2M)       0.00       1.20 f
  data arrival time                                   1.20

  clock MASTER_CLK (rise edge)             0.00       0.00
  clock network delay (ideal)              0.00       0.00
  clock uncertainty                        0.10       0.10
  u_mul/pp4_pipe_reg[3]/CK (DFFRQX2M)      0.00       0.10 r
  library hold time                       -0.04       0.06
  data required time                                  0.06
  -----------------------------------------------------------
  data required time                                  0.06
  data arrival time                                  -1.20
  -----------------------------------------------------------
  slack (MET)                                         1.14


  Startpoint: u_mul/a_reg_reg[3]
              (rising edge-triggered flip-flop clocked by MASTER_CLK)
  Endpoint: u_mul/pp6_pipe_reg[3]
            (rising edge-triggered flip-flop clocked by MASTER_CLK)
  Path Group: MASTER_CLK
  Path Type: min

  Des/Clust/Port     Wire Load Model       Library
  ------------------------------------------------
  alu8_top           tsmc13_wl30           scmetro_tsmc_cl013g_rvt_ss_1p08v_125c

  Point                                    Incr       Path
  -----------------------------------------------------------
  clock MASTER_CLK (rise edge)             0.00       0.00
  clock network delay (ideal)              0.00       0.00
  u_mul/a_reg_reg[3]/CK (DFFRX2M)          0.00       0.00 r
  u_mul/a_reg_reg[3]/Q (DFFRX2M)           0.68       0.68 f
  u_mul/U9/Y (INVX14M)                     0.31       1.00 r
  u_mul/U150/Y (NOR2X2M)                   0.20       1.20 f
  u_mul/pp6_pipe_reg[3]/D (DFFRQX2M)       0.00       1.20 f
  data arrival time                                   1.20

  clock MASTER_CLK (rise edge)             0.00       0.00
  clock network delay (ideal)              0.00       0.00
  clock uncertainty                        0.10       0.10
  u_mul/pp6_pipe_reg[3]/CK (DFFRQX2M)      0.00       0.10 r
  library hold time                       -0.04       0.06
  data required time                                  0.06
  -----------------------------------------------------------
  data required time                                  0.06
  data arrival time                                  -1.20
  -----------------------------------------------------------
  slack (MET)                                         1.14


  Startpoint: u_add/sum_reg[6]
              (rising edge-triggered flip-flop clocked by MASTER_CLK)
  Endpoint: u_add/sum_reg[6]
            (rising edge-triggered flip-flop clocked by MASTER_CLK)
  Path Group: MASTER_CLK
  Path Type: min

  Des/Clust/Port     Wire Load Model       Library
  ------------------------------------------------
  alu8_top           tsmc13_wl30           scmetro_tsmc_cl013g_rvt_ss_1p08v_125c

  Point                                    Incr       Path
  -----------------------------------------------------------
  clock MASTER_CLK (rise edge)             0.00       0.00
  clock network delay (ideal)              0.00       0.00
  u_add/sum_reg[6]/CK (DFFRQX2M)           0.00       0.00 r
  u_add/sum_reg[6]/Q (DFFRQX2M)            0.68       0.68 f
  u_add/U12/Y (AO22X1M)                    0.50       1.18 f
  u_add/sum_reg[6]/D (DFFRQX2M)            0.00       1.18 f
  data arrival time                                   1.18

  clock MASTER_CLK (rise edge)             0.00       0.00
  clock network delay (ideal)              0.00       0.00
  clock uncertainty                        0.10       0.10
  u_add/sum_reg[6]/CK (DFFRQX2M)           0.00       0.10 r
  library hold time                       -0.07       0.03
  data required time                                  0.03
  -----------------------------------------------------------
  data required time                                  0.03
  data arrival time                                  -1.18
  -----------------------------------------------------------
  slack (MET)                                         1.15


  Startpoint: u_add/sum_reg[5]
              (rising edge-triggered flip-flop clocked by MASTER_CLK)
  Endpoint: u_add/sum_reg[5]
            (rising edge-triggered flip-flop clocked by MASTER_CLK)
  Path Group: MASTER_CLK
  Path Type: min

  Des/Clust/Port     Wire Load Model       Library
  ------------------------------------------------
  alu8_top           tsmc13_wl30           scmetro_tsmc_cl013g_rvt_ss_1p08v_125c

  Point                                    Incr       Path
  -----------------------------------------------------------
  clock MASTER_CLK (rise edge)             0.00       0.00
  clock network delay (ideal)              0.00       0.00
  u_add/sum_reg[5]/CK (DFFRQX2M)           0.00       0.00 r
  u_add/sum_reg[5]/Q (DFFRQX2M)            0.68       0.68 f
  u_add/U11/Y (AO22X1M)                    0.50       1.18 f
  u_add/sum_reg[5]/D (DFFRQX2M)            0.00       1.18 f
  data arrival time                                   1.18

  clock MASTER_CLK (rise edge)             0.00       0.00
  clock network delay (ideal)              0.00       0.00
  clock uncertainty                        0.10       0.10
  u_add/sum_reg[5]/CK (DFFRQX2M)           0.00       0.10 r
  library hold time                       -0.07       0.03
  data required time                                  0.03
  -----------------------------------------------------------
  data required time                                  0.03
  data arrival time                                  -1.18
  -----------------------------------------------------------
  slack (MET)                                         1.15


  Startpoint: u_add/sum_reg[4]
              (rising edge-triggered flip-flop clocked by MASTER_CLK)
  Endpoint: u_add/sum_reg[4]
            (rising edge-triggered flip-flop clocked by MASTER_CLK)
  Path Group: MASTER_CLK
  Path Type: min

  Des/Clust/Port     Wire Load Model       Library
  ------------------------------------------------
  alu8_top           tsmc13_wl30           scmetro_tsmc_cl013g_rvt_ss_1p08v_125c

  Point                                    Incr       Path
  -----------------------------------------------------------
  clock MASTER_CLK (rise edge)             0.00       0.00
  clock network delay (ideal)              0.00       0.00
  u_add/sum_reg[4]/CK (DFFRQX2M)           0.00       0.00 r
  u_add/sum_reg[4]/Q (DFFRQX2M)            0.68       0.68 f
  u_add/U17/Y (AO22X1M)                    0.50       1.18 f
  u_add/sum_reg[4]/D (DFFRQX2M)            0.00       1.18 f
  data arrival time                                   1.18

  clock MASTER_CLK (rise edge)             0.00       0.00
  clock network delay (ideal)              0.00       0.00
  clock uncertainty                        0.10       0.10
  u_add/sum_reg[4]/CK (DFFRQX2M)           0.00       0.10 r
  library hold time                       -0.07       0.03
  data required time                                  0.03
  -----------------------------------------------------------
  data required time                                  0.03
  data arrival time                                  -1.18
  -----------------------------------------------------------
  slack (MET)                                         1.15


  Startpoint: u_add/sum_reg[3]
              (rising edge-triggered flip-flop clocked by MASTER_CLK)
  Endpoint: u_add/sum_reg[3]
            (rising edge-triggered flip-flop clocked by MASTER_CLK)
  Path Group: MASTER_CLK
  Path Type: min

  Des/Clust/Port     Wire Load Model       Library
  ------------------------------------------------
  alu8_top           tsmc13_wl30           scmetro_tsmc_cl013g_rvt_ss_1p08v_125c

  Point                                    Incr       Path
  -----------------------------------------------------------
  clock MASTER_CLK (rise edge)             0.00       0.00
  clock network delay (ideal)              0.00       0.00
  u_add/sum_reg[3]/CK (DFFRQX2M)           0.00       0.00 r
  u_add/sum_reg[3]/Q (DFFRQX2M)            0.68       0.68 f
  u_add/U16/Y (AO22X1M)                    0.50       1.18 f
  u_add/sum_reg[3]/D (DFFRQX2M)            0.00       1.18 f
  data arrival time                                   1.18

  clock MASTER_CLK (rise edge)             0.00       0.00
  clock network delay (ideal)              0.00       0.00
  clock uncertainty                        0.10       0.10
  u_add/sum_reg[3]/CK (DFFRQX2M)           0.00       0.10 r
  library hold time                       -0.07       0.03
  data required time                                  0.03
  -----------------------------------------------------------
  data required time                                  0.03
  data arrival time                                  -1.18
  -----------------------------------------------------------
  slack (MET)                                         1.15


  Startpoint: u_add/sum_reg[2]
              (rising edge-triggered flip-flop clocked by MASTER_CLK)
  Endpoint: u_add/sum_reg[2]
            (rising edge-triggered flip-flop clocked by MASTER_CLK)
  Path Group: MASTER_CLK
  Path Type: min

  Des/Clust/Port     Wire Load Model       Library
  ------------------------------------------------
  alu8_top           tsmc13_wl30           scmetro_tsmc_cl013g_rvt_ss_1p08v_125c

  Point                                    Incr       Path
  -----------------------------------------------------------
  clock MASTER_CLK (rise edge)             0.00       0.00
  clock network delay (ideal)              0.00       0.00
  u_add/sum_reg[2]/CK (DFFRQX2M)           0.00       0.00 r
  u_add/sum_reg[2]/Q (DFFRQX2M)            0.68       0.68 f
  u_add/U15/Y (AO22X1M)                    0.50       1.18 f
  u_add/sum_reg[2]/D (DFFRQX2M)            0.00       1.18 f
  data arrival time                                   1.18

  clock MASTER_CLK (rise edge)             0.00       0.00
  clock network delay (ideal)              0.00       0.00
  clock uncertainty                        0.10       0.10
  u_add/sum_reg[2]/CK (DFFRQX2M)           0.00       0.10 r
  library hold time                       -0.07       0.03
  data required time                                  0.03
  -----------------------------------------------------------
  data required time                                  0.03
  data arrival time                                  -1.18
  -----------------------------------------------------------
  slack (MET)                                         1.15


  Startpoint: u_add/sum_reg[1]
              (rising edge-triggered flip-flop clocked by MASTER_CLK)
  Endpoint: u_add/sum_reg[1]
            (rising edge-triggered flip-flop clocked by MASTER_CLK)
  Path Group: MASTER_CLK
  Path Type: min

  Des/Clust/Port     Wire Load Model       Library
  ------------------------------------------------
  alu8_top           tsmc13_wl30           scmetro_tsmc_cl013g_rvt_ss_1p08v_125c

  Point                                    Incr       Path
  -----------------------------------------------------------
  clock MASTER_CLK (rise edge)             0.00       0.00
  clock network delay (ideal)              0.00       0.00
  u_add/sum_reg[1]/CK (DFFRQX2M)           0.00       0.00 r
  u_add/sum_reg[1]/Q (DFFRQX2M)            0.68       0.68 f
  u_add/U14/Y (AO22X1M)                    0.50       1.18 f
  u_add/sum_reg[1]/D (DFFRQX2M)            0.00       1.18 f
  data arrival time                                   1.18

  clock MASTER_CLK (rise edge)             0.00       0.00
  clock network delay (ideal)              0.00       0.00
  clock uncertainty                        0.10       0.10
  u_add/sum_reg[1]/CK (DFFRQX2M)           0.00       0.10 r
  library hold time                       -0.07       0.03
  data required time                                  0.03
  -----------------------------------------------------------
  data required time                                  0.03
  data arrival time                                  -1.18
  -----------------------------------------------------------
  slack (MET)                                         1.15


  Startpoint: u_add/sum_reg[0]
              (rising edge-triggered flip-flop clocked by MASTER_CLK)
  Endpoint: u_add/sum_reg[0]
            (rising edge-triggered flip-flop clocked by MASTER_CLK)
  Path Group: MASTER_CLK
  Path Type: min

  Des/Clust/Port     Wire Load Model       Library
  ------------------------------------------------
  alu8_top           tsmc13_wl30           scmetro_tsmc_cl013g_rvt_ss_1p08v_125c

  Point                                    Incr       Path
  -----------------------------------------------------------
  clock MASTER_CLK (rise edge)             0.00       0.00
  clock network delay (ideal)              0.00       0.00
  u_add/sum_reg[0]/CK (DFFRQX2M)           0.00       0.00 r
  u_add/sum_reg[0]/Q (DFFRQX2M)            0.68       0.68 f
  u_add/U18/Y (AO22X1M)                    0.50       1.18 f
  u_add/sum_reg[0]/D (DFFRQX2M)            0.00       1.18 f
  data arrival time                                   1.18

  clock MASTER_CLK (rise edge)             0.00       0.00
  clock network delay (ideal)              0.00       0.00
  clock uncertainty                        0.10       0.10
  u_add/sum_reg[0]/CK (DFFRQX2M)           0.00       0.10 r
  library hold time                       -0.07       0.03
  data required time                                  0.03
  -----------------------------------------------------------
  data required time                                  0.03
  data arrival time                                  -1.18
  -----------------------------------------------------------
  slack (MET)                                         1.15


  Startpoint: u_mul/a_reg_reg[3]
              (rising edge-triggered flip-flop clocked by MASTER_CLK)
  Endpoint: u_mul/pp7_pipe_reg[3]
            (rising edge-triggered flip-flop clocked by MASTER_CLK)
  Path Group: MASTER_CLK
  Path Type: min

  Des/Clust/Port     Wire Load Model       Library
  ------------------------------------------------
  alu8_top           tsmc13_wl30           scmetro_tsmc_cl013g_rvt_ss_1p08v_125c

  Point                                    Incr       Path
  -----------------------------------------------------------
  clock MASTER_CLK (rise edge)             0.00       0.00
  clock network delay (ideal)              0.00       0.00
  u_mul/a_reg_reg[3]/CK (DFFRX2M)          0.00       0.00 r
  u_mul/a_reg_reg[3]/Q (DFFRX2M)           0.68       0.68 f
  u_mul/U9/Y (INVX14M)                     0.31       1.00 r
  u_mul/U165/Y (NOR2X2M)                   0.21       1.20 f
  u_mul/pp7_pipe_reg[3]/D (DFFRQX2M)       0.00       1.20 f
  data arrival time                                   1.20

  clock MASTER_CLK (rise edge)             0.00       0.00
  clock network delay (ideal)              0.00       0.00
  clock uncertainty                        0.10       0.10
  u_mul/pp7_pipe_reg[3]/CK (DFFRQX2M)      0.00       0.10 r
  library hold time                       -0.04       0.06
  data required time                                  0.06
  -----------------------------------------------------------
  data required time                                  0.06
  data arrival time                                  -1.20
  -----------------------------------------------------------
  slack (MET)                                         1.15


  Startpoint: u_mul/a_reg_reg[2]
              (rising edge-triggered flip-flop clocked by MASTER_CLK)
  Endpoint: u_mul/pp5_pipe_reg[2]
            (rising edge-triggered flip-flop clocked by MASTER_CLK)
  Path Group: MASTER_CLK
  Path Type: min

  Des/Clust/Port     Wire Load Model       Library
  ------------------------------------------------
  alu8_top           tsmc13_wl30           scmetro_tsmc_cl013g_rvt_ss_1p08v_125c

  Point                                    Incr       Path
  -----------------------------------------------------------
  clock MASTER_CLK (rise edge)             0.00       0.00
  clock network delay (ideal)              0.00       0.00
  u_mul/a_reg_reg[2]/CK (DFFRX4M)          0.00       0.00 r
  u_mul/a_reg_reg[2]/Q (DFFRX4M)           0.74       0.74 f
  u_mul/U16/Y (INVX16M)                    0.28       1.01 r
  u_mul/U155/Y (NOR2X2M)                   0.20       1.21 f
  u_mul/pp5_pipe_reg[2]/D (DFFRQX2M)       0.00       1.21 f
  data arrival time                                   1.21

  clock MASTER_CLK (rise edge)             0.00       0.00
  clock network delay (ideal)              0.00       0.00
  clock uncertainty                        0.10       0.10
  u_mul/pp5_pipe_reg[2]/CK (DFFRQX2M)      0.00       0.10 r
  library hold time                       -0.04       0.06
  data required time                                  0.06
  -----------------------------------------------------------
  data required time                                  0.06
  data arrival time                                  -1.21
  -----------------------------------------------------------
  slack (MET)                                         1.16


  Startpoint: u_mul/a_reg_reg[2]
              (rising edge-triggered flip-flop clocked by MASTER_CLK)
  Endpoint: u_mul/pp7_pipe_reg[2]
            (rising edge-triggered flip-flop clocked by MASTER_CLK)
  Path Group: MASTER_CLK
  Path Type: min

  Des/Clust/Port     Wire Load Model       Library
  ------------------------------------------------
  alu8_top           tsmc13_wl30           scmetro_tsmc_cl013g_rvt_ss_1p08v_125c

  Point                                    Incr       Path
  -----------------------------------------------------------
  clock MASTER_CLK (rise edge)             0.00       0.00
  clock network delay (ideal)              0.00       0.00
  u_mul/a_reg_reg[2]/CK (DFFRX4M)          0.00       0.00 r
  u_mul/a_reg_reg[2]/Q (DFFRX4M)           0.74       0.74 f
  u_mul/U16/Y (INVX16M)                    0.28       1.01 r
  u_mul/U164/Y (NOR2X2M)                   0.21       1.22 f
  u_mul/pp7_pipe_reg[2]/D (DFFRQX2M)       0.00       1.22 f
  data arrival time                                   1.22

  clock MASTER_CLK (rise edge)             0.00       0.00
  clock network delay (ideal)              0.00       0.00
  clock uncertainty                        0.10       0.10
  u_mul/pp7_pipe_reg[2]/CK (DFFRQX2M)      0.00       0.10 r
  library hold time                       -0.04       0.06
  data required time                                  0.06
  -----------------------------------------------------------
  data required time                                  0.06
  data arrival time                                  -1.22
  -----------------------------------------------------------
  slack (MET)                                         1.16


  Startpoint: u_mul/product_reg[13]
              (rising edge-triggered flip-flop clocked by MASTER_CLK)
  Endpoint: u_mul/product_reg[13]
            (rising edge-triggered flip-flop clocked by MASTER_CLK)
  Path Group: MASTER_CLK
  Path Type: min

  Des/Clust/Port     Wire Load Model       Library
  ------------------------------------------------
  alu8_top           tsmc13_wl30           scmetro_tsmc_cl013g_rvt_ss_1p08v_125c

  Point                                    Incr       Path
  -----------------------------------------------------------
  clock MASTER_CLK (rise edge)             0.00       0.00
  clock network delay (ideal)              0.00       0.00
  u_mul/product_reg[13]/CK (DFFRQX2M)      0.00       0.00 r
  u_mul/product_reg[13]/Q (DFFRQX2M)       0.68       0.68 f
  u_mul/U129/Y (NAND2X2M)                  0.30       0.98 r
  u_mul/U130/Y (NAND2X2M)                  0.25       1.23 f
  u_mul/product_reg[13]/D (DFFRQX2M)       0.00       1.23 f
  data arrival time                                   1.23

  clock MASTER_CLK (rise edge)             0.00       0.00
  clock network delay (ideal)              0.00       0.00
  clock uncertainty                        0.10       0.10
  u_mul/product_reg[13]/CK (DFFRQX2M)      0.00       0.10 r
  library hold time                       -0.06       0.04
  data required time                                  0.04
  -----------------------------------------------------------
  data required time                                  0.04
  data arrival time                                  -1.23
  -----------------------------------------------------------
  slack (MET)                                         1.19


  Startpoint: u_mul/product_reg[12]
              (rising edge-triggered flip-flop clocked by MASTER_CLK)
  Endpoint: u_mul/product_reg[12]
            (rising edge-triggered flip-flop clocked by MASTER_CLK)
  Path Group: MASTER_CLK
  Path Type: min

  Des/Clust/Port     Wire Load Model       Library
  ------------------------------------------------
  alu8_top           tsmc13_wl30           scmetro_tsmc_cl013g_rvt_ss_1p08v_125c

  Point                                    Incr       Path
  -----------------------------------------------------------
  clock MASTER_CLK (rise edge)             0.00       0.00
  clock network delay (ideal)              0.00       0.00
  u_mul/product_reg[12]/CK (DFFRQX2M)      0.00       0.00 r
  u_mul/product_reg[12]/Q (DFFRQX2M)       0.68       0.68 f
  u_mul/U56/Y (NAND2X2M)                   0.30       0.98 r
  u_mul/U55/Y (NAND2X2M)                   0.25       1.23 f
  u_mul/product_reg[12]/D (DFFRQX2M)       0.00       1.23 f
  data arrival time                                   1.23

  clock MASTER_CLK (rise edge)             0.00       0.00
  clock network delay (ideal)              0.00       0.00
  clock uncertainty                        0.10       0.10
  u_mul/product_reg[12]/CK (DFFRQX2M)      0.00       0.10 r
  library hold time                       -0.06       0.04
  data required time                                  0.04
  -----------------------------------------------------------
  data required time                                  0.04
  data arrival time                                  -1.23
  -----------------------------------------------------------
  slack (MET)                                         1.19


  Startpoint: u_add/sum_reg[7]
              (rising edge-triggered flip-flop clocked by MASTER_CLK)
  Endpoint: u_add/sum_reg[7]
            (rising edge-triggered flip-flop clocked by MASTER_CLK)
  Path Group: MASTER_CLK
  Path Type: min

  Des/Clust/Port     Wire Load Model       Library
  ------------------------------------------------
  alu8_top           tsmc13_wl30           scmetro_tsmc_cl013g_rvt_ss_1p08v_125c

  Point                                    Incr       Path
  -----------------------------------------------------------
  clock MASTER_CLK (rise edge)             0.00       0.00
  clock network delay (ideal)              0.00       0.00
  u_add/sum_reg[7]/CK (DFFRQX2M)           0.00       0.00 r
  u_add/sum_reg[7]/Q (DFFRQX2M)            0.68       0.68 f
  u_add/U8/Y (NAND2X2M)                    0.30       0.99 r
  u_add/U10/Y (NAND2X2M)                   0.26       1.24 f
  u_add/sum_reg[7]/D (DFFRQX2M)            0.00       1.24 f
  data arrival time                                   1.24

  clock MASTER_CLK (rise edge)             0.00       0.00
  clock network delay (ideal)              0.00       0.00
  clock uncertainty                        0.10       0.10
  u_add/sum_reg[7]/CK (DFFRQX2M)           0.00       0.10 r
  library hold time                       -0.06       0.04
  data required time                                  0.04
  -----------------------------------------------------------
  data required time                                  0.04
  data arrival time                                  -1.24
  -----------------------------------------------------------
  slack (MET)                                         1.20


  Startpoint: u_add/cout_reg
              (rising edge-triggered flip-flop clocked by MASTER_CLK)
  Endpoint: u_add/cout_reg
            (rising edge-triggered flip-flop clocked by MASTER_CLK)
  Path Group: MASTER_CLK
  Path Type: min

  Des/Clust/Port     Wire Load Model       Library
  ------------------------------------------------
  alu8_top           tsmc13_wl30           scmetro_tsmc_cl013g_rvt_ss_1p08v_125c

  Point                                    Incr       Path
  -----------------------------------------------------------
  clock MASTER_CLK (rise edge)             0.00       0.00
  clock network delay (ideal)              0.00       0.00
  u_add/cout_reg/CK (DFFRQX2M)             0.00       0.00 r
  u_add/cout_reg/Q (DFFRQX2M)              0.68       0.68 f
  u_add/U4/Y (NAND2X2M)                    0.30       0.99 r
  u_add/U5/Y (NAND2X2M)                    0.26       1.24 f
  u_add/cout_reg/D (DFFRQX2M)              0.00       1.24 f
  data arrival time                                   1.24

  clock MASTER_CLK (rise edge)             0.00       0.00
  clock network delay (ideal)              0.00       0.00
  clock uncertainty                        0.10       0.10
  u_add/cout_reg/CK (DFFRQX2M)             0.00       0.10 r
  library hold time                       -0.06       0.04
  data required time                                  0.04
  -----------------------------------------------------------
  data required time                                  0.04
  data arrival time                                  -1.24
  -----------------------------------------------------------
  slack (MET)                                         1.20


  Startpoint: u_mul/product_reg[11]
              (rising edge-triggered flip-flop clocked by MASTER_CLK)
  Endpoint: u_mul/product_reg[11]
            (rising edge-triggered flip-flop clocked by MASTER_CLK)
  Path Group: MASTER_CLK
  Path Type: min

  Des/Clust/Port     Wire Load Model       Library
  ------------------------------------------------
  alu8_top           tsmc13_wl30           scmetro_tsmc_cl013g_rvt_ss_1p08v_125c

  Point                                    Incr       Path
  -----------------------------------------------------------
  clock MASTER_CLK (rise edge)             0.00       0.00
  clock network delay (ideal)              0.00       0.00
  u_mul/product_reg[11]/CK (DFFRQX2M)      0.00       0.00 r
  u_mul/product_reg[11]/Q (DFFRQX2M)       0.67       0.67 f
  u_mul/U171/Y (AO22X1M)                   0.57       1.24 f
  u_mul/product_reg[11]/D (DFFRQX2M)       0.00       1.24 f
  data arrival time                                   1.24

  clock MASTER_CLK (rise edge)             0.00       0.00
  clock network delay (ideal)              0.00       0.00
  clock uncertainty                        0.10       0.10
  u_mul/product_reg[11]/CK (DFFRQX2M)      0.00       0.10 r
  library hold time                       -0.07       0.03
  data required time                                  0.03
  -----------------------------------------------------------
  data required time                                  0.03
  data arrival time                                  -1.24
  -----------------------------------------------------------
  slack (MET)                                         1.21


  Startpoint: u_mul/product_reg[10]
              (rising edge-triggered flip-flop clocked by MASTER_CLK)
  Endpoint: u_mul/product_reg[10]
            (rising edge-triggered flip-flop clocked by MASTER_CLK)
  Path Group: MASTER_CLK
  Path Type: min

  Des/Clust/Port     Wire Load Model       Library
  ------------------------------------------------
  alu8_top           tsmc13_wl30           scmetro_tsmc_cl013g_rvt_ss_1p08v_125c

  Point                                    Incr       Path
  -----------------------------------------------------------
  clock MASTER_CLK (rise edge)             0.00       0.00
  clock network delay (ideal)              0.00       0.00
  u_mul/product_reg[10]/CK (DFFRQX2M)      0.00       0.00 r
  u_mul/product_reg[10]/Q (DFFRQX2M)       0.67       0.67 f
  u_mul/U173/Y (AO22X1M)                   0.57       1.24 f
  u_mul/product_reg[10]/D (DFFRQX2M)       0.00       1.24 f
  data arrival time                                   1.24

  clock MASTER_CLK (rise edge)             0.00       0.00
  clock network delay (ideal)              0.00       0.00
  clock uncertainty                        0.10       0.10
  u_mul/product_reg[10]/CK (DFFRQX2M)      0.00       0.10 r
  library hold time                       -0.07       0.03
  data required time                                  0.03
  -----------------------------------------------------------
  data required time                                  0.03
  data arrival time                                  -1.24
  -----------------------------------------------------------
  slack (MET)                                         1.21


  Startpoint: u_mul/product_reg[9]
              (rising edge-triggered flip-flop clocked by MASTER_CLK)
  Endpoint: u_mul/product_reg[9]
            (rising edge-triggered flip-flop clocked by MASTER_CLK)
  Path Group: MASTER_CLK
  Path Type: min

  Des/Clust/Port     Wire Load Model       Library
  ------------------------------------------------
  alu8_top           tsmc13_wl30           scmetro_tsmc_cl013g_rvt_ss_1p08v_125c

  Point                                    Incr       Path
  -----------------------------------------------------------
  clock MASTER_CLK (rise edge)             0.00       0.00
  clock network delay (ideal)              0.00       0.00
  u_mul/product_reg[9]/CK (DFFRQX2M)       0.00       0.00 r
  u_mul/product_reg[9]/Q (DFFRQX2M)        0.67       0.67 f
  u_mul/U172/Y (AO22X1M)                   0.57       1.24 f
  u_mul/product_reg[9]/D (DFFRQX2M)        0.00       1.24 f
  data arrival time                                   1.24

  clock MASTER_CLK (rise edge)             0.00       0.00
  clock network delay (ideal)              0.00       0.00
  clock uncertainty                        0.10       0.10
  u_mul/product_reg[9]/CK (DFFRQX2M)       0.00       0.10 r
  library hold time                       -0.07       0.03
  data required time                                  0.03
  -----------------------------------------------------------
  data required time                                  0.03
  data arrival time                                  -1.24
  -----------------------------------------------------------
  slack (MET)                                         1.21


  Startpoint: u_mul/product_reg[6]
              (rising edge-triggered flip-flop clocked by MASTER_CLK)
  Endpoint: u_mul/product_reg[6]
            (rising edge-triggered flip-flop clocked by MASTER_CLK)
  Path Group: MASTER_CLK
  Path Type: min

  Des/Clust/Port     Wire Load Model       Library
  ------------------------------------------------
  alu8_top           tsmc13_wl30           scmetro_tsmc_cl013g_rvt_ss_1p08v_125c

  Point                                    Incr       Path
  -----------------------------------------------------------
  clock MASTER_CLK (rise edge)             0.00       0.00
  clock network delay (ideal)              0.00       0.00
  u_mul/product_reg[6]/CK (DFFRQX2M)       0.00       0.00 r
  u_mul/product_reg[6]/Q (DFFRQX2M)        0.68       0.68 f
  u_mul/U176/Y (AO22X1M)                   0.57       1.24 f
  u_mul/product_reg[6]/D (DFFRQX2M)        0.00       1.24 f
  data arrival time                                   1.24

  clock MASTER_CLK (rise edge)             0.00       0.00
  clock network delay (ideal)              0.00       0.00
  clock uncertainty                        0.10       0.10
  u_mul/product_reg[6]/CK (DFFRQX2M)       0.00       0.10 r
  library hold time                       -0.07       0.03
  data required time                                  0.03
  -----------------------------------------------------------
  data required time                                  0.03
  data arrival time                                  -1.24
  -----------------------------------------------------------
  slack (MET)                                         1.21


  Startpoint: u_mul/product_reg[5]
              (rising edge-triggered flip-flop clocked by MASTER_CLK)
  Endpoint: u_mul/product_reg[5]
            (rising edge-triggered flip-flop clocked by MASTER_CLK)
  Path Group: MASTER_CLK
  Path Type: min

  Des/Clust/Port     Wire Load Model       Library
  ------------------------------------------------
  alu8_top           tsmc13_wl30           scmetro_tsmc_cl013g_rvt_ss_1p08v_125c

  Point                                    Incr       Path
  -----------------------------------------------------------
  clock MASTER_CLK (rise edge)             0.00       0.00
  clock network delay (ideal)              0.00       0.00
  u_mul/product_reg[5]/CK (DFFRQX2M)       0.00       0.00 r
  u_mul/product_reg[5]/Q (DFFRQX2M)        0.68       0.68 f
  u_mul/U175/Y (AO22X1M)                   0.57       1.24 f
  u_mul/product_reg[5]/D (DFFRQX2M)        0.00       1.24 f
  data arrival time                                   1.24

  clock MASTER_CLK (rise edge)             0.00       0.00
  clock network delay (ideal)              0.00       0.00
  clock uncertainty                        0.10       0.10
  u_mul/product_reg[5]/CK (DFFRQX2M)       0.00       0.10 r
  library hold time                       -0.07       0.03
  data required time                                  0.03
  -----------------------------------------------------------
  data required time                                  0.03
  data arrival time                                  -1.24
  -----------------------------------------------------------
  slack (MET)                                         1.21


  Startpoint: u_mul/product_reg[8]
              (rising edge-triggered flip-flop clocked by MASTER_CLK)
  Endpoint: u_mul/product_reg[8]
            (rising edge-triggered flip-flop clocked by MASTER_CLK)
  Path Group: MASTER_CLK
  Path Type: min

  Des/Clust/Port     Wire Load Model       Library
  ------------------------------------------------
  alu8_top           tsmc13_wl30           scmetro_tsmc_cl013g_rvt_ss_1p08v_125c

  Point                                    Incr       Path
  -----------------------------------------------------------
  clock MASTER_CLK (rise edge)             0.00       0.00
  clock network delay (ideal)              0.00       0.00
  u_mul/product_reg[8]/CK (DFFRQX2M)       0.00       0.00 r
  u_mul/product_reg[8]/Q (DFFRQX2M)        0.68       0.68 f
  u_mul/U174/Y (AO22X1M)                   0.57       1.24 f
  u_mul/product_reg[8]/D (DFFRQX2M)        0.00       1.24 f
  data arrival time                                   1.24

  clock MASTER_CLK (rise edge)             0.00       0.00
  clock network delay (ideal)              0.00       0.00
  clock uncertainty                        0.10       0.10
  u_mul/product_reg[8]/CK (DFFRQX2M)       0.00       0.10 r
  library hold time                       -0.07       0.03
  data required time                                  0.03
  -----------------------------------------------------------
  data required time                                  0.03
  data arrival time                                  -1.24
  -----------------------------------------------------------
  slack (MET)                                         1.21


  Startpoint: u_mul/product_reg[7]
              (rising edge-triggered flip-flop clocked by MASTER_CLK)
  Endpoint: u_mul/product_reg[7]
            (rising edge-triggered flip-flop clocked by MASTER_CLK)
  Path Group: MASTER_CLK
  Path Type: min

  Des/Clust/Port     Wire Load Model       Library
  ------------------------------------------------
  alu8_top           tsmc13_wl30           scmetro_tsmc_cl013g_rvt_ss_1p08v_125c

  Point                                    Incr       Path
  -----------------------------------------------------------
  clock MASTER_CLK (rise edge)             0.00       0.00
  clock network delay (ideal)              0.00       0.00
  u_mul/product_reg[7]/CK (DFFRQX2M)       0.00       0.00 r
  u_mul/product_reg[7]/Q (DFFRQX2M)        0.68       0.68 f
  u_mul/U177/Y (AO22X1M)                   0.57       1.24 f
  u_mul/product_reg[7]/D (DFFRQX2M)        0.00       1.24 f
  data arrival time                                   1.24

  clock MASTER_CLK (rise edge)             0.00       0.00
  clock network delay (ideal)              0.00       0.00
  clock uncertainty                        0.10       0.10
  u_mul/product_reg[7]/CK (DFFRQX2M)       0.00       0.10 r
  library hold time                       -0.07       0.03
  data required time                                  0.03
  -----------------------------------------------------------
  data required time                                  0.03
  data arrival time                                  -1.24
  -----------------------------------------------------------
  slack (MET)                                         1.21


  Startpoint: u_mul/product_reg[4]
              (rising edge-triggered flip-flop clocked by MASTER_CLK)
  Endpoint: u_mul/product_reg[4]
            (rising edge-triggered flip-flop clocked by MASTER_CLK)
  Path Group: MASTER_CLK
  Path Type: min

  Des/Clust/Port     Wire Load Model       Library
  ------------------------------------------------
  alu8_top           tsmc13_wl30           scmetro_tsmc_cl013g_rvt_ss_1p08v_125c

  Point                                    Incr       Path
  -----------------------------------------------------------
  clock MASTER_CLK (rise edge)             0.00       0.00
  clock network delay (ideal)              0.00       0.00
  u_mul/product_reg[4]/CK (DFFRQX2M)       0.00       0.00 r
  u_mul/product_reg[4]/Q (DFFRQX2M)        0.68       0.68 f
  u_mul/U182/Y (AO22X1M)                   0.57       1.24 f
  u_mul/product_reg[4]/D (DFFRQX2M)        0.00       1.24 f
  data arrival time                                   1.24

  clock MASTER_CLK (rise edge)             0.00       0.00
  clock network delay (ideal)              0.00       0.00
  clock uncertainty                        0.10       0.10
  u_mul/product_reg[4]/CK (DFFRQX2M)       0.00       0.10 r
  library hold time                       -0.07       0.03
  data required time                                  0.03
  -----------------------------------------------------------
  data required time                                  0.03
  data arrival time                                  -1.24
  -----------------------------------------------------------
  slack (MET)                                         1.21


  Startpoint: u_mul/a_reg_reg[0]
              (rising edge-triggered flip-flop clocked by MASTER_CLK)
  Endpoint: u_mul/pp6_pipe_reg[0]
            (rising edge-triggered flip-flop clocked by MASTER_CLK)
  Path Group: MASTER_CLK
  Path Type: min

  Des/Clust/Port     Wire Load Model       Library
  ------------------------------------------------
  alu8_top           tsmc13_wl30           scmetro_tsmc_cl013g_rvt_ss_1p08v_125c

  Point                                    Incr       Path
  -----------------------------------------------------------
  clock MASTER_CLK (rise edge)             0.00       0.00
  clock network delay (ideal)              0.00       0.00
  u_mul/a_reg_reg[0]/CK (DFFRX2M)          0.00       0.00 r
  u_mul/a_reg_reg[0]/Q (DFFRX2M)           0.68       0.68 f
  u_mul/U13/Y (INVX14M)                    0.33       1.01 r
  u_mul/U149/Y (NOR2X2M)                   0.21       1.23 f
  u_mul/pp6_pipe_reg[0]/D (DFFRHQX8M)      0.00       1.23 f
  data arrival time                                   1.23

  clock MASTER_CLK (rise edge)             0.00       0.00
  clock network delay (ideal)              0.00       0.00
  clock uncertainty                        0.10       0.10
  u_mul/pp6_pipe_reg[0]/CK (DFFRHQX8M)     0.00       0.10 r
  library hold time                       -0.09       0.01
  data required time                                  0.01
  -----------------------------------------------------------
  data required time                                  0.01
  data arrival time                                  -1.23
  -----------------------------------------------------------
  slack (MET)                                         1.22


  Startpoint: u_mul/a_reg_reg[0]
              (rising edge-triggered flip-flop clocked by MASTER_CLK)
  Endpoint: u_mul/pp5_pipe_reg[0]
            (rising edge-triggered flip-flop clocked by MASTER_CLK)
  Path Group: MASTER_CLK
  Path Type: min

  Des/Clust/Port     Wire Load Model       Library
  ------------------------------------------------
  alu8_top           tsmc13_wl30           scmetro_tsmc_cl013g_rvt_ss_1p08v_125c

  Point                                    Incr       Path
  -----------------------------------------------------------
  clock MASTER_CLK (rise edge)             0.00       0.00
  clock network delay (ideal)              0.00       0.00
  u_mul/a_reg_reg[0]/CK (DFFRX2M)          0.00       0.00 r
  u_mul/a_reg_reg[0]/Q (DFFRX2M)           0.68       0.68 f
  u_mul/U13/Y (INVX14M)                    0.33       1.01 r
  u_mul/U154/Y (NOR2X2M)                   0.21       1.23 f
  u_mul/pp5_pipe_reg[0]/D (DFFRHQX8M)      0.00       1.23 f
  data arrival time                                   1.23

  clock MASTER_CLK (rise edge)             0.00       0.00
  clock network delay (ideal)              0.00       0.00
  clock uncertainty                        0.10       0.10
  u_mul/pp5_pipe_reg[0]/CK (DFFRHQX8M)     0.00       0.10 r
  library hold time                       -0.09       0.01
  data required time                                  0.01
  -----------------------------------------------------------
  data required time                                  0.01
  data arrival time                                  -1.23
  -----------------------------------------------------------
  slack (MET)                                         1.22


  Startpoint: u_mul/a_reg_reg[2]
              (rising edge-triggered flip-flop clocked by MASTER_CLK)
  Endpoint: u_mul/pp4_pipe_reg[2]
            (rising edge-triggered flip-flop clocked by MASTER_CLK)
  Path Group: MASTER_CLK
  Path Type: min

  Des/Clust/Port     Wire Load Model       Library
  ------------------------------------------------
  alu8_top           tsmc13_wl30           scmetro_tsmc_cl013g_rvt_ss_1p08v_125c

  Point                                    Incr       Path
  -----------------------------------------------------------
  clock MASTER_CLK (rise edge)             0.00       0.00
  clock network delay (ideal)              0.00       0.00
  u_mul/a_reg_reg[2]/CK (DFFRX4M)          0.00       0.00 r
  u_mul/a_reg_reg[2]/Q (DFFRX4M)           0.74       0.74 f
  u_mul/U16/Y (INVX16M)                    0.28       1.01 r
  u_mul/U25/Y (NOR2X1M)                    0.27       1.29 f
  u_mul/pp4_pipe_reg[2]/D (DFFRQX4M)       0.00       1.29 f
  data arrival time                                   1.29

  clock MASTER_CLK (rise edge)             0.00       0.00
  clock network delay (ideal)              0.00       0.00
  clock uncertainty                        0.10       0.10
  u_mul/pp4_pipe_reg[2]/CK (DFFRQX4M)      0.00       0.10 r
  library hold time                       -0.06       0.04
  data required time                                  0.04
  -----------------------------------------------------------
  data required time                                  0.04
  data arrival time                                  -1.29
  -----------------------------------------------------------
  slack (MET)                                         1.24


  Startpoint: u_mul/a_reg_reg[2]
              (rising edge-triggered flip-flop clocked by MASTER_CLK)
  Endpoint: u_mul/pp6_pipe_reg[2]
            (rising edge-triggered flip-flop clocked by MASTER_CLK)
  Path Group: MASTER_CLK
  Path Type: min

  Des/Clust/Port     Wire Load Model       Library
  ------------------------------------------------
  alu8_top           tsmc13_wl30           scmetro_tsmc_cl013g_rvt_ss_1p08v_125c

  Point                                    Incr       Path
  -----------------------------------------------------------
  clock MASTER_CLK (rise edge)             0.00       0.00
  clock network delay (ideal)              0.00       0.00
  u_mul/a_reg_reg[2]/CK (DFFRX4M)          0.00       0.00 r
  u_mul/a_reg_reg[2]/Q (DFFRX4M)           0.74       0.74 f
  u_mul/U16/Y (INVX16M)                    0.28       1.01 r
  u_mul/U26/Y (NOR2X1M)                    0.27       1.29 f
  u_mul/pp6_pipe_reg[2]/D (DFFRQX2M)       0.00       1.29 f
  data arrival time                                   1.29

  clock MASTER_CLK (rise edge)             0.00       0.00
  clock network delay (ideal)              0.00       0.00
  clock uncertainty                        0.10       0.10
  u_mul/pp6_pipe_reg[2]/CK (DFFRQX2M)      0.00       0.10 r
  library hold time                       -0.06       0.04
  data required time                                  0.04
  -----------------------------------------------------------
  data required time                                  0.04
  data arrival time                                  -1.29
  -----------------------------------------------------------
  slack (MET)                                         1.25


  Startpoint: u_mul/a_reg_reg[1]
              (rising edge-triggered flip-flop clocked by MASTER_CLK)
  Endpoint: u_mul/pp5_pipe_reg[1]
            (rising edge-triggered flip-flop clocked by MASTER_CLK)
  Path Group: MASTER_CLK
  Path Type: min

  Des/Clust/Port     Wire Load Model       Library
  ------------------------------------------------
  alu8_top           tsmc13_wl30           scmetro_tsmc_cl013g_rvt_ss_1p08v_125c

  Point                                    Incr       Path
  -----------------------------------------------------------
  clock MASTER_CLK (rise edge)             0.00       0.00
  clock network delay (ideal)              0.00       0.00
  u_mul/a_reg_reg[1]/CK (DFFRX4M)          0.00       0.00 r
  u_mul/a_reg_reg[1]/Q (DFFRX4M)           0.73       0.73 f
  u_mul/U107/Y (INVX14M)                   0.29       1.02 r
  u_mul/U122/Y (NOR2X1M)                   0.28       1.30 f
  u_mul/pp5_pipe_reg[1]/D (DFFRQX4M)       0.00       1.30 f
  data arrival time                                   1.30

  clock MASTER_CLK (rise edge)             0.00       0.00
  clock network delay (ideal)              0.00       0.00
  clock uncertainty                        0.10       0.10
  u_mul/pp5_pipe_reg[1]/CK (DFFRQX4M)      0.00       0.10 r
  library hold time                       -0.06       0.04
  data required time                                  0.04
  -----------------------------------------------------------
  data required time                                  0.04
  data arrival time                                  -1.30
  -----------------------------------------------------------
  slack (MET)                                         1.26


  Startpoint: u_mul/a_reg_reg[0]
              (rising edge-triggered flip-flop clocked by MASTER_CLK)
  Endpoint: u_mul/level3_pipe_reg[0]
            (rising edge-triggered flip-flop clocked by MASTER_CLK)
  Path Group: MASTER_CLK
  Path Type: min

  Des/Clust/Port     Wire Load Model       Library
  ------------------------------------------------
  alu8_top           tsmc13_wl30           scmetro_tsmc_cl013g_rvt_ss_1p08v_125c

  Point                                                   Incr       Path
  --------------------------------------------------------------------------
  clock MASTER_CLK (rise edge)                            0.00       0.00
  clock network delay (ideal)                             0.00       0.00
  u_mul/a_reg_reg[0]/CK (DFFRX2M)                         0.00       0.00 r
  u_mul/a_reg_reg[0]/Q (DFFRX2M)                          0.68       0.68 f
  u_mul/U13/Y (INVX14M)                                   0.33       1.01 r
  u_mul/U30/Y (NOR2X1M)                                   0.29       1.30 f
  u_mul/add_0_root_add_0_root_add_119/A[0] (mult_unit_DW01_add_4)
                                                          0.00       1.30 f
  u_mul/add_0_root_add_0_root_add_119/SUM[0] (mult_unit_DW01_add_4)
                                                          0.00       1.30 f
  u_mul/level3_pipe_reg[0]/D (DFFRQX2M)                   0.00       1.30 f
  data arrival time                                                  1.30

  clock MASTER_CLK (rise edge)                            0.00       0.00
  clock network delay (ideal)                             0.00       0.00
  clock uncertainty                                       0.10       0.10
  u_mul/level3_pipe_reg[0]/CK (DFFRQX2M)                  0.00       0.10 r
  library hold time                                      -0.06       0.04
  data required time                                                 0.04
  --------------------------------------------------------------------------
  data required time                                                 0.04
  data arrival time                                                 -1.30
  --------------------------------------------------------------------------
  slack (MET)                                                        1.27


  Startpoint: u_mul/a_reg_reg[0]
              (rising edge-triggered flip-flop clocked by MASTER_CLK)
  Endpoint: u_mul/pp4_pipe_reg[0]
            (rising edge-triggered flip-flop clocked by MASTER_CLK)
  Path Group: MASTER_CLK
  Path Type: min

  Des/Clust/Port     Wire Load Model       Library
  ------------------------------------------------
  alu8_top           tsmc13_wl30           scmetro_tsmc_cl013g_rvt_ss_1p08v_125c

  Point                                    Incr       Path
  -----------------------------------------------------------
  clock MASTER_CLK (rise edge)             0.00       0.00
  clock network delay (ideal)              0.00       0.00
  u_mul/a_reg_reg[0]/CK (DFFRX2M)          0.00       0.00 r
  u_mul/a_reg_reg[0]/Q (DFFRX2M)           0.68       0.68 f
  u_mul/U13/Y (INVX14M)                    0.33       1.01 r
  u_mul/U29/Y (NOR2X1M)                    0.29       1.30 f
  u_mul/pp4_pipe_reg[0]/D (DFFRQX2M)       0.00       1.30 f
  data arrival time                                   1.30

  clock MASTER_CLK (rise edge)             0.00       0.00
  clock network delay (ideal)              0.00       0.00
  clock uncertainty                        0.10       0.10
  u_mul/pp4_pipe_reg[0]/CK (DFFRQX2M)      0.00       0.10 r
  library hold time                       -0.06       0.04
  data required time                                  0.04
  -----------------------------------------------------------
  data required time                                  0.04
  data arrival time                                  -1.30
  -----------------------------------------------------------
  slack (MET)                                         1.27


  Startpoint: u_mul/a_reg_reg[0]
              (rising edge-triggered flip-flop clocked by MASTER_CLK)
  Endpoint: u_mul/pp7_pipe_reg[0]
            (rising edge-triggered flip-flop clocked by MASTER_CLK)
  Path Group: MASTER_CLK
  Path Type: min

  Des/Clust/Port     Wire Load Model       Library
  ------------------------------------------------
  alu8_top           tsmc13_wl30           scmetro_tsmc_cl013g_rvt_ss_1p08v_125c

  Point                                    Incr       Path
  -----------------------------------------------------------
  clock MASTER_CLK (rise edge)             0.00       0.00
  clock network delay (ideal)              0.00       0.00
  u_mul/a_reg_reg[0]/CK (DFFRX2M)          0.00       0.00 r
  u_mul/a_reg_reg[0]/Q (DFFRX2M)           0.68       0.68 f
  u_mul/U13/Y (INVX14M)                    0.33       1.01 r
  u_mul/U31/Y (NOR2X1M)                    0.29       1.31 f
  u_mul/pp7_pipe_reg[0]/D (DFFRQX2M)       0.00       1.31 f
  data arrival time                                   1.31

  clock MASTER_CLK (rise edge)             0.00       0.00
  clock network delay (ideal)              0.00       0.00
  clock uncertainty                        0.10       0.10
  u_mul/pp7_pipe_reg[0]/CK (DFFRQX2M)      0.00       0.10 r
  library hold time                       -0.07       0.03
  data required time                                  0.03
  -----------------------------------------------------------
  data required time                                  0.03
  data arrival time                                  -1.31
  -----------------------------------------------------------
  slack (MET)                                         1.27


  Startpoint: u_mul/a_reg_reg[1]
              (rising edge-triggered flip-flop clocked by MASTER_CLK)
  Endpoint: u_mul/pp7_pipe_reg[1]
            (rising edge-triggered flip-flop clocked by MASTER_CLK)
  Path Group: MASTER_CLK
  Path Type: min

  Des/Clust/Port     Wire Load Model       Library
  ------------------------------------------------
  alu8_top           tsmc13_wl30           scmetro_tsmc_cl013g_rvt_ss_1p08v_125c

  Point                                    Incr       Path
  -----------------------------------------------------------
  clock MASTER_CLK (rise edge)             0.00       0.00
  clock network delay (ideal)              0.00       0.00
  u_mul/a_reg_reg[1]/CK (DFFRX4M)          0.00       0.00 r
  u_mul/a_reg_reg[1]/Q (DFFRX4M)           0.73       0.73 f
  u_mul/U107/Y (INVX14M)                   0.29       1.02 r
  u_mul/U120/Y (NOR2X1M)                   0.29       1.31 f
  u_mul/pp7_pipe_reg[1]/D (DFFRQX2M)       0.00       1.31 f
  data arrival time                                   1.31

  clock MASTER_CLK (rise edge)             0.00       0.00
  clock network delay (ideal)              0.00       0.00
  clock uncertainty                        0.10       0.10
  u_mul/pp7_pipe_reg[1]/CK (DFFRQX2M)      0.00       0.10 r
  library hold time                       -0.06       0.04
  data required time                                  0.04
  -----------------------------------------------------------
  data required time                                  0.04
  data arrival time                                  -1.31
  -----------------------------------------------------------
  slack (MET)                                         1.28


  Startpoint: u_mul/b_reg_reg[0]
              (rising edge-triggered flip-flop clocked by MASTER_CLK)
  Endpoint: u_mul/level3_pipe_reg[1]
            (rising edge-triggered flip-flop clocked by MASTER_CLK)
  Path Group: MASTER_CLK
  Path Type: min

  Des/Clust/Port     Wire Load Model       Library
  ------------------------------------------------
  alu8_top           tsmc13_wl30           scmetro_tsmc_cl013g_rvt_ss_1p08v_125c

  Point                                                   Incr       Path
  --------------------------------------------------------------------------
  clock MASTER_CLK (rise edge)                            0.00       0.00
  clock network delay (ideal)                             0.00       0.00
  u_mul/b_reg_reg[0]/CK (DFFRQX4M)                        0.00       0.00 r
  u_mul/b_reg_reg[0]/Q (DFFRQX4M)                         0.65       0.65 f
  u_mul/U97/Y (NAND2BX8M)                                 0.16       0.81 r
  u_mul/U54/Y (INVX6M)                                    0.11       0.92 f
  u_mul/U110/Y (CLKXOR2X2M)                               0.42       1.34 f
  u_mul/add_0_root_add_0_root_add_119/A[1] (mult_unit_DW01_add_4)
                                                          0.00       1.34 f
  u_mul/add_0_root_add_0_root_add_119/SUM[1] (mult_unit_DW01_add_4)
                                                          0.00       1.34 f
  u_mul/level3_pipe_reg[1]/D (DFFRQX2M)                   0.00       1.34 f
  data arrival time                                                  1.34

  clock MASTER_CLK (rise edge)                            0.00       0.00
  clock network delay (ideal)                             0.00       0.00
  clock uncertainty                                       0.10       0.10
  u_mul/level3_pipe_reg[1]/CK (DFFRQX2M)                  0.00       0.10 r
  library hold time                                      -0.07       0.03
  data required time                                                 0.03
  --------------------------------------------------------------------------
  data required time                                                 0.03
  data arrival time                                                 -1.34
  --------------------------------------------------------------------------
  slack (MET)                                                        1.31


  Startpoint: u_mul/a_reg_reg[1]
              (rising edge-triggered flip-flop clocked by MASTER_CLK)
  Endpoint: u_mul/pp6_pipe_reg[1]
            (rising edge-triggered flip-flop clocked by MASTER_CLK)
  Path Group: MASTER_CLK
  Path Type: min

  Des/Clust/Port     Wire Load Model       Library
  ------------------------------------------------
  alu8_top           tsmc13_wl30           scmetro_tsmc_cl013g_rvt_ss_1p08v_125c

  Point                                    Incr       Path
  -----------------------------------------------------------
  clock MASTER_CLK (rise edge)             0.00       0.00
  clock network delay (ideal)              0.00       0.00
  u_mul/a_reg_reg[1]/CK (DFFRX4M)          0.00       0.00 r
  u_mul/a_reg_reg[1]/Q (DFFRX4M)           0.73       0.73 f
  u_mul/U107/Y (INVX14M)                   0.29       1.02 r
  u_mul/U121/Y (NOR2X1M)                   0.29       1.31 f
  u_mul/pp6_pipe_reg[1]/D (DFFRHQX8M)      0.00       1.31 f
  data arrival time                                   1.31

  clock MASTER_CLK (rise edge)             0.00       0.00
  clock network delay (ideal)              0.00       0.00
  clock uncertainty                        0.10       0.10
  u_mul/pp6_pipe_reg[1]/CK (DFFRHQX8M)     0.00       0.10 r
  library hold time                       -0.12      -0.02
  data required time                                 -0.02
  -----------------------------------------------------------
  data required time                                 -0.02
  data arrival time                                  -1.31
  -----------------------------------------------------------
  slack (MET)                                         1.33


  Startpoint: u_mul/a_reg_reg[1]
              (rising edge-triggered flip-flop clocked by MASTER_CLK)
  Endpoint: u_mul/pp4_pipe_reg[1]
            (rising edge-triggered flip-flop clocked by MASTER_CLK)
  Path Group: MASTER_CLK
  Path Type: min

  Des/Clust/Port     Wire Load Model       Library
  ------------------------------------------------
  alu8_top           tsmc13_wl30           scmetro_tsmc_cl013g_rvt_ss_1p08v_125c

  Point                                    Incr       Path
  -----------------------------------------------------------
  clock MASTER_CLK (rise edge)             0.00       0.00
  clock network delay (ideal)              0.00       0.00
  u_mul/a_reg_reg[1]/CK (DFFRX4M)          0.00       0.00 r
  u_mul/a_reg_reg[1]/Q (DFFRX4M)           0.73       0.73 f
  u_mul/U107/Y (INVX14M)                   0.29       1.02 r
  u_mul/U123/Y (NOR2X1M)                   0.29       1.31 f
  u_mul/pp4_pipe_reg[1]/D (DFFRHQX8M)      0.00       1.31 f
  data arrival time                                   1.31

  clock MASTER_CLK (rise edge)             0.00       0.00
  clock network delay (ideal)              0.00       0.00
  clock uncertainty                        0.10       0.10
  u_mul/pp4_pipe_reg[1]/CK (DFFRHQX8M)     0.00       0.10 r
  library hold time                       -0.12      -0.02
  data required time                                 -0.02
  -----------------------------------------------------------
  data required time                                 -0.02
  data arrival time                                  -1.31
  -----------------------------------------------------------
  slack (MET)                                         1.33


  Startpoint: u_add/en_reg_reg
              (rising edge-triggered flip-flop clocked by MASTER_CLK)
  Endpoint: u_add/valid_reg
            (rising edge-triggered flip-flop clocked by MASTER_CLK)
  Path Group: MASTER_CLK
  Path Type: min

  Des/Clust/Port     Wire Load Model       Library
  ------------------------------------------------
  alu8_top           tsmc13_wl30           scmetro_tsmc_cl013g_rvt_ss_1p08v_125c

  Point                                    Incr       Path
  -----------------------------------------------------------
  clock MASTER_CLK (rise edge)             0.00       0.00
  clock network delay (ideal)              0.00       0.00
  u_add/en_reg_reg/CK (DFFRQX2M)           0.00       0.00 r
  u_add/en_reg_reg/Q (DFFRQX2M)            0.58       0.58 f
  u_add/U7/Y (CLKBUFX6M)                   0.83       1.41 f
  u_add/valid_reg/D (DFFRQX2M)             0.00       1.41 f
  data arrival time                                   1.41

  clock MASTER_CLK (rise edge)             0.00       0.00
  clock network delay (ideal)              0.00       0.00
  clock uncertainty                        0.10       0.10
  u_add/valid_reg/CK (DFFRQX2M)            0.00       0.10 r
  library hold time                       -0.17      -0.07
  data required time                                 -0.07
  -----------------------------------------------------------
  data required time                                 -0.07
  data arrival time                                  -1.41
  -----------------------------------------------------------
  slack (MET)                                         1.47


  Startpoint: u_mul/b_reg_reg[3]
              (rising edge-triggered flip-flop clocked by MASTER_CLK)
  Endpoint: u_mul/level3_pipe_reg[4]
            (rising edge-triggered flip-flop clocked by MASTER_CLK)
  Path Group: MASTER_CLK
  Path Type: min

  Des/Clust/Port     Wire Load Model       Library
  ------------------------------------------------
  alu8_top           tsmc13_wl30           scmetro_tsmc_cl013g_rvt_ss_1p08v_125c

  Point                                                   Incr       Path
  --------------------------------------------------------------------------
  clock MASTER_CLK (rise edge)                            0.00       0.00
  clock network delay (ideal)                             0.00       0.00
  u_mul/b_reg_reg[3]/CK (DFFRX4M)                         0.00       0.00 r
  u_mul/b_reg_reg[3]/QN (DFFRX4M)                         0.54       0.54 r
  u_mul/U15/Y (BUFX32M)                                   0.23       0.77 r
  u_mul/U66/Y (NOR2X3M)                                   0.16       0.93 f
  u_mul/U37/S (ADDFHX8M)                                  0.36       1.30 r
  u_mul/add_0_root_add_0_root_add_119/B[4] (mult_unit_DW01_add_4)
                                                          0.00       1.30 r
  u_mul/add_0_root_add_0_root_add_119/U1_4/S (ADDFHX8M)
                                                          0.26       1.56 f
  u_mul/add_0_root_add_0_root_add_119/SUM[4] (mult_unit_DW01_add_4)
                                                          0.00       1.56 f
  u_mul/level3_pipe_reg[4]/D (DFFRQX2M)                   0.00       1.56 f
  data arrival time                                                  1.56

  clock MASTER_CLK (rise edge)                            0.00       0.00
  clock network delay (ideal)                             0.00       0.00
  clock uncertainty                                       0.10       0.10
  u_mul/level3_pipe_reg[4]/CK (DFFRQX2M)                  0.00       0.10 r
  library hold time                                      -0.02       0.08
  data required time                                                 0.08
  --------------------------------------------------------------------------
  data required time                                                 0.08
  data arrival time                                                 -1.56
  --------------------------------------------------------------------------
  slack (MET)                                                        1.48


  Startpoint: u_mul/b_reg_reg[3]
              (rising edge-triggered flip-flop clocked by MASTER_CLK)
  Endpoint: u_mul/level3_pipe_reg[3]
            (rising edge-triggered flip-flop clocked by MASTER_CLK)
  Path Group: MASTER_CLK
  Path Type: min

  Des/Clust/Port     Wire Load Model       Library
  ------------------------------------------------
  alu8_top           tsmc13_wl30           scmetro_tsmc_cl013g_rvt_ss_1p08v_125c

  Point                                                   Incr       Path
  --------------------------------------------------------------------------
  clock MASTER_CLK (rise edge)                            0.00       0.00
  clock network delay (ideal)                             0.00       0.00
  u_mul/b_reg_reg[3]/CK (DFFRX4M)                         0.00       0.00 r
  u_mul/b_reg_reg[3]/QN (DFFRX4M)                         0.54       0.54 r
  u_mul/U15/Y (BUFX32M)                                   0.23       0.77 r
  u_mul/U65/Y (NOR2X8M)                                   0.12       0.90 f
  u_mul/U85/Y (XOR2X2M)                                   0.31       1.20 f
  u_mul/add_0_root_add_0_root_add_119/B[3] (mult_unit_DW01_add_4)
                                                          0.00       1.20 f
  u_mul/add_0_root_add_0_root_add_119/U1_3/S (ADDFHX8M)
                                                          0.39       1.60 f
  u_mul/add_0_root_add_0_root_add_119/SUM[3] (mult_unit_DW01_add_4)
                                                          0.00       1.60 f
  u_mul/level3_pipe_reg[3]/D (DFFRQX2M)                   0.00       1.60 f
  data arrival time                                                  1.60

  clock MASTER_CLK (rise edge)                            0.00       0.00
  clock network delay (ideal)                             0.00       0.00
  clock uncertainty                                       0.10       0.10
  u_mul/level3_pipe_reg[3]/CK (DFFRQX2M)                  0.00       0.10 r
  library hold time                                      -0.02       0.08
  data required time                                                 0.08
  --------------------------------------------------------------------------
  data required time                                                 0.08
  data arrival time                                                 -1.60
  --------------------------------------------------------------------------
  slack (MET)                                                        1.52


  Startpoint: u_mul/b_reg_reg[3]
              (rising edge-triggered flip-flop clocked by MASTER_CLK)
  Endpoint: u_mul/level3_pipe_reg[11]
            (rising edge-triggered flip-flop clocked by MASTER_CLK)
  Path Group: MASTER_CLK
  Path Type: min

  Des/Clust/Port     Wire Load Model       Library
  ------------------------------------------------
  alu8_top           tsmc13_wl30           scmetro_tsmc_cl013g_rvt_ss_1p08v_125c

  Point                                                   Incr       Path
  --------------------------------------------------------------------------
  clock MASTER_CLK (rise edge)                            0.00       0.00
  clock network delay (ideal)                             0.00       0.00
  u_mul/b_reg_reg[3]/CK (DFFRX4M)                         0.00       0.00 r
  u_mul/b_reg_reg[3]/QN (DFFRX4M)                         0.54       0.54 r
  u_mul/U15/Y (BUFX32M)                                   0.23       0.77 r
  u_mul/U147/Y (NOR2X2M)                                  0.26       1.03 f
  u_mul/U7/Y (XOR2X8M)                                    0.25       1.29 f
  u_mul/add_0_root_add_0_root_add_119/B[10] (mult_unit_DW01_add_4)
                                                          0.00       1.29 f
  u_mul/add_0_root_add_0_root_add_119/U12/Y (AND2X8M)     0.21       1.50 f
  u_mul/add_0_root_add_0_root_add_119/U11/Y (XOR2X8M)     0.17       1.67 f
  u_mul/add_0_root_add_0_root_add_119/SUM[11] (mult_unit_DW01_add_4)
                                                          0.00       1.67 f
  u_mul/level3_pipe_reg[11]/D (DFFRQX2M)                  0.00       1.67 f
  data arrival time                                                  1.67

  clock MASTER_CLK (rise edge)                            0.00       0.00
  clock network delay (ideal)                             0.00       0.00
  clock uncertainty                                       0.10       0.10
  u_mul/level3_pipe_reg[11]/CK (DFFRQX2M)                 0.00       0.10 r
  library hold time                                      -0.03       0.07
  data required time                                                 0.07
  --------------------------------------------------------------------------
  data required time                                                 0.07
  data arrival time                                                 -1.67
  --------------------------------------------------------------------------
  slack (MET)                                                        1.60


  Startpoint: u_mul/b_reg_reg[3]
              (rising edge-triggered flip-flop clocked by MASTER_CLK)
  Endpoint: u_mul/level3_pipe_reg[10]
            (rising edge-triggered flip-flop clocked by MASTER_CLK)
  Path Group: MASTER_CLK
  Path Type: min

  Des/Clust/Port     Wire Load Model       Library
  ------------------------------------------------
  alu8_top           tsmc13_wl30           scmetro_tsmc_cl013g_rvt_ss_1p08v_125c

  Point                                                   Incr       Path
  --------------------------------------------------------------------------
  clock MASTER_CLK (rise edge)                            0.00       0.00
  clock network delay (ideal)                             0.00       0.00
  u_mul/b_reg_reg[3]/CK (DFFRX4M)                         0.00       0.00 r
  u_mul/b_reg_reg[3]/QN (DFFRX4M)                         0.54       0.54 r
  u_mul/U15/Y (BUFX32M)                                   0.23       0.77 r
  u_mul/U147/Y (NOR2X2M)                                  0.26       1.03 f
  u_mul/U7/Y (XOR2X8M)                                    0.25       1.29 f
  u_mul/add_0_root_add_0_root_add_119/B[10] (mult_unit_DW01_add_4)
                                                          0.00       1.29 f
  u_mul/add_0_root_add_0_root_add_119/U19/Y (CLKXOR2X2M)
                                                          0.38       1.66 f
  u_mul/add_0_root_add_0_root_add_119/SUM[10] (mult_unit_DW01_add_4)
                                                          0.00       1.66 f
  u_mul/level3_pipe_reg[10]/D (DFFRQX2M)                  0.00       1.66 f
  data arrival time                                                  1.66

  clock MASTER_CLK (rise edge)                            0.00       0.00
  clock network delay (ideal)                             0.00       0.00
  clock uncertainty                                       0.10       0.10
  u_mul/level3_pipe_reg[10]/CK (DFFRQX2M)                 0.00       0.10 r
  library hold time                                      -0.07       0.03
  data required time                                                 0.03
  --------------------------------------------------------------------------
  data required time                                                 0.03
  data arrival time                                                 -1.66
  --------------------------------------------------------------------------
  slack (MET)                                                        1.64


  Startpoint: u_mul/a_reg_reg[4]
              (rising edge-triggered flip-flop clocked by MASTER_CLK)
  Endpoint: u_mul/pp4_pipe_reg[4]
            (rising edge-triggered flip-flop clocked by MASTER_CLK)
  Path Group: MASTER_CLK
  Path Type: min

  Des/Clust/Port     Wire Load Model       Library
  ------------------------------------------------
  alu8_top           tsmc13_wl30           scmetro_tsmc_cl013g_rvt_ss_1p08v_125c

  Point                                    Incr       Path
  -----------------------------------------------------------
  clock MASTER_CLK (rise edge)             0.00       0.00
  clock network delay (ideal)              0.00       0.00
  u_mul/a_reg_reg[4]/CK (DFFRX2M)          0.00       0.00 r
  u_mul/a_reg_reg[4]/Q (DFFRX2M)           0.64       0.64 f
  u_mul/U52/Y (INVX4M)                     0.78       1.41 r
  u_mul/U161/Y (NOR2X2M)                   0.32       1.74 f
  u_mul/pp4_pipe_reg[4]/D (DFFRQX2M)       0.00       1.74 f
  data arrival time                                   1.74

  clock MASTER_CLK (rise edge)             0.00       0.00
  clock network delay (ideal)              0.00       0.00
  clock uncertainty                        0.10       0.10
  u_mul/pp4_pipe_reg[4]/CK (DFFRQX2M)      0.00       0.10 r
  library hold time                       -0.08       0.02
  data required time                                  0.02
  -----------------------------------------------------------
  data required time                                  0.02
  data arrival time                                  -1.74
  -----------------------------------------------------------
  slack (MET)                                         1.72


  Startpoint: u_mul/a_reg_reg[4]
              (rising edge-triggered flip-flop clocked by MASTER_CLK)
  Endpoint: u_mul/pp6_pipe_reg[4]
            (rising edge-triggered flip-flop clocked by MASTER_CLK)
  Path Group: MASTER_CLK
  Path Type: min

  Des/Clust/Port     Wire Load Model       Library
  ------------------------------------------------
  alu8_top           tsmc13_wl30           scmetro_tsmc_cl013g_rvt_ss_1p08v_125c

  Point                                    Incr       Path
  -----------------------------------------------------------
  clock MASTER_CLK (rise edge)             0.00       0.00
  clock network delay (ideal)              0.00       0.00
  u_mul/a_reg_reg[4]/CK (DFFRX2M)          0.00       0.00 r
  u_mul/a_reg_reg[4]/Q (DFFRX2M)           0.64       0.64 f
  u_mul/U52/Y (INVX4M)                     0.78       1.41 r
  u_mul/U151/Y (NOR2X2M)                   0.32       1.74 f
  u_mul/pp6_pipe_reg[4]/D (DFFRQX2M)       0.00       1.74 f
  data arrival time                                   1.74

  clock MASTER_CLK (rise edge)             0.00       0.00
  clock network delay (ideal)              0.00       0.00
  clock uncertainty                        0.10       0.10
  u_mul/pp6_pipe_reg[4]/CK (DFFRQX2M)      0.00       0.10 r
  library hold time                       -0.08       0.02
  data required time                                  0.02
  -----------------------------------------------------------
  data required time                                  0.02
  data arrival time                                  -1.74
  -----------------------------------------------------------
  slack (MET)                                         1.72


  Startpoint: u_mul/a_reg_reg[4]
              (rising edge-triggered flip-flop clocked by MASTER_CLK)
  Endpoint: u_mul/pp5_pipe_reg[4]
            (rising edge-triggered flip-flop clocked by MASTER_CLK)
  Path Group: MASTER_CLK
  Path Type: min

  Des/Clust/Port     Wire Load Model       Library
  ------------------------------------------------
  alu8_top           tsmc13_wl30           scmetro_tsmc_cl013g_rvt_ss_1p08v_125c

  Point                                    Incr       Path
  -----------------------------------------------------------
  clock MASTER_CLK (rise edge)             0.00       0.00
  clock network delay (ideal)              0.00       0.00
  u_mul/a_reg_reg[4]/CK (DFFRX2M)          0.00       0.00 r
  u_mul/a_reg_reg[4]/Q (DFFRX2M)           0.64       0.64 f
  u_mul/U52/Y (INVX4M)                     0.78       1.41 r
  u_mul/U157/Y (NOR2X2M)                   0.32       1.74 f
  u_mul/pp5_pipe_reg[4]/D (DFFRQX2M)       0.00       1.74 f
  data arrival time                                   1.74

  clock MASTER_CLK (rise edge)             0.00       0.00
  clock network delay (ideal)              0.00       0.00
  clock uncertainty                        0.10       0.10
  u_mul/pp5_pipe_reg[4]/CK (DFFRQX2M)      0.00       0.10 r
  library hold time                       -0.08       0.02
  data required time                                  0.02
  -----------------------------------------------------------
  data required time                                  0.02
  data arrival time                                  -1.74
  -----------------------------------------------------------
  slack (MET)                                         1.72


  Startpoint: u_mul/en_pipe_reg
              (rising edge-triggered flip-flop clocked by MASTER_CLK)
  Endpoint: u_mul/valid_reg
            (rising edge-triggered flip-flop clocked by MASTER_CLK)
  Path Group: MASTER_CLK
  Path Type: min

  Des/Clust/Port     Wire Load Model       Library
  ------------------------------------------------
  alu8_top           tsmc13_wl30           scmetro_tsmc_cl013g_rvt_ss_1p08v_125c

  Point                                    Incr       Path
  -----------------------------------------------------------
  clock MASTER_CLK (rise edge)             0.00       0.00
  clock network delay (ideal)              0.00       0.00
  u_mul/en_pipe_reg/CK (DFFRQX2M)          0.00       0.00 r
  u_mul/en_pipe_reg/Q (DFFRQX2M)           0.67       0.67 f
  u_mul/U183/Y (INVX2M)                    0.34       1.01 r
  u_mul/U64/Y (CLKINVX12M)                 0.67       1.68 f
  u_mul/valid_reg/D (DFFRQX2M)             0.00       1.68 f
  data arrival time                                   1.68

  clock MASTER_CLK (rise edge)             0.00       0.00
  clock network delay (ideal)              0.00       0.00
  clock uncertainty                        0.10       0.10
  u_mul/valid_reg/CK (DFFRQX2M)            0.00       0.10 r
  library hold time                       -0.14      -0.04
  data required time                                 -0.04
  -----------------------------------------------------------
  data required time                                 -0.04
  data arrival time                                  -1.68
  -----------------------------------------------------------
  slack (MET)                                         1.72


  Startpoint: u_mul/a_reg_reg[4]
              (rising edge-triggered flip-flop clocked by MASTER_CLK)
  Endpoint: u_mul/pp7_pipe_reg[4]
            (rising edge-triggered flip-flop clocked by MASTER_CLK)
  Path Group: MASTER_CLK
  Path Type: min

  Des/Clust/Port     Wire Load Model       Library
  ------------------------------------------------
  alu8_top           tsmc13_wl30           scmetro_tsmc_cl013g_rvt_ss_1p08v_125c

  Point                                    Incr       Path
  -----------------------------------------------------------
  clock MASTER_CLK (rise edge)             0.00       0.00
  clock network delay (ideal)              0.00       0.00
  u_mul/a_reg_reg[4]/CK (DFFRX2M)          0.00       0.00 r
  u_mul/a_reg_reg[4]/Q (DFFRX2M)           0.64       0.64 f
  u_mul/U52/Y (INVX4M)                     0.78       1.41 r
  u_mul/U166/Y (NOR2X2M)                   0.34       1.75 f
  u_mul/pp7_pipe_reg[4]/D (DFFRQX2M)       0.00       1.75 f
  data arrival time                                   1.75

  clock MASTER_CLK (rise edge)             0.00       0.00
  clock network delay (ideal)              0.00       0.00
  clock uncertainty                        0.10       0.10
  u_mul/pp7_pipe_reg[4]/CK (DFFRQX2M)      0.00       0.10 r
  library hold time                       -0.08       0.02
  data required time                                  0.02
  -----------------------------------------------------------
  data required time                                  0.02
  data arrival time                                  -1.75
  -----------------------------------------------------------
  slack (MET)                                         1.73


  Startpoint: u_mul/a_reg_reg[0]
              (rising edge-triggered flip-flop clocked by MASTER_CLK)
  Endpoint: u_mul/level3_pipe_reg[2]
            (rising edge-triggered flip-flop clocked by MASTER_CLK)
  Path Group: MASTER_CLK
  Path Type: min

  Des/Clust/Port     Wire Load Model       Library
  ------------------------------------------------
  alu8_top           tsmc13_wl30           scmetro_tsmc_cl013g_rvt_ss_1p08v_125c

  Point                                                   Incr       Path
  --------------------------------------------------------------------------
  clock MASTER_CLK (rise edge)                            0.00       0.00
  clock network delay (ideal)                             0.00       0.00
  u_mul/a_reg_reg[0]/CK (DFFRX2M)                         0.00       0.00 r
  u_mul/a_reg_reg[0]/Q (DFFRX2M)                          0.68       0.68 f
  u_mul/U13/Y (INVX14M)                                   0.33       1.01 r
  u_mul/U28/Y (NOR2X2M)                                   0.31       1.32 f
  u_mul/add_0_root_add_0_root_add_119/B[2] (mult_unit_DW01_add_4)
                                                          0.00       1.32 f
  u_mul/add_0_root_add_0_root_add_119/U1/Y (XOR2X1M)      0.42       1.74 f
  u_mul/add_0_root_add_0_root_add_119/SUM[2] (mult_unit_DW01_add_4)
                                                          0.00       1.74 f
  u_mul/level3_pipe_reg[2]/D (DFFRQX2M)                   0.00       1.74 f
  data arrival time                                                  1.74

  clock MASTER_CLK (rise edge)                            0.00       0.00
  clock network delay (ideal)                             0.00       0.00
  clock uncertainty                                       0.10       0.10
  u_mul/level3_pipe_reg[2]/CK (DFFRQX2M)                  0.00       0.10 r
  library hold time                                      -0.10       0.00
  data required time                                                 0.00
  --------------------------------------------------------------------------
  data required time                                                 0.00
  data arrival time                                                 -1.74
  --------------------------------------------------------------------------
  slack (MET)                                                        1.74


  Startpoint: u_mul/b_reg_reg[7]
              (rising edge-triggered flip-flop clocked by MASTER_CLK)
  Endpoint: u_mul/pp7_pipe_reg[5]
            (rising edge-triggered flip-flop clocked by MASTER_CLK)
  Path Group: MASTER_CLK
  Path Type: min

  Des/Clust/Port     Wire Load Model       Library
  ------------------------------------------------
  alu8_top           tsmc13_wl30           scmetro_tsmc_cl013g_rvt_ss_1p08v_125c

  Point                                    Incr       Path
  -----------------------------------------------------------
  clock MASTER_CLK (rise edge)             0.00       0.00
  clock network delay (ideal)              0.00       0.00
  u_mul/b_reg_reg[7]/CK (DFFRX1M)          0.00       0.00 r
  u_mul/b_reg_reg[7]/Q (DFFRX1M)           0.69       0.69 f
  u_mul/U125/Y (INVX4M)                    0.80       1.49 r
  u_mul/U167/Y (NOR2X2M)                   0.32       1.82 f
  u_mul/pp7_pipe_reg[5]/D (DFFRQX2M)       0.00       1.82 f
  data arrival time                                   1.82

  clock MASTER_CLK (rise edge)             0.00       0.00
  clock network delay (ideal)              0.00       0.00
  clock uncertainty                        0.10       0.10
  u_mul/pp7_pipe_reg[5]/CK (DFFRQX2M)      0.00       0.10 r
  library hold time                       -0.08       0.02
  data required time                                  0.02
  -----------------------------------------------------------
  data required time                                  0.02
  data arrival time                                  -1.82
  -----------------------------------------------------------
  slack (MET)                                         1.79


  Startpoint: u_mul/b_reg_reg[4]
              (rising edge-triggered flip-flop clocked by MASTER_CLK)
  Endpoint: u_mul/pp4_pipe_reg[7]
            (rising edge-triggered flip-flop clocked by MASTER_CLK)
  Path Group: MASTER_CLK
  Path Type: min

  Des/Clust/Port     Wire Load Model       Library
  ------------------------------------------------
  alu8_top           tsmc13_wl30           scmetro_tsmc_cl013g_rvt_ss_1p08v_125c

  Point                                    Incr       Path
  -----------------------------------------------------------
  clock MASTER_CLK (rise edge)             0.00       0.00
  clock network delay (ideal)              0.00       0.00
  u_mul/b_reg_reg[4]/CK (DFFRX1M)          0.00       0.00 r
  u_mul/b_reg_reg[4]/Q (DFFRX1M)           0.69       0.69 f
  u_mul/U128/Y (INVX4M)                    0.80       1.49 r
  u_mul/U163/Y (NOR2X2M)                   0.33       1.82 f
  u_mul/pp4_pipe_reg[7]/D (DFFRQX2M)       0.00       1.82 f
  data arrival time                                   1.82

  clock MASTER_CLK (rise edge)             0.00       0.00
  clock network delay (ideal)              0.00       0.00
  clock uncertainty                        0.10       0.10
  u_mul/pp4_pipe_reg[7]/CK (DFFRQX2M)      0.00       0.10 r
  library hold time                       -0.08       0.02
  data required time                                  0.02
  -----------------------------------------------------------
  data required time                                  0.02
  data arrival time                                  -1.82
  -----------------------------------------------------------
  slack (MET)                                         1.80


  Startpoint: u_mul/b_reg_reg[4]
              (rising edge-triggered flip-flop clocked by MASTER_CLK)
  Endpoint: u_mul/pp4_pipe_reg[5]
            (rising edge-triggered flip-flop clocked by MASTER_CLK)
  Path Group: MASTER_CLK
  Path Type: min

  Des/Clust/Port     Wire Load Model       Library
  ------------------------------------------------
  alu8_top           tsmc13_wl30           scmetro_tsmc_cl013g_rvt_ss_1p08v_125c

  Point                                    Incr       Path
  -----------------------------------------------------------
  clock MASTER_CLK (rise edge)             0.00       0.00
  clock network delay (ideal)              0.00       0.00
  u_mul/b_reg_reg[4]/CK (DFFRX1M)          0.00       0.00 r
  u_mul/b_reg_reg[4]/Q (DFFRX1M)           0.69       0.69 f
  u_mul/U128/Y (INVX4M)                    0.80       1.49 r
  u_mul/U162/Y (NOR2X2M)                   0.33       1.82 f
  u_mul/pp4_pipe_reg[5]/D (DFFRQX2M)       0.00       1.82 f
  data arrival time                                   1.82

  clock MASTER_CLK (rise edge)             0.00       0.00
  clock network delay (ideal)              0.00       0.00
  clock uncertainty                        0.10       0.10
  u_mul/pp4_pipe_reg[5]/CK (DFFRQX2M)      0.00       0.10 r
  library hold time                       -0.08       0.02
  data required time                                  0.02
  -----------------------------------------------------------
  data required time                                  0.02
  data arrival time                                  -1.82
  -----------------------------------------------------------
  slack (MET)                                         1.80


  Startpoint: u_mul/a_reg_reg[5]
              (rising edge-triggered flip-flop clocked by MASTER_CLK)
  Endpoint: u_mul/pp6_pipe_reg[5]
            (rising edge-triggered flip-flop clocked by MASTER_CLK)
  Path Group: MASTER_CLK
  Path Type: min

  Des/Clust/Port     Wire Load Model       Library
  ------------------------------------------------
  alu8_top           tsmc13_wl30           scmetro_tsmc_cl013g_rvt_ss_1p08v_125c

  Point                                    Incr       Path
  -----------------------------------------------------------
  clock MASTER_CLK (rise edge)             0.00       0.00
  clock network delay (ideal)              0.00       0.00
  u_mul/a_reg_reg[5]/CK (DFFRX1M)          0.00       0.00 r
  u_mul/a_reg_reg[5]/Q (DFFRX1M)           0.69       0.69 f
  u_mul/U109/Y (INVX4M)                    0.81       1.50 r
  u_mul/U152/Y (NOR2X2M)                   0.32       1.82 f
  u_mul/pp6_pipe_reg[5]/D (DFFRQX2M)       0.00       1.82 f
  data arrival time                                   1.82

  clock MASTER_CLK (rise edge)             0.00       0.00
  clock network delay (ideal)              0.00       0.00
  clock uncertainty                        0.10       0.10
  u_mul/pp6_pipe_reg[5]/CK (DFFRQX2M)      0.00       0.10 r
  library hold time                       -0.08       0.02
  data required time                                  0.02
  -----------------------------------------------------------
  data required time                                  0.02
  data arrival time                                  -1.82
  -----------------------------------------------------------
  slack (MET)                                         1.80


  Startpoint: u_mul/a_reg_reg[5]
              (rising edge-triggered flip-flop clocked by MASTER_CLK)
  Endpoint: u_mul/pp5_pipe_reg[5]
            (rising edge-triggered flip-flop clocked by MASTER_CLK)
  Path Group: MASTER_CLK
  Path Type: min

  Des/Clust/Port     Wire Load Model       Library
  ------------------------------------------------
  alu8_top           tsmc13_wl30           scmetro_tsmc_cl013g_rvt_ss_1p08v_125c

  Point                                    Incr       Path
  -----------------------------------------------------------
  clock MASTER_CLK (rise edge)             0.00       0.00
  clock network delay (ideal)              0.00       0.00
  u_mul/a_reg_reg[5]/CK (DFFRX1M)          0.00       0.00 r
  u_mul/a_reg_reg[5]/Q (DFFRX1M)           0.69       0.69 f
  u_mul/U109/Y (INVX4M)                    0.81       1.50 r
  u_mul/U158/Y (NOR2X2M)                   0.32       1.82 f
  u_mul/pp5_pipe_reg[5]/D (DFFRQX2M)       0.00       1.82 f
  data arrival time                                   1.82

  clock MASTER_CLK (rise edge)             0.00       0.00
  clock network delay (ideal)              0.00       0.00
  clock uncertainty                        0.10       0.10
  u_mul/pp5_pipe_reg[5]/CK (DFFRQX2M)      0.00       0.10 r
  library hold time                       -0.08       0.02
  data required time                                  0.02
  -----------------------------------------------------------
  data required time                                  0.02
  data arrival time                                  -1.82
  -----------------------------------------------------------
  slack (MET)                                         1.80


  Startpoint: u_mul/b_reg_reg[6]
              (rising edge-triggered flip-flop clocked by MASTER_CLK)
  Endpoint: u_mul/pp6_pipe_reg[7]
            (rising edge-triggered flip-flop clocked by MASTER_CLK)
  Path Group: MASTER_CLK
  Path Type: min

  Des/Clust/Port     Wire Load Model       Library
  ------------------------------------------------
  alu8_top           tsmc13_wl30           scmetro_tsmc_cl013g_rvt_ss_1p08v_125c

  Point                                    Incr       Path
  -----------------------------------------------------------
  clock MASTER_CLK (rise edge)             0.00       0.00
  clock network delay (ideal)              0.00       0.00
  u_mul/b_reg_reg[6]/CK (DFFRX1M)          0.00       0.00 r
  u_mul/b_reg_reg[6]/Q (DFFRX1M)           0.69       0.69 f
  u_mul/U126/Y (INVX4M)                    0.80       1.49 r
  u_mul/U153/Y (NOR2X2M)                   0.34       1.83 f
  u_mul/pp6_pipe_reg[7]/D (DFFRQX2M)       0.00       1.83 f
  data arrival time                                   1.83

  clock MASTER_CLK (rise edge)             0.00       0.00
  clock network delay (ideal)              0.00       0.00
  clock uncertainty                        0.10       0.10
  u_mul/pp6_pipe_reg[7]/CK (DFFRQX2M)      0.00       0.10 r
  library hold time                       -0.08       0.02
  data required time                                  0.02
  -----------------------------------------------------------
  data required time                                  0.02
  data arrival time                                  -1.83
  -----------------------------------------------------------
  slack (MET)                                         1.80


  Startpoint: u_mul/a_reg_reg[7]
              (rising edge-triggered flip-flop clocked by MASTER_CLK)
  Endpoint: u_mul/pp7_pipe_reg[7]
            (rising edge-triggered flip-flop clocked by MASTER_CLK)
  Path Group: MASTER_CLK
  Path Type: min

  Des/Clust/Port     Wire Load Model       Library
  ------------------------------------------------
  alu8_top           tsmc13_wl30           scmetro_tsmc_cl013g_rvt_ss_1p08v_125c

  Point                                    Incr       Path
  -----------------------------------------------------------
  clock MASTER_CLK (rise edge)             0.00       0.00
  clock network delay (ideal)              0.00       0.00
  u_mul/a_reg_reg[7]/CK (DFFRX1M)          0.00       0.00 r
  u_mul/a_reg_reg[7]/Q (DFFRX1M)           0.69       0.69 f
  u_mul/U124/Y (INVX4M)                    0.81       1.50 r
  u_mul/U168/Y (NOR2X2M)                   0.32       1.83 f
  u_mul/pp7_pipe_reg[7]/D (DFFRQX2M)       0.00       1.83 f
  data arrival time                                   1.83

  clock MASTER_CLK (rise edge)             0.00       0.00
  clock network delay (ideal)              0.00       0.00
  clock uncertainty                        0.10       0.10
  u_mul/pp7_pipe_reg[7]/CK (DFFRQX2M)      0.00       0.10 r
  library hold time                       -0.08       0.02
  data required time                                  0.02
  -----------------------------------------------------------
  data required time                                  0.02
  data arrival time                                  -1.83
  -----------------------------------------------------------
  slack (MET)                                         1.81


  Startpoint: u_mul/a_reg_reg[7]
              (rising edge-triggered flip-flop clocked by MASTER_CLK)
  Endpoint: u_mul/pp5_pipe_reg[7]
            (rising edge-triggered flip-flop clocked by MASTER_CLK)
  Path Group: MASTER_CLK
  Path Type: min

  Des/Clust/Port     Wire Load Model       Library
  ------------------------------------------------
  alu8_top           tsmc13_wl30           scmetro_tsmc_cl013g_rvt_ss_1p08v_125c

  Point                                    Incr       Path
  -----------------------------------------------------------
  clock MASTER_CLK (rise edge)             0.00       0.00
  clock network delay (ideal)              0.00       0.00
  u_mul/a_reg_reg[7]/CK (DFFRX1M)          0.00       0.00 r
  u_mul/a_reg_reg[7]/Q (DFFRX1M)           0.69       0.69 f
  u_mul/U124/Y (INVX4M)                    0.81       1.50 r
  u_mul/U159/Y (NOR2X2M)                   0.32       1.83 f
  u_mul/pp5_pipe_reg[7]/D (DFFRQX2M)       0.00       1.83 f
  data arrival time                                   1.83

  clock MASTER_CLK (rise edge)             0.00       0.00
  clock network delay (ideal)              0.00       0.00
  clock uncertainty                        0.10       0.10
  u_mul/pp5_pipe_reg[7]/CK (DFFRQX2M)      0.00       0.10 r
  library hold time                       -0.08       0.02
  data required time                                  0.02
  -----------------------------------------------------------
  data required time                                  0.02
  data arrival time                                  -1.83
  -----------------------------------------------------------
  slack (MET)                                         1.81


  Startpoint: u_mul/b_reg_reg[3]
              (rising edge-triggered flip-flop clocked by MASTER_CLK)
  Endpoint: u_mul/level3_pipe_reg[6]
            (rising edge-triggered flip-flop clocked by MASTER_CLK)
  Path Group: MASTER_CLK
  Path Type: min

  Des/Clust/Port     Wire Load Model       Library
  ------------------------------------------------
  alu8_top           tsmc13_wl30           scmetro_tsmc_cl013g_rvt_ss_1p08v_125c

  Point                                                   Incr       Path
  --------------------------------------------------------------------------
  clock MASTER_CLK (rise edge)                            0.00       0.00
  clock network delay (ideal)                             0.00       0.00
  u_mul/b_reg_reg[3]/CK (DFFRX4M)                         0.00       0.00 r
  u_mul/b_reg_reg[3]/QN (DFFRX4M)                         0.54       0.54 r
  u_mul/U15/Y (BUFX32M)                                   0.23       0.77 r
  u_mul/U24/Y (NOR2X6M)                                   0.12       0.89 f
  u_mul/U84/S (ADDFHX4M)                                  0.46       1.35 f
  u_mul/add_0_root_add_0_root_add_119/B[5] (mult_unit_DW01_add_4)
                                                          0.00       1.35 f
  u_mul/add_0_root_add_0_root_add_119/U8/Y (CLKNAND2X8M)
                                                          0.18       1.53 r
  u_mul/add_0_root_add_0_root_add_119/U9/Y (NAND3X12M)
                                                          0.12       1.65 f
  u_mul/add_0_root_add_0_root_add_119/U1_6/S (ADDFHX8M)
                                                          0.22       1.87 f
  u_mul/add_0_root_add_0_root_add_119/SUM[6] (mult_unit_DW01_add_4)
                                                          0.00       1.87 f
  u_mul/level3_pipe_reg[6]/D (DFFRHQX8M)                  0.00       1.87 f
  data arrival time                                                  1.87

  clock MASTER_CLK (rise edge)                            0.00       0.00
  clock network delay (ideal)                             0.00       0.00
  clock uncertainty                                       0.10       0.10
  u_mul/level3_pipe_reg[6]/CK (DFFRHQX8M)                 0.00       0.10 r
  library hold time                                      -0.06       0.04
  data required time                                                 0.04
  --------------------------------------------------------------------------
  data required time                                                 0.04
  data arrival time                                                 -1.87
  --------------------------------------------------------------------------
  slack (MET)                                                        1.83


  Startpoint: u_mul/b_reg_reg[3]
              (rising edge-triggered flip-flop clocked by MASTER_CLK)
  Endpoint: u_mul/level3_pipe_reg[8]
            (rising edge-triggered flip-flop clocked by MASTER_CLK)
  Path Group: MASTER_CLK
  Path Type: min

  Des/Clust/Port     Wire Load Model       Library
  ------------------------------------------------
  alu8_top           tsmc13_wl30           scmetro_tsmc_cl013g_rvt_ss_1p08v_125c

  Point                                                   Incr       Path
  --------------------------------------------------------------------------
  clock MASTER_CLK (rise edge)                            0.00       0.00
  clock network delay (ideal)                             0.00       0.00
  u_mul/b_reg_reg[3]/CK (DFFRX4M)                         0.00       0.00 r
  u_mul/b_reg_reg[3]/QN (DFFRX4M)                         0.54       0.54 r
  u_mul/U15/Y (BUFX32M)                                   0.23       0.77 r
  u_mul/U146/Y (NOR2X2M)                                  0.17       0.94 f
  u_mul/U145/S (ADDFX2M)                                  0.68       1.62 r
  u_mul/add_0_root_add_0_root_add_119/B[8] (mult_unit_DW01_add_4)
                                                          0.00       1.62 r
  u_mul/add_0_root_add_0_root_add_119/U1_8/S (ADDFHX4M)
                                                          0.31       1.93 f
  u_mul/add_0_root_add_0_root_add_119/SUM[8] (mult_unit_DW01_add_4)
                                                          0.00       1.93 f
  u_mul/level3_pipe_reg[8]/D (DFFRQX2M)                   0.00       1.93 f
  data arrival time                                                  1.93

  clock MASTER_CLK (rise edge)                            0.00       0.00
  clock network delay (ideal)                             0.00       0.00
  clock uncertainty                                       0.10       0.10
  u_mul/level3_pipe_reg[8]/CK (DFFRQX2M)                  0.00       0.10 r
  library hold time                                      -0.03       0.07
  data required time                                                 0.07
  --------------------------------------------------------------------------
  data required time                                                 0.07
  data arrival time                                                 -1.93
  --------------------------------------------------------------------------
  slack (MET)                                                        1.86


  Startpoint: u_mul/a_reg_reg[6]
              (rising edge-triggered flip-flop clocked by MASTER_CLK)
  Endpoint: u_mul/pp5_pipe_reg[6]
            (rising edge-triggered flip-flop clocked by MASTER_CLK)
  Path Group: MASTER_CLK
  Path Type: min

  Des/Clust/Port     Wire Load Model       Library
  ------------------------------------------------
  alu8_top           tsmc13_wl30           scmetro_tsmc_cl013g_rvt_ss_1p08v_125c

  Point                                    Incr       Path
  -----------------------------------------------------------
  clock MASTER_CLK (rise edge)             0.00       0.00
  clock network delay (ideal)              0.00       0.00
  u_mul/a_reg_reg[6]/CK (DFFRX1M)          0.00       0.00 r
  u_mul/a_reg_reg[6]/Q (DFFRX1M)           0.69       0.69 f
  u_mul/U51/Y (INVX4M)                     0.79       1.48 r
  u_mul/U117/Y (NOR2X1M)                   0.44       1.92 f
  u_mul/pp5_pipe_reg[6]/D (DFFRQX2M)       0.00       1.92 f
  data arrival time                                   1.92

  clock MASTER_CLK (rise edge)             0.00       0.00
  clock network delay (ideal)              0.00       0.00
  clock uncertainty                        0.10       0.10
  u_mul/pp5_pipe_reg[6]/CK (DFFRQX2M)      0.00       0.10 r
  library hold time                       -0.09       0.01
  data required time                                  0.01
  -----------------------------------------------------------
  data required time                                  0.01
  data arrival time                                  -1.92
  -----------------------------------------------------------
  slack (MET)                                         1.91


  Startpoint: u_mul/a_reg_reg[6]
              (rising edge-triggered flip-flop clocked by MASTER_CLK)
  Endpoint: u_mul/pp4_pipe_reg[6]
            (rising edge-triggered flip-flop clocked by MASTER_CLK)
  Path Group: MASTER_CLK
  Path Type: min

  Des/Clust/Port     Wire Load Model       Library
  ------------------------------------------------
  alu8_top           tsmc13_wl30           scmetro_tsmc_cl013g_rvt_ss_1p08v_125c

  Point                                    Incr       Path
  -----------------------------------------------------------
  clock MASTER_CLK (rise edge)             0.00       0.00
  clock network delay (ideal)              0.00       0.00
  u_mul/a_reg_reg[6]/CK (DFFRX1M)          0.00       0.00 r
  u_mul/a_reg_reg[6]/Q (DFFRX1M)           0.69       0.69 f
  u_mul/U51/Y (INVX4M)                     0.79       1.48 r
  u_mul/U118/Y (NOR2X1M)                   0.44       1.92 f
  u_mul/pp4_pipe_reg[6]/D (DFFRQX2M)       0.00       1.92 f
  data arrival time                                   1.92

  clock MASTER_CLK (rise edge)             0.00       0.00
  clock network delay (ideal)              0.00       0.00
  clock uncertainty                        0.10       0.10
  u_mul/pp4_pipe_reg[6]/CK (DFFRQX2M)      0.00       0.10 r
  library hold time                       -0.09       0.01
  data required time                                  0.01
  -----------------------------------------------------------
  data required time                                  0.01
  data arrival time                                  -1.92
  -----------------------------------------------------------
  slack (MET)                                         1.91


  Startpoint: u_mul/a_reg_reg[6]
              (rising edge-triggered flip-flop clocked by MASTER_CLK)
  Endpoint: u_mul/pp6_pipe_reg[6]
            (rising edge-triggered flip-flop clocked by MASTER_CLK)
  Path Group: MASTER_CLK
  Path Type: min

  Des/Clust/Port     Wire Load Model       Library
  ------------------------------------------------
  alu8_top           tsmc13_wl30           scmetro_tsmc_cl013g_rvt_ss_1p08v_125c

  Point                                    Incr       Path
  -----------------------------------------------------------
  clock MASTER_CLK (rise edge)             0.00       0.00
  clock network delay (ideal)              0.00       0.00
  u_mul/a_reg_reg[6]/CK (DFFRX1M)          0.00       0.00 r
  u_mul/a_reg_reg[6]/Q (DFFRX1M)           0.69       0.69 f
  u_mul/U51/Y (INVX4M)                     0.79       1.48 r
  u_mul/U116/Y (NOR2X1M)                   0.44       1.92 f
  u_mul/pp6_pipe_reg[6]/D (DFFRQX2M)       0.00       1.92 f
  data arrival time                                   1.92

  clock MASTER_CLK (rise edge)             0.00       0.00
  clock network delay (ideal)              0.00       0.00
  clock uncertainty                        0.10       0.10
  u_mul/pp6_pipe_reg[6]/CK (DFFRQX2M)      0.00       0.10 r
  library hold time                       -0.09       0.01
  data required time                                  0.01
  -----------------------------------------------------------
  data required time                                  0.01
  data arrival time                                  -1.92
  -----------------------------------------------------------
  slack (MET)                                         1.91


  Startpoint: u_mul/a_reg_reg[6]
              (rising edge-triggered flip-flop clocked by MASTER_CLK)
  Endpoint: u_mul/pp7_pipe_reg[6]
            (rising edge-triggered flip-flop clocked by MASTER_CLK)
  Path Group: MASTER_CLK
  Path Type: min

  Des/Clust/Port     Wire Load Model       Library
  ------------------------------------------------
  alu8_top           tsmc13_wl30           scmetro_tsmc_cl013g_rvt_ss_1p08v_125c

  Point                                    Incr       Path
  -----------------------------------------------------------
  clock MASTER_CLK (rise edge)             0.00       0.00
  clock network delay (ideal)              0.00       0.00
  u_mul/a_reg_reg[6]/CK (DFFRX1M)          0.00       0.00 r
  u_mul/a_reg_reg[6]/Q (DFFRX1M)           0.69       0.69 f
  u_mul/U51/Y (INVX4M)                     0.79       1.48 r
  u_mul/U119/Y (NOR2X1M)                   0.45       1.93 f
  u_mul/pp7_pipe_reg[6]/D (DFFRQX2M)       0.00       1.93 f
  data arrival time                                   1.93

  clock MASTER_CLK (rise edge)             0.00       0.00
  clock network delay (ideal)              0.00       0.00
  clock uncertainty                        0.10       0.10
  u_mul/pp7_pipe_reg[6]/CK (DFFRQX2M)      0.00       0.10 r
  library hold time                       -0.09       0.01
  data required time                                  0.01
  -----------------------------------------------------------
  data required time                                  0.01
  data arrival time                                  -1.93
  -----------------------------------------------------------
  slack (MET)                                         1.92


  Startpoint: u_mul/b_reg_reg[3]
              (rising edge-triggered flip-flop clocked by MASTER_CLK)
  Endpoint: u_mul/level3_pipe_reg[9]
            (rising edge-triggered flip-flop clocked by MASTER_CLK)
  Path Group: MASTER_CLK
  Path Type: min

  Des/Clust/Port     Wire Load Model       Library
  ------------------------------------------------
  alu8_top           tsmc13_wl30           scmetro_tsmc_cl013g_rvt_ss_1p08v_125c

  Point                                                   Incr       Path
  --------------------------------------------------------------------------
  clock MASTER_CLK (rise edge)                            0.00       0.00
  clock network delay (ideal)                             0.00       0.00
  u_mul/b_reg_reg[3]/CK (DFFRX4M)                         0.00       0.00 r
  u_mul/b_reg_reg[3]/QN (DFFRX4M)                         0.54       0.54 r
  u_mul/U15/Y (BUFX32M)                                   0.23       0.77 r
  u_mul/U114/Y (NOR2X1M)                                  0.24       1.01 f
  u_mul/U49/S (ADDFX2M)                                   0.70       1.71 r
  u_mul/add_0_root_add_0_root_add_119/B[9] (mult_unit_DW01_add_4)
                                                          0.00       1.71 r
  u_mul/add_0_root_add_0_root_add_119/U1_9/S (ADDFHX8M)
                                                          0.30       2.01 f
  u_mul/add_0_root_add_0_root_add_119/SUM[9] (mult_unit_DW01_add_4)
                                                          0.00       2.01 f
  u_mul/level3_pipe_reg[9]/D (DFFRQX2M)                   0.00       2.01 f
  data arrival time                                                  2.01

  clock MASTER_CLK (rise edge)                            0.00       0.00
  clock network delay (ideal)                             0.00       0.00
  clock uncertainty                                       0.10       0.10
  u_mul/level3_pipe_reg[9]/CK (DFFRQX2M)                  0.00       0.10 r
  library hold time                                      -0.02       0.08
  data required time                                                 0.08
  --------------------------------------------------------------------------
  data required time                                                 0.08
  data arrival time                                                 -2.01
  --------------------------------------------------------------------------
  slack (MET)                                                        1.94


  Startpoint: u_mul/b_reg_reg[3]
              (rising edge-triggered flip-flop clocked by MASTER_CLK)
  Endpoint: u_mul/level3_pipe_reg[5]
            (rising edge-triggered flip-flop clocked by MASTER_CLK)
  Path Group: MASTER_CLK
  Path Type: min

  Des/Clust/Port     Wire Load Model       Library
  ------------------------------------------------
  alu8_top           tsmc13_wl30           scmetro_tsmc_cl013g_rvt_ss_1p08v_125c

  Point                                                   Incr       Path
  --------------------------------------------------------------------------
  clock MASTER_CLK (rise edge)                            0.00       0.00
  clock network delay (ideal)                             0.00       0.00
  u_mul/b_reg_reg[3]/CK (DFFRX4M)                         0.00       0.00 r
  u_mul/b_reg_reg[3]/QN (DFFRX4M)                         0.54       0.54 r
  u_mul/U15/Y (BUFX32M)                                   0.23       0.77 r
  u_mul/U66/Y (NOR2X3M)                                   0.16       0.93 f
  u_mul/U37/S (ADDFHX8M)                                  0.36       1.30 r
  u_mul/add_0_root_add_0_root_add_119/B[4] (mult_unit_DW01_add_4)
                                                          0.00       1.30 r
  u_mul/add_0_root_add_0_root_add_119/U1_4/CO (ADDFHX8M)
                                                          0.41       1.71 r
  u_mul/add_0_root_add_0_root_add_119/U6/Y (XOR2X1M)      0.35       2.05 f
  u_mul/add_0_root_add_0_root_add_119/SUM[5] (mult_unit_DW01_add_4)
                                                          0.00       2.05 f
  u_mul/level3_pipe_reg[5]/D (DFFRQX2M)                   0.00       2.05 f
  data arrival time                                                  2.05

  clock MASTER_CLK (rise edge)                            0.00       0.00
  clock network delay (ideal)                             0.00       0.00
  clock uncertainty                                       0.10       0.10
  u_mul/level3_pipe_reg[5]/CK (DFFRQX2M)                  0.00       0.10 r
  library hold time                                      -0.10       0.00
  data required time                                                 0.00
  --------------------------------------------------------------------------
  data required time                                                 0.00
  data arrival time                                                 -2.05
  --------------------------------------------------------------------------
  slack (MET)                                                        2.05


  Startpoint: u_mul/b_reg_reg[3]
              (rising edge-triggered flip-flop clocked by MASTER_CLK)
  Endpoint: u_mul/level3_pipe_reg[7]
            (rising edge-triggered flip-flop clocked by MASTER_CLK)
  Path Group: MASTER_CLK
  Path Type: min

  Des/Clust/Port     Wire Load Model       Library
  ------------------------------------------------
  alu8_top           tsmc13_wl30           scmetro_tsmc_cl013g_rvt_ss_1p08v_125c

  Point                                                   Incr       Path
  --------------------------------------------------------------------------
  clock MASTER_CLK (rise edge)                            0.00       0.00
  clock network delay (ideal)                             0.00       0.00
  u_mul/b_reg_reg[3]/CK (DFFRX4M)                         0.00       0.00 r
  u_mul/b_reg_reg[3]/QN (DFFRX4M)                         0.54       0.54 r
  u_mul/U15/Y (BUFX32M)                                   0.23       0.77 r
  u_mul/U142/Y (NOR2X2M)                                  0.17       0.94 f
  u_mul/U141/S (ADDFX2M)                                  0.66       1.59 r
  u_mul/add_0_root_add_0_root_add_119/B[6] (mult_unit_DW01_add_4)
                                                          0.00       1.59 r
  u_mul/add_0_root_add_0_root_add_119/U1_6/CO (ADDFHX8M)
                                                          0.43       2.02 r
  u_mul/add_0_root_add_0_root_add_119/U15/Y (XOR2X1M)     0.35       2.38 f
  u_mul/add_0_root_add_0_root_add_119/SUM[7] (mult_unit_DW01_add_4)
                                                          0.00       2.38 f
  u_mul/level3_pipe_reg[7]/D (DFFRHQX8M)                  0.00       2.38 f
  data arrival time                                                  2.38

  clock MASTER_CLK (rise edge)                            0.00       0.00
  clock network delay (ideal)                             0.00       0.00
  clock uncertainty                                       0.10       0.10
  u_mul/level3_pipe_reg[7]/CK (DFFRHQX8M)                 0.00       0.10 r
  library hold time                                      -0.16      -0.06
  data required time                                                -0.06
  --------------------------------------------------------------------------
  data required time                                                -0.06
  data arrival time                                                 -2.38
  --------------------------------------------------------------------------
  slack (MET)                                                        2.43


  Startpoint: u_mul/valid_reg
              (rising edge-triggered flip-flop clocked by MASTER_CLK)
  Endpoint: valid (output port clocked by MASTER_CLK)
  Path Group: REGOUT
  Path Type: min

  Des/Clust/Port     Wire Load Model       Library
  ------------------------------------------------
  alu8_top           tsmc13_wl30           scmetro_tsmc_cl013g_rvt_ss_1p08v_125c

  Point                                    Incr       Path
  -----------------------------------------------------------
  clock MASTER_CLK (rise edge)             0.00       0.00
  clock network delay (ideal)              0.00       0.00
  u_mul/valid_reg/CK (DFFRQX2M)            0.00       0.00 r
  u_mul/valid_reg/Q (DFFRQX2M)             0.59       0.59 f
  u_mul/valid (mult_unit)                  0.00       0.59 f
  U2/Y (AO22X8M)                           0.55       1.14 f
  valid (out)                              0.00       1.14 f
  data arrival time                                   1.14

  clock MASTER_CLK (rise edge)             0.00       0.00
  clock network delay (ideal)              0.00       0.00
  clock uncertainty                        0.10       0.10
  output external delay                   -1.20      -1.10
  data required time                                 -1.10
  -----------------------------------------------------------
  data required time                                 -1.10
  data arrival time                                  -1.14
  -----------------------------------------------------------
  slack (MET)                                         2.24


  Startpoint: u_mul/product_reg[11]
              (rising edge-triggered flip-flop clocked by MASTER_CLK)
  Endpoint: result[11] (output port clocked by MASTER_CLK)
  Path Group: REGOUT
  Path Type: min

  Des/Clust/Port     Wire Load Model       Library
  ------------------------------------------------
  alu8_top           tsmc13_wl30           scmetro_tsmc_cl013g_rvt_ss_1p08v_125c

  Point                                    Incr       Path
  -----------------------------------------------------------
  clock MASTER_CLK (rise edge)             0.00       0.00
  clock network delay (ideal)              0.00       0.00
  u_mul/product_reg[11]/CK (DFFRQX2M)      0.00       0.00 r
  u_mul/product_reg[11]/Q (DFFRQX2M)       0.67       0.67 f
  u_mul/product[11] (mult_unit)            0.00       0.67 f
  U27/Y (AND2X8M)                          0.57       1.24 f
  result[11] (out)                         0.00       1.24 f
  data arrival time                                   1.24

  clock MASTER_CLK (rise edge)             0.00       0.00
  clock network delay (ideal)              0.00       0.00
  clock uncertainty                        0.10       0.10
  output external delay                   -1.20      -1.10
  data required time                                 -1.10
  -----------------------------------------------------------
  data required time                                 -1.10
  data arrival time                                  -1.24
  -----------------------------------------------------------
  slack (MET)                                         2.34


  Startpoint: u_mul/product_reg[10]
              (rising edge-triggered flip-flop clocked by MASTER_CLK)
  Endpoint: result[10] (output port clocked by MASTER_CLK)
  Path Group: REGOUT
  Path Type: min

  Des/Clust/Port     Wire Load Model       Library
  ------------------------------------------------
  alu8_top           tsmc13_wl30           scmetro_tsmc_cl013g_rvt_ss_1p08v_125c

  Point                                    Incr       Path
  -----------------------------------------------------------
  clock MASTER_CLK (rise edge)             0.00       0.00
  clock network delay (ideal)              0.00       0.00
  u_mul/product_reg[10]/CK (DFFRQX2M)      0.00       0.00 r
  u_mul/product_reg[10]/Q (DFFRQX2M)       0.67       0.67 f
  u_mul/product[10] (mult_unit)            0.00       0.67 f
  U26/Y (AND2X8M)                          0.57       1.24 f
  result[10] (out)                         0.00       1.24 f
  data arrival time                                   1.24

  clock MASTER_CLK (rise edge)             0.00       0.00
  clock network delay (ideal)              0.00       0.00
  clock uncertainty                        0.10       0.10
  output external delay                   -1.20      -1.10
  data required time                                 -1.10
  -----------------------------------------------------------
  data required time                                 -1.10
  data arrival time                                  -1.24
  -----------------------------------------------------------
  slack (MET)                                         2.34


  Startpoint: u_mul/product_reg[9]
              (rising edge-triggered flip-flop clocked by MASTER_CLK)
  Endpoint: result[9] (output port clocked by MASTER_CLK)
  Path Group: REGOUT
  Path Type: min

  Des/Clust/Port     Wire Load Model       Library
  ------------------------------------------------
  alu8_top           tsmc13_wl30           scmetro_tsmc_cl013g_rvt_ss_1p08v_125c

  Point                                    Incr       Path
  -----------------------------------------------------------
  clock MASTER_CLK (rise edge)             0.00       0.00
  clock network delay (ideal)              0.00       0.00
  u_mul/product_reg[9]/CK (DFFRQX2M)       0.00       0.00 r
  u_mul/product_reg[9]/Q (DFFRQX2M)        0.67       0.67 f
  u_mul/product[9] (mult_unit)             0.00       0.67 f
  U25/Y (AND2X8M)                          0.57       1.24 f
  result[9] (out)                          0.00       1.24 f
  data arrival time                                   1.24

  clock MASTER_CLK (rise edge)             0.00       0.00
  clock network delay (ideal)              0.00       0.00
  clock uncertainty                        0.10       0.10
  output external delay                   -1.20      -1.10
  data required time                                 -1.10
  -----------------------------------------------------------
  data required time                                 -1.10
  data arrival time                                  -1.24
  -----------------------------------------------------------
  slack (MET)                                         2.34


  Startpoint: u_mul/product_reg[13]
              (rising edge-triggered flip-flop clocked by MASTER_CLK)
  Endpoint: result[13] (output port clocked by MASTER_CLK)
  Path Group: REGOUT
  Path Type: min

  Des/Clust/Port     Wire Load Model       Library
  ------------------------------------------------
  alu8_top           tsmc13_wl30           scmetro_tsmc_cl013g_rvt_ss_1p08v_125c

  Point                                    Incr       Path
  -----------------------------------------------------------
  clock MASTER_CLK (rise edge)             0.00       0.00
  clock network delay (ideal)              0.00       0.00
  u_mul/product_reg[13]/CK (DFFRQX2M)      0.00       0.00 r
  u_mul/product_reg[13]/Q (DFFRQX2M)       0.68       0.68 f
  u_mul/product[13] (mult_unit)            0.00       0.68 f
  U29/Y (AND2X8M)                          0.57       1.25 f
  result[13] (out)                         0.00       1.25 f
  data arrival time                                   1.25

  clock MASTER_CLK (rise edge)             0.00       0.00
  clock network delay (ideal)              0.00       0.00
  clock uncertainty                        0.10       0.10
  output external delay                   -1.20      -1.10
  data required time                                 -1.10
  -----------------------------------------------------------
  data required time                                 -1.10
  data arrival time                                  -1.25
  -----------------------------------------------------------
  slack (MET)                                         2.35


  Startpoint: u_mul/product_reg[12]
              (rising edge-triggered flip-flop clocked by MASTER_CLK)
  Endpoint: result[12] (output port clocked by MASTER_CLK)
  Path Group: REGOUT
  Path Type: min

  Des/Clust/Port     Wire Load Model       Library
  ------------------------------------------------
  alu8_top           tsmc13_wl30           scmetro_tsmc_cl013g_rvt_ss_1p08v_125c

  Point                                    Incr       Path
  -----------------------------------------------------------
  clock MASTER_CLK (rise edge)             0.00       0.00
  clock network delay (ideal)              0.00       0.00
  u_mul/product_reg[12]/CK (DFFRQX2M)      0.00       0.00 r
  u_mul/product_reg[12]/Q (DFFRQX2M)       0.68       0.68 f
  u_mul/product[12] (mult_unit)            0.00       0.68 f
  U28/Y (AND2X8M)                          0.57       1.25 f
  result[12] (out)                         0.00       1.25 f
  data arrival time                                   1.25

  clock MASTER_CLK (rise edge)             0.00       0.00
  clock network delay (ideal)              0.00       0.00
  clock uncertainty                        0.10       0.10
  output external delay                   -1.20      -1.10
  data required time                                 -1.10
  -----------------------------------------------------------
  data required time                                 -1.10
  data arrival time                                  -1.25
  -----------------------------------------------------------
  slack (MET)                                         2.35


  Startpoint: u_mul/product_reg[8]
              (rising edge-triggered flip-flop clocked by MASTER_CLK)
  Endpoint: result[8] (output port clocked by MASTER_CLK)
  Path Group: REGOUT
  Path Type: min

  Des/Clust/Port     Wire Load Model       Library
  ------------------------------------------------
  alu8_top           tsmc13_wl30           scmetro_tsmc_cl013g_rvt_ss_1p08v_125c

  Point                                    Incr       Path
  -----------------------------------------------------------
  clock MASTER_CLK (rise edge)             0.00       0.00
  clock network delay (ideal)              0.00       0.00
  u_mul/product_reg[8]/CK (DFFRQX2M)       0.00       0.00 r
  u_mul/product_reg[8]/Q (DFFRQX2M)        0.68       0.68 f
  u_mul/product[8] (mult_unit)             0.00       0.68 f
  U4/Y (AO22X8M)                           0.59       1.27 f
  result[8] (out)                          0.00       1.27 f
  data arrival time                                   1.27

  clock MASTER_CLK (rise edge)             0.00       0.00
  clock network delay (ideal)              0.00       0.00
  clock uncertainty                        0.10       0.10
  output external delay                   -1.20      -1.10
  data required time                                 -1.10
  -----------------------------------------------------------
  data required time                                 -1.10
  data arrival time                                  -1.27
  -----------------------------------------------------------
  slack (MET)                                         2.37


  Startpoint: u_mul/product_reg[7]
              (rising edge-triggered flip-flop clocked by MASTER_CLK)
  Endpoint: result[7] (output port clocked by MASTER_CLK)
  Path Group: REGOUT
  Path Type: min

  Des/Clust/Port     Wire Load Model       Library
  ------------------------------------------------
  alu8_top           tsmc13_wl30           scmetro_tsmc_cl013g_rvt_ss_1p08v_125c

  Point                                    Incr       Path
  -----------------------------------------------------------
  clock MASTER_CLK (rise edge)             0.00       0.00
  clock network delay (ideal)              0.00       0.00
  u_mul/product_reg[7]/CK (DFFRQX2M)       0.00       0.00 r
  u_mul/product_reg[7]/Q (DFFRQX2M)        0.68       0.68 f
  u_mul/product[7] (mult_unit)             0.00       0.68 f
  U5/Y (AO22X8M)                           0.59       1.27 f
  result[7] (out)                          0.00       1.27 f
  data arrival time                                   1.27

  clock MASTER_CLK (rise edge)             0.00       0.00
  clock network delay (ideal)              0.00       0.00
  clock uncertainty                        0.10       0.10
  output external delay                   -1.20      -1.10
  data required time                                 -1.10
  -----------------------------------------------------------
  data required time                                 -1.10
  data arrival time                                  -1.27
  -----------------------------------------------------------
  slack (MET)                                         2.37


  Startpoint: u_mul/product_reg[6]
              (rising edge-triggered flip-flop clocked by MASTER_CLK)
  Endpoint: result[6] (output port clocked by MASTER_CLK)
  Path Group: REGOUT
  Path Type: min

  Des/Clust/Port     Wire Load Model       Library
  ------------------------------------------------
  alu8_top           tsmc13_wl30           scmetro_tsmc_cl013g_rvt_ss_1p08v_125c

  Point                                    Incr       Path
  -----------------------------------------------------------
  clock MASTER_CLK (rise edge)             0.00       0.00
  clock network delay (ideal)              0.00       0.00
  u_mul/product_reg[6]/CK (DFFRQX2M)       0.00       0.00 r
  u_mul/product_reg[6]/Q (DFFRQX2M)        0.68       0.68 f
  u_mul/product[6] (mult_unit)             0.00       0.68 f
  U6/Y (AO22X8M)                           0.59       1.27 f
  result[6] (out)                          0.00       1.27 f
  data arrival time                                   1.27

  clock MASTER_CLK (rise edge)             0.00       0.00
  clock network delay (ideal)              0.00       0.00
  clock uncertainty                        0.10       0.10
  output external delay                   -1.20      -1.10
  data required time                                 -1.10
  -----------------------------------------------------------
  data required time                                 -1.10
  data arrival time                                  -1.27
  -----------------------------------------------------------
  slack (MET)                                         2.37


  Startpoint: u_mul/product_reg[5]
              (rising edge-triggered flip-flop clocked by MASTER_CLK)
  Endpoint: result[5] (output port clocked by MASTER_CLK)
  Path Group: REGOUT
  Path Type: min

  Des/Clust/Port     Wire Load Model       Library
  ------------------------------------------------
  alu8_top           tsmc13_wl30           scmetro_tsmc_cl013g_rvt_ss_1p08v_125c

  Point                                    Incr       Path
  -----------------------------------------------------------
  clock MASTER_CLK (rise edge)             0.00       0.00
  clock network delay (ideal)              0.00       0.00
  u_mul/product_reg[5]/CK (DFFRQX2M)       0.00       0.00 r
  u_mul/product_reg[5]/Q (DFFRQX2M)        0.68       0.68 f
  u_mul/product[5] (mult_unit)             0.00       0.68 f
  U7/Y (AO22X8M)                           0.59       1.27 f
  result[5] (out)                          0.00       1.27 f
  data arrival time                                   1.27

  clock MASTER_CLK (rise edge)             0.00       0.00
  clock network delay (ideal)              0.00       0.00
  clock uncertainty                        0.10       0.10
  output external delay                   -1.20      -1.10
  data required time                                 -1.10
  -----------------------------------------------------------
  data required time                                 -1.10
  data arrival time                                  -1.27
  -----------------------------------------------------------
  slack (MET)                                         2.37


  Startpoint: u_mul/product_reg[4]
              (rising edge-triggered flip-flop clocked by MASTER_CLK)
  Endpoint: result[4] (output port clocked by MASTER_CLK)
  Path Group: REGOUT
  Path Type: min

  Des/Clust/Port     Wire Load Model       Library
  ------------------------------------------------
  alu8_top           tsmc13_wl30           scmetro_tsmc_cl013g_rvt_ss_1p08v_125c

  Point                                    Incr       Path
  -----------------------------------------------------------
  clock MASTER_CLK (rise edge)             0.00       0.00
  clock network delay (ideal)              0.00       0.00
  u_mul/product_reg[4]/CK (DFFRQX2M)       0.00       0.00 r
  u_mul/product_reg[4]/Q (DFFRQX2M)        0.68       0.68 f
  u_mul/product[4] (mult_unit)             0.00       0.68 f
  U8/Y (AO22X8M)                           0.59       1.27 f
  result[4] (out)                          0.00       1.27 f
  data arrival time                                   1.27

  clock MASTER_CLK (rise edge)             0.00       0.00
  clock network delay (ideal)              0.00       0.00
  clock uncertainty                        0.10       0.10
  output external delay                   -1.20      -1.10
  data required time                                 -1.10
  -----------------------------------------------------------
  data required time                                 -1.10
  data arrival time                                  -1.27
  -----------------------------------------------------------
  slack (MET)                                         2.37


  Startpoint: u_mul/product_reg[3]
              (rising edge-triggered flip-flop clocked by MASTER_CLK)
  Endpoint: result[3] (output port clocked by MASTER_CLK)
  Path Group: REGOUT
  Path Type: min

  Des/Clust/Port     Wire Load Model       Library
  ------------------------------------------------
  alu8_top           tsmc13_wl30           scmetro_tsmc_cl013g_rvt_ss_1p08v_125c

  Point                                    Incr       Path
  -----------------------------------------------------------
  clock MASTER_CLK (rise edge)             0.00       0.00
  clock network delay (ideal)              0.00       0.00
  u_mul/product_reg[3]/CK (DFFRQX2M)       0.00       0.00 r
  u_mul/product_reg[3]/Q (DFFRQX2M)        0.68       0.68 f
  u_mul/product[3] (mult_unit)             0.00       0.68 f
  U9/Y (AO22X8M)                           0.59       1.27 f
  result[3] (out)                          0.00       1.27 f
  data arrival time                                   1.27

  clock MASTER_CLK (rise edge)             0.00       0.00
  clock network delay (ideal)              0.00       0.00
  clock uncertainty                        0.10       0.10
  output external delay                   -1.20      -1.10
  data required time                                 -1.10
  -----------------------------------------------------------
  data required time                                 -1.10
  data arrival time                                  -1.27
  -----------------------------------------------------------
  slack (MET)                                         2.37


  Startpoint: u_mul/product_reg[2]
              (rising edge-triggered flip-flop clocked by MASTER_CLK)
  Endpoint: result[2] (output port clocked by MASTER_CLK)
  Path Group: REGOUT
  Path Type: min

  Des/Clust/Port     Wire Load Model       Library
  ------------------------------------------------
  alu8_top           tsmc13_wl30           scmetro_tsmc_cl013g_rvt_ss_1p08v_125c

  Point                                    Incr       Path
  -----------------------------------------------------------
  clock MASTER_CLK (rise edge)             0.00       0.00
  clock network delay (ideal)              0.00       0.00
  u_mul/product_reg[2]/CK (DFFRQX2M)       0.00       0.00 r
  u_mul/product_reg[2]/Q (DFFRQX2M)        0.68       0.68 f
  u_mul/product[2] (mult_unit)             0.00       0.68 f
  U10/Y (AO22X8M)                          0.59       1.27 f
  result[2] (out)                          0.00       1.27 f
  data arrival time                                   1.27

  clock MASTER_CLK (rise edge)             0.00       0.00
  clock network delay (ideal)              0.00       0.00
  clock uncertainty                        0.10       0.10
  output external delay                   -1.20      -1.10
  data required time                                 -1.10
  -----------------------------------------------------------
  data required time                                 -1.10
  data arrival time                                  -1.27
  -----------------------------------------------------------
  slack (MET)                                         2.37


  Startpoint: u_mul/product_reg[1]
              (rising edge-triggered flip-flop clocked by MASTER_CLK)
  Endpoint: result[1] (output port clocked by MASTER_CLK)
  Path Group: REGOUT
  Path Type: min

  Des/Clust/Port     Wire Load Model       Library
  ------------------------------------------------
  alu8_top           tsmc13_wl30           scmetro_tsmc_cl013g_rvt_ss_1p08v_125c

  Point                                    Incr       Path
  -----------------------------------------------------------
  clock MASTER_CLK (rise edge)             0.00       0.00
  clock network delay (ideal)              0.00       0.00
  u_mul/product_reg[1]/CK (DFFRQX2M)       0.00       0.00 r
  u_mul/product_reg[1]/Q (DFFRQX2M)        0.68       0.68 f
  u_mul/product[1] (mult_unit)             0.00       0.68 f
  U11/Y (AO22X8M)                          0.59       1.27 f
  result[1] (out)                          0.00       1.27 f
  data arrival time                                   1.27

  clock MASTER_CLK (rise edge)             0.00       0.00
  clock network delay (ideal)              0.00       0.00
  clock uncertainty                        0.10       0.10
  output external delay                   -1.20      -1.10
  data required time                                 -1.10
  -----------------------------------------------------------
  data required time                                 -1.10
  data arrival time                                  -1.27
  -----------------------------------------------------------
  slack (MET)                                         2.37


  Startpoint: u_mul/product_reg[0]
              (rising edge-triggered flip-flop clocked by MASTER_CLK)
  Endpoint: result[0] (output port clocked by MASTER_CLK)
  Path Group: REGOUT
  Path Type: min

  Des/Clust/Port     Wire Load Model       Library
  ------------------------------------------------
  alu8_top           tsmc13_wl30           scmetro_tsmc_cl013g_rvt_ss_1p08v_125c

  Point                                    Incr       Path
  -----------------------------------------------------------
  clock MASTER_CLK (rise edge)             0.00       0.00
  clock network delay (ideal)              0.00       0.00
  u_mul/product_reg[0]/CK (DFFRQX2M)       0.00       0.00 r
  u_mul/product_reg[0]/Q (DFFRQX2M)        0.68       0.68 f
  u_mul/product[0] (mult_unit)             0.00       0.68 f
  U18/Y (AO22X8M)                          0.59       1.27 f
  result[0] (out)                          0.00       1.27 f
  data arrival time                                   1.27

  clock MASTER_CLK (rise edge)             0.00       0.00
  clock network delay (ideal)              0.00       0.00
  clock uncertainty                        0.10       0.10
  output external delay                   -1.20      -1.10
  data required time                                 -1.10
  -----------------------------------------------------------
  data required time                                 -1.10
  data arrival time                                  -1.27
  -----------------------------------------------------------
  slack (MET)                                         2.37


  Startpoint: u_mul/product_reg[15]
              (rising edge-triggered flip-flop clocked by MASTER_CLK)
  Endpoint: result[15] (output port clocked by MASTER_CLK)
  Path Group: REGOUT
  Path Type: min

  Des/Clust/Port     Wire Load Model       Library
  ------------------------------------------------
  alu8_top           tsmc13_wl30           scmetro_tsmc_cl013g_rvt_ss_1p08v_125c

  Point                                    Incr       Path
  -----------------------------------------------------------
  clock MASTER_CLK (rise edge)             0.00       0.00
  clock network delay (ideal)              0.00       0.00
  u_mul/product_reg[15]/CK (DFFRQX2M)      0.00       0.00 r
  u_mul/product_reg[15]/Q (DFFRQX2M)       0.69       0.69 f
  u_mul/product[15] (mult_unit)            0.00       0.69 f
  U31/Y (AND2X8M)                          0.58       1.27 f
  result[15] (out)                         0.00       1.27 f
  data arrival time                                   1.27

  clock MASTER_CLK (rise edge)             0.00       0.00
  clock network delay (ideal)              0.00       0.00
  clock uncertainty                        0.10       0.10
  output external delay                   -1.20      -1.10
  data required time                                 -1.10
  -----------------------------------------------------------
  data required time                                 -1.10
  data arrival time                                  -1.27
  -----------------------------------------------------------
  slack (MET)                                         2.37


  Startpoint: u_mul/product_reg[14]
              (rising edge-triggered flip-flop clocked by MASTER_CLK)
  Endpoint: result[14] (output port clocked by MASTER_CLK)
  Path Group: REGOUT
  Path Type: min

  Des/Clust/Port     Wire Load Model       Library
  ------------------------------------------------
  alu8_top           tsmc13_wl30           scmetro_tsmc_cl013g_rvt_ss_1p08v_125c

  Point                                    Incr       Path
  -----------------------------------------------------------
  clock MASTER_CLK (rise edge)             0.00       0.00
  clock network delay (ideal)              0.00       0.00
  u_mul/product_reg[14]/CK (DFFRQX1M)      0.00       0.00 r
  u_mul/product_reg[14]/Q (DFFRQX1M)       0.86       0.86 f
  u_mul/product[14] (mult_unit)            0.00       0.86 f
  U30/Y (AND2X8M)                          0.64       1.50 f
  result[14] (out)                         0.00       1.50 f
  data arrival time                                   1.50

  clock MASTER_CLK (rise edge)             0.00       0.00
  clock network delay (ideal)              0.00       0.00
  clock uncertainty                        0.10       0.10
  output external delay                   -1.20      -1.10
  data required time                                 -1.10
  -----------------------------------------------------------
  data required time                                 -1.10
  data arrival time                                  -1.50
  -----------------------------------------------------------
  slack (MET)                                         2.60


1
