 
****************************************
Report : timing
        -path full
        -delay max
        -max_paths 100
Design : alu8_top
Version: O-2018.06-SP1
Date   : Wed Sep  2 04:55:11 2026
****************************************

Operating Conditions: scmetro_tsmc_cl013g_rvt_ss_1p08v_125c   Library: scmetro_tsmc_cl013g_rvt_ss_1p08v_125c
Wire Load Model Mode: top

  Startpoint: mode (input port clocked by MASTER_CLK)
  Endpoint: result[8] (output port clocked by MASTER_CLK)
  Path Group: INOUT
  Path Type: max

  Des/Clust/Port     Wire Load Model       Library
  ------------------------------------------------
  alu8_top           tsmc13_wl30           scmetro_tsmc_cl013g_rvt_ss_1p08v_125c

  Point                                    Incr       Path
  -----------------------------------------------------------
  clock MASTER_CLK (rise edge)             0.00       0.00
  clock network delay (ideal)              0.00       0.00
  input external delay                     1.20       1.20 r
  mode (in)                                0.19       1.39 r
  U24/Y (BUFX10M)                          0.85       2.25 r
  U23/Y (INVX2M)                           0.35       2.60 f
  U22/Y (CLKBUFX6M)                        0.90       3.49 f
  U4/Y (AO22X8M)                           0.88       4.38 f
  result[8] (out)                          0.00       4.38 f
  data arrival time                                   4.38

  clock MASTER_CLK (rise edge)             6.00       6.00
  clock network delay (ideal)              0.00       6.00
  clock uncertainty                       -0.20       5.80
  output external delay                   -1.20       4.60
  data required time                                  4.60
  -----------------------------------------------------------
  data required time                                  4.60
  data arrival time                                  -4.38
  -----------------------------------------------------------
  slack (MET)                                         0.22


  Startpoint: mode (input port clocked by MASTER_CLK)
  Endpoint: result[7] (output port clocked by MASTER_CLK)
  Path Group: INOUT
  Path Type: max

  Des/Clust/Port     Wire Load Model       Library
  ------------------------------------------------
  alu8_top           tsmc13_wl30           scmetro_tsmc_cl013g_rvt_ss_1p08v_125c

  Point                                    Incr       Path
  -----------------------------------------------------------
  clock MASTER_CLK (rise edge)             0.00       0.00
  clock network delay (ideal)              0.00       0.00
  input external delay                     1.20       1.20 r
  mode (in)                                0.19       1.39 r
  U24/Y (BUFX10M)                          0.85       2.25 r
  U23/Y (INVX2M)                           0.35       2.60 f
  U22/Y (CLKBUFX6M)                        0.90       3.49 f
  U5/Y (AO22X8M)                           0.88       4.38 f
  result[7] (out)                          0.00       4.38 f
  data arrival time                                   4.38

  clock MASTER_CLK (rise edge)             6.00       6.00
  clock network delay (ideal)              0.00       6.00
  clock uncertainty                       -0.20       5.80
  output external delay                   -1.20       4.60
  data required time                                  4.60
  -----------------------------------------------------------
  data required time                                  4.60
  data arrival time                                  -4.38
  -----------------------------------------------------------
  slack (MET)                                         0.22


  Startpoint: mode (input port clocked by MASTER_CLK)
  Endpoint: result[6] (output port clocked by MASTER_CLK)
  Path Group: INOUT
  Path Type: max

  Des/Clust/Port     Wire Load Model       Library
  ------------------------------------------------
  alu8_top           tsmc13_wl30           scmetro_tsmc_cl013g_rvt_ss_1p08v_125c

  Point                                    Incr       Path
  -----------------------------------------------------------
  clock MASTER_CLK (rise edge)             0.00       0.00
  clock network delay (ideal)              0.00       0.00
  input external delay                     1.20       1.20 r
  mode (in)                                0.19       1.39 r
  U24/Y (BUFX10M)                          0.85       2.25 r
  U23/Y (INVX2M)                           0.35       2.60 f
  U22/Y (CLKBUFX6M)                        0.90       3.49 f
  U6/Y (AO22X8M)                           0.88       4.38 f
  result[6] (out)                          0.00       4.38 f
  data arrival time                                   4.38

  clock MASTER_CLK (rise edge)             6.00       6.00
  clock network delay (ideal)              0.00       6.00
  clock uncertainty                       -0.20       5.80
  output external delay                   -1.20       4.60
  data required time                                  4.60
  -----------------------------------------------------------
  data required time                                  4.60
  data arrival time                                  -4.38
  -----------------------------------------------------------
  slack (MET)                                         0.22


  Startpoint: mode (input port clocked by MASTER_CLK)
  Endpoint: result[5] (output port clocked by MASTER_CLK)
  Path Group: INOUT
  Path Type: max

  Des/Clust/Port     Wire Load Model       Library
  ------------------------------------------------
  alu8_top           tsmc13_wl30           scmetro_tsmc_cl013g_rvt_ss_1p08v_125c

  Point                                    Incr       Path
  -----------------------------------------------------------
  clock MASTER_CLK (rise edge)             0.00       0.00
  clock network delay (ideal)              0.00       0.00
  input external delay                     1.20       1.20 r
  mode (in)                                0.19       1.39 r
  U24/Y (BUFX10M)                          0.85       2.25 r
  U23/Y (INVX2M)                           0.35       2.60 f
  U22/Y (CLKBUFX6M)                        0.90       3.49 f
  U7/Y (AO22X8M)                           0.88       4.38 f
  result[5] (out)                          0.00       4.38 f
  data arrival time                                   4.38

  clock MASTER_CLK (rise edge)             6.00       6.00
  clock network delay (ideal)              0.00       6.00
  clock uncertainty                       -0.20       5.80
  output external delay                   -1.20       4.60
  data required time                                  4.60
  -----------------------------------------------------------
  data required time                                  4.60
  data arrival time                                  -4.38
  -----------------------------------------------------------
  slack (MET)                                         0.22


  Startpoint: mode (input port clocked by MASTER_CLK)
  Endpoint: result[4] (output port clocked by MASTER_CLK)
  Path Group: INOUT
  Path Type: max

  Des/Clust/Port     Wire Load Model       Library
  ------------------------------------------------
  alu8_top           tsmc13_wl30           scmetro_tsmc_cl013g_rvt_ss_1p08v_125c

  Point                                    Incr       Path
  -----------------------------------------------------------
  clock MASTER_CLK (rise edge)             0.00       0.00
  clock network delay (ideal)              0.00       0.00
  input external delay                     1.20       1.20 r
  mode (in)                                0.19       1.39 r
  U24/Y (BUFX10M)                          0.85       2.25 r
  U23/Y (INVX2M)                           0.35       2.60 f
  U22/Y (CLKBUFX6M)                        0.90       3.49 f
  U8/Y (AO22X8M)                           0.88       4.38 f
  result[4] (out)                          0.00       4.38 f
  data arrival time                                   4.38

  clock MASTER_CLK (rise edge)             6.00       6.00
  clock network delay (ideal)              0.00       6.00
  clock uncertainty                       -0.20       5.80
  output external delay                   -1.20       4.60
  data required time                                  4.60
  -----------------------------------------------------------
  data required time                                  4.60
  data arrival time                                  -4.38
  -----------------------------------------------------------
  slack (MET)                                         0.22


  Startpoint: mode (input port clocked by MASTER_CLK)
  Endpoint: result[3] (output port clocked by MASTER_CLK)
  Path Group: INOUT
  Path Type: max

  Des/Clust/Port     Wire Load Model       Library
  ------------------------------------------------
  alu8_top           tsmc13_wl30           scmetro_tsmc_cl013g_rvt_ss_1p08v_125c

  Point                                    Incr       Path
  -----------------------------------------------------------
  clock MASTER_CLK (rise edge)             0.00       0.00
  clock network delay (ideal)              0.00       0.00
  input external delay                     1.20       1.20 r
  mode (in)                                0.19       1.39 r
  U24/Y (BUFX10M)                          0.85       2.25 r
  U23/Y (INVX2M)                           0.35       2.60 f
  U22/Y (CLKBUFX6M)                        0.90       3.49 f
  U9/Y (AO22X8M)                           0.88       4.38 f
  result[3] (out)                          0.00       4.38 f
  data arrival time                                   4.38

  clock MASTER_CLK (rise edge)             6.00       6.00
  clock network delay (ideal)              0.00       6.00
  clock uncertainty                       -0.20       5.80
  output external delay                   -1.20       4.60
  data required time                                  4.60
  -----------------------------------------------------------
  data required time                                  4.60
  data arrival time                                  -4.38
  -----------------------------------------------------------
  slack (MET)                                         0.22


  Startpoint: mode (input port clocked by MASTER_CLK)
  Endpoint: result[2] (output port clocked by MASTER_CLK)
  Path Group: INOUT
  Path Type: max

  Des/Clust/Port     Wire Load Model       Library
  ------------------------------------------------
  alu8_top           tsmc13_wl30           scmetro_tsmc_cl013g_rvt_ss_1p08v_125c

  Point                                    Incr       Path
  -----------------------------------------------------------
  clock MASTER_CLK (rise edge)             0.00       0.00
  clock network delay (ideal)              0.00       0.00
  input external delay                     1.20       1.20 r
  mode (in)                                0.19       1.39 r
  U24/Y (BUFX10M)                          0.85       2.25 r
  U23/Y (INVX2M)                           0.35       2.60 f
  U22/Y (CLKBUFX6M)                        0.90       3.49 f
  U10/Y (AO22X8M)                          0.88       4.38 f
  result[2] (out)                          0.00       4.38 f
  data arrival time                                   4.38

  clock MASTER_CLK (rise edge)             6.00       6.00
  clock network delay (ideal)              0.00       6.00
  clock uncertainty                       -0.20       5.80
  output external delay                   -1.20       4.60
  data required time                                  4.60
  -----------------------------------------------------------
  data required time                                  4.60
  data arrival time                                  -4.38
  -----------------------------------------------------------
  slack (MET)                                         0.22


  Startpoint: mode (input port clocked by MASTER_CLK)
  Endpoint: result[1] (output port clocked by MASTER_CLK)
  Path Group: INOUT
  Path Type: max

  Des/Clust/Port     Wire Load Model       Library
  ------------------------------------------------
  alu8_top           tsmc13_wl30           scmetro_tsmc_cl013g_rvt_ss_1p08v_125c

  Point                                    Incr       Path
  -----------------------------------------------------------
  clock MASTER_CLK (rise edge)             0.00       0.00
  clock network delay (ideal)              0.00       0.00
  input external delay                     1.20       1.20 r
  mode (in)                                0.19       1.39 r
  U24/Y (BUFX10M)                          0.85       2.25 r
  U23/Y (INVX2M)                           0.35       2.60 f
  U22/Y (CLKBUFX6M)                        0.90       3.49 f
  U11/Y (AO22X8M)                          0.88       4.38 f
  result[1] (out)                          0.00       4.38 f
  data arrival time                                   4.38

  clock MASTER_CLK (rise edge)             6.00       6.00
  clock network delay (ideal)              0.00       6.00
  clock uncertainty                       -0.20       5.80
  output external delay                   -1.20       4.60
  data required time                                  4.60
  -----------------------------------------------------------
  data required time                                  4.60
  data arrival time                                  -4.38
  -----------------------------------------------------------
  slack (MET)                                         0.22


  Startpoint: mode (input port clocked by MASTER_CLK)
  Endpoint: result[0] (output port clocked by MASTER_CLK)
  Path Group: INOUT
  Path Type: max

  Des/Clust/Port     Wire Load Model       Library
  ------------------------------------------------
  alu8_top           tsmc13_wl30           scmetro_tsmc_cl013g_rvt_ss_1p08v_125c

  Point                                    Incr       Path
  -----------------------------------------------------------
  clock MASTER_CLK (rise edge)             0.00       0.00
  clock network delay (ideal)              0.00       0.00
  input external delay                     1.20       1.20 r
  mode (in)                                0.19       1.39 r
  U24/Y (BUFX10M)                          0.85       2.25 r
  U23/Y (INVX2M)                           0.35       2.60 f
  U22/Y (CLKBUFX6M)                        0.90       3.49 f
  U18/Y (AO22X8M)                          0.88       4.38 f
  result[0] (out)                          0.00       4.38 f
  data arrival time                                   4.38

  clock MASTER_CLK (rise edge)             6.00       6.00
  clock network delay (ideal)              0.00       6.00
  clock uncertainty                       -0.20       5.80
  output external delay                   -1.20       4.60
  data required time                                  4.60
  -----------------------------------------------------------
  data required time                                  4.60
  data arrival time                                  -4.38
  -----------------------------------------------------------
  slack (MET)                                         0.22


  Startpoint: mode (input port clocked by MASTER_CLK)
  Endpoint: valid (output port clocked by MASTER_CLK)
  Path Group: INOUT
  Path Type: max

  Des/Clust/Port     Wire Load Model       Library
  ------------------------------------------------
  alu8_top           tsmc13_wl30           scmetro_tsmc_cl013g_rvt_ss_1p08v_125c

  Point                                    Incr       Path
  -----------------------------------------------------------
  clock MASTER_CLK (rise edge)             0.00       0.00
  clock network delay (ideal)              0.00       0.00
  input external delay                     1.20       1.20 r
  mode (in)                                0.19       1.39 r
  U24/Y (BUFX10M)                          0.85       2.25 r
  U23/Y (INVX2M)                           0.35       2.60 f
  U22/Y (CLKBUFX6M)                        0.90       3.49 f
  U2/Y (AO22X8M)                           0.88       4.38 f
  valid (out)                              0.00       4.38 f
  data arrival time                                   4.38

  clock MASTER_CLK (rise edge)             6.00       6.00
  clock network delay (ideal)              0.00       6.00
  clock uncertainty                       -0.20       5.80
  output external delay                   -1.20       4.60
  data required time                                  4.60
  -----------------------------------------------------------
  data required time                                  4.60
  data arrival time                                  -4.38
  -----------------------------------------------------------
  slack (MET)                                         0.22


  Startpoint: mode (input port clocked by MASTER_CLK)
  Endpoint: result[15] (output port clocked by MASTER_CLK)
  Path Group: INOUT
  Path Type: max

  Des/Clust/Port     Wire Load Model       Library
  ------------------------------------------------
  alu8_top           tsmc13_wl30           scmetro_tsmc_cl013g_rvt_ss_1p08v_125c

  Point                                    Incr       Path
  -----------------------------------------------------------
  clock MASTER_CLK (rise edge)             0.00       0.00
  clock network delay (ideal)              0.00       0.00
  input external delay                     1.20       1.20 r
  mode (in)                                0.19       1.39 r
  U24/Y (BUFX10M)                          0.85       2.25 r
  U31/Y (AND2X8M)                          0.95       3.20 r
  result[15] (out)                         0.00       3.20 r
  data arrival time                                   3.20

  clock MASTER_CLK (rise edge)             6.00       6.00
  clock network delay (ideal)              0.00       6.00
  clock uncertainty                       -0.20       5.80
  output external delay                   -1.20       4.60
  data required time                                  4.60
  -----------------------------------------------------------
  data required time                                  4.60
  data arrival time                                  -3.20
  -----------------------------------------------------------
  slack (MET)                                         1.40


  Startpoint: mode (input port clocked by MASTER_CLK)
  Endpoint: result[14] (output port clocked by MASTER_CLK)
  Path Group: INOUT
  Path Type: max

  Des/Clust/Port     Wire Load Model       Library
  ------------------------------------------------
  alu8_top           tsmc13_wl30           scmetro_tsmc_cl013g_rvt_ss_1p08v_125c

  Point                                    Incr       Path
  -----------------------------------------------------------
  clock MASTER_CLK (rise edge)             0.00       0.00
  clock network delay (ideal)              0.00       0.00
  input external delay                     1.20       1.20 r
  mode (in)                                0.19       1.39 r
  U24/Y (BUFX10M)                          0.85       2.25 r
  U30/Y (AND2X8M)                          0.95       3.20 r
  result[14] (out)                         0.00       3.20 r
  data arrival time                                   3.20

  clock MASTER_CLK (rise edge)             6.00       6.00
  clock network delay (ideal)              0.00       6.00
  clock uncertainty                       -0.20       5.80
  output external delay                   -1.20       4.60
  data required time                                  4.60
  -----------------------------------------------------------
  data required time                                  4.60
  data arrival time                                  -3.20
  -----------------------------------------------------------
  slack (MET)                                         1.40


  Startpoint: mode (input port clocked by MASTER_CLK)
  Endpoint: result[13] (output port clocked by MASTER_CLK)
  Path Group: INOUT
  Path Type: max

  Des/Clust/Port     Wire Load Model       Library
  ------------------------------------------------
  alu8_top           tsmc13_wl30           scmetro_tsmc_cl013g_rvt_ss_1p08v_125c

  Point                                    Incr       Path
  -----------------------------------------------------------
  clock MASTER_CLK (rise edge)             0.00       0.00
  clock network delay (ideal)              0.00       0.00
  input external delay                     1.20       1.20 r
  mode (in)                                0.19       1.39 r
  U24/Y (BUFX10M)                          0.85       2.25 r
  U29/Y (AND2X8M)                          0.95       3.20 r
  result[13] (out)                         0.00       3.20 r
  data arrival time                                   3.20

  clock MASTER_CLK (rise edge)             6.00       6.00
  clock network delay (ideal)              0.00       6.00
  clock uncertainty                       -0.20       5.80
  output external delay                   -1.20       4.60
  data required time                                  4.60
  -----------------------------------------------------------
  data required time                                  4.60
  data arrival time                                  -3.20
  -----------------------------------------------------------
  slack (MET)                                         1.40


  Startpoint: mode (input port clocked by MASTER_CLK)
  Endpoint: result[12] (output port clocked by MASTER_CLK)
  Path Group: INOUT
  Path Type: max

  Des/Clust/Port     Wire Load Model       Library
  ------------------------------------------------
  alu8_top           tsmc13_wl30           scmetro_tsmc_cl013g_rvt_ss_1p08v_125c

  Point                                    Incr       Path
  -----------------------------------------------------------
  clock MASTER_CLK (rise edge)             0.00       0.00
  clock network delay (ideal)              0.00       0.00
  input external delay                     1.20       1.20 r
  mode (in)                                0.19       1.39 r
  U24/Y (BUFX10M)                          0.85       2.25 r
  U28/Y (AND2X8M)                          0.95       3.20 r
  result[12] (out)                         0.00       3.20 r
  data arrival time                                   3.20

  clock MASTER_CLK (rise edge)             6.00       6.00
  clock network delay (ideal)              0.00       6.00
  clock uncertainty                       -0.20       5.80
  output external delay                   -1.20       4.60
  data required time                                  4.60
  -----------------------------------------------------------
  data required time                                  4.60
  data arrival time                                  -3.20
  -----------------------------------------------------------
  slack (MET)                                         1.40


  Startpoint: mode (input port clocked by MASTER_CLK)
  Endpoint: result[11] (output port clocked by MASTER_CLK)
  Path Group: INOUT
  Path Type: max

  Des/Clust/Port     Wire Load Model       Library
  ------------------------------------------------
  alu8_top           tsmc13_wl30           scmetro_tsmc_cl013g_rvt_ss_1p08v_125c

  Point                                    Incr       Path
  -----------------------------------------------------------
  clock MASTER_CLK (rise edge)             0.00       0.00
  clock network delay (ideal)              0.00       0.00
  input external delay                     1.20       1.20 r
  mode (in)                                0.19       1.39 r
  U24/Y (BUFX10M)                          0.85       2.25 r
  U27/Y (AND2X8M)                          0.95       3.20 r
  result[11] (out)                         0.00       3.20 r
  data arrival time                                   3.20

  clock MASTER_CLK (rise edge)             6.00       6.00
  clock network delay (ideal)              0.00       6.00
  clock uncertainty                       -0.20       5.80
  output external delay                   -1.20       4.60
  data required time                                  4.60
  -----------------------------------------------------------
  data required time                                  4.60
  data arrival time                                  -3.20
  -----------------------------------------------------------
  slack (MET)                                         1.40


  Startpoint: mode (input port clocked by MASTER_CLK)
  Endpoint: result[10] (output port clocked by MASTER_CLK)
  Path Group: INOUT
  Path Type: max

  Des/Clust/Port     Wire Load Model       Library
  ------------------------------------------------
  alu8_top           tsmc13_wl30           scmetro_tsmc_cl013g_rvt_ss_1p08v_125c

  Point                                    Incr       Path
  -----------------------------------------------------------
  clock MASTER_CLK (rise edge)             0.00       0.00
  clock network delay (ideal)              0.00       0.00
  input external delay                     1.20       1.20 r
  mode (in)                                0.19       1.39 r
  U24/Y (BUFX10M)                          0.85       2.25 r
  U26/Y (AND2X8M)                          0.95       3.20 r
  result[10] (out)                         0.00       3.20 r
  data arrival time                                   3.20

  clock MASTER_CLK (rise edge)             6.00       6.00
  clock network delay (ideal)              0.00       6.00
  clock uncertainty                       -0.20       5.80
  output external delay                   -1.20       4.60
  data required time                                  4.60
  -----------------------------------------------------------
  data required time                                  4.60
  data arrival time                                  -3.20
  -----------------------------------------------------------
  slack (MET)                                         1.40


  Startpoint: mode (input port clocked by MASTER_CLK)
  Endpoint: result[9] (output port clocked by MASTER_CLK)
  Path Group: INOUT
  Path Type: max

  Des/Clust/Port     Wire Load Model       Library
  ------------------------------------------------
  alu8_top           tsmc13_wl30           scmetro_tsmc_cl013g_rvt_ss_1p08v_125c

  Point                                    Incr       Path
  -----------------------------------------------------------
  clock MASTER_CLK (rise edge)             0.00       0.00
  clock network delay (ideal)              0.00       0.00
  input external delay                     1.20       1.20 r
  mode (in)                                0.19       1.39 r
  U24/Y (BUFX10M)                          0.85       2.25 r
  U25/Y (AND2X8M)                          0.95       3.20 r
  result[9] (out)                          0.00       3.20 r
  data arrival time                                   3.20

  clock MASTER_CLK (rise edge)             6.00       6.00
  clock network delay (ideal)              0.00       6.00
  clock uncertainty                       -0.20       5.80
  output external delay                   -1.20       4.60
  data required time                                  4.60
  -----------------------------------------------------------
  data required time                                  4.60
  data arrival time                                  -3.20
  -----------------------------------------------------------
  slack (MET)                                         1.40


  Startpoint: a[0] (input port clocked by MASTER_CLK)
  Endpoint: u_add/sum_reg[7]
            (rising edge-triggered flip-flop clocked by MASTER_CLK)
  Path Group: INREG
  Path Type: max

  Des/Clust/Port     Wire Load Model       Library
  ------------------------------------------------
  alu8_top           tsmc13_wl30           scmetro_tsmc_cl013g_rvt_ss_1p08v_125c

  Point                                                   Incr       Path
  --------------------------------------------------------------------------
  clock MASTER_CLK (rise edge)                            0.00       0.00
  clock network delay (ideal)                             0.00       0.00
  input external delay                                    1.20       1.20 f
  a[0] (in)                                               0.14       1.34 f
  U20/Y (BUFX20M)                                         0.19       1.52 f
  u_add/a[0] (add_unit)                                   0.00       1.52 f
  u_add/add_34/A[0] (add_unit_DW01_add_0)                 0.00       1.52 f
  u_add/add_34/U1/Y (AND2X12M)                            0.19       1.71 f
  u_add/add_34/U1_1/CO (ADDFHX8M)                         0.25       1.96 f
  u_add/add_34/U1_2/CO (ADDFX2M)                          0.47       2.43 f
  u_add/add_34/U1_3/CO (ADDFX2M)                          0.51       2.94 f
  u_add/add_34/U1_4/CO (ADDFX2M)                          0.51       3.45 f
  u_add/add_34/U1_5/CO (ADDFX2M)                          0.51       3.95 f
  u_add/add_34/U1_6/CO (ADDFX2M)                          0.52       4.47 f
  u_add/add_34/U1_7/S (ADDFHX4M)                          0.38       4.85 r
  u_add/add_34/SUM[7] (add_unit_DW01_add_0)               0.00       4.85 r
  u_add/U9/Y (NAND2X2M)                                   0.23       5.07 f
  u_add/U10/Y (NAND2X2M)                                  0.33       5.40 r
  u_add/sum_reg[7]/D (DFFRQX2M)                           0.00       5.40 r
  data arrival time                                                  5.40

  clock MASTER_CLK (rise edge)                            6.00       6.00
  clock network delay (ideal)                             0.00       6.00
  clock uncertainty                                      -0.20       5.80
  u_add/sum_reg[7]/CK (DFFRQX2M)                          0.00       5.80 r
  library setup time                                     -0.33       5.47
  data required time                                                 5.47
  --------------------------------------------------------------------------
  data required time                                                 5.47
  data arrival time                                                 -5.40
  --------------------------------------------------------------------------
  slack (MET)                                                        0.07


  Startpoint: a[1] (input port clocked by MASTER_CLK)
  Endpoint: u_add/cout_reg
            (rising edge-triggered flip-flop clocked by MASTER_CLK)
  Path Group: INREG
  Path Type: max

  Des/Clust/Port     Wire Load Model       Library
  ------------------------------------------------
  alu8_top           tsmc13_wl30           scmetro_tsmc_cl013g_rvt_ss_1p08v_125c

  Point                                                   Incr       Path
  --------------------------------------------------------------------------
  clock MASTER_CLK (rise edge)                            0.00       0.00
  clock network delay (ideal)                             0.00       0.00
  input external delay                                    1.20       1.20 r
  a[1] (in)                                               0.45       1.65 r
  u_add/a[1] (add_unit)                                   0.00       1.65 r
  u_add/add_34/A[1] (add_unit_DW01_add_0)                 0.00       1.65 r
  u_add/add_34/U1_1/CO (ADDFHX8M)                         0.44       2.09 r
  u_add/add_34/U1_2/CO (ADDFX2M)                          0.42       2.52 r
  u_add/add_34/U1_3/CO (ADDFX2M)                          0.47       2.98 r
  u_add/add_34/U1_4/CO (ADDFX2M)                          0.47       3.45 r
  u_add/add_34/U1_5/CO (ADDFX2M)                          0.47       3.92 r
  u_add/add_34/U1_6/CO (ADDFX2M)                          0.49       4.41 r
  u_add/add_34/U1_7/CO (ADDFHX4M)                         0.30       4.70 r
  u_add/add_34/SUM[8] (add_unit_DW01_add_0)               0.00       4.70 r
  u_add/U3/Y (NAND2X2M)                                   0.23       4.93 f
  u_add/U5/Y (NAND2X2M)                                   0.33       5.26 r
  u_add/cout_reg/D (DFFRQX2M)                             0.00       5.26 r
  data arrival time                                                  5.26

  clock MASTER_CLK (rise edge)                            6.00       6.00
  clock network delay (ideal)                             0.00       6.00
  clock uncertainty                                      -0.20       5.80
  u_add/cout_reg/CK (DFFRQX2M)                            0.00       5.80 r
  library setup time                                     -0.33       5.47
  data required time                                                 5.47
  --------------------------------------------------------------------------
  data required time                                                 5.47
  data arrival time                                                 -5.26
  --------------------------------------------------------------------------
  slack (MET)                                                        0.21


  Startpoint: a[0] (input port clocked by MASTER_CLK)
  Endpoint: u_add/sum_reg[6]
            (rising edge-triggered flip-flop clocked by MASTER_CLK)
  Path Group: INREG
  Path Type: max

  Des/Clust/Port     Wire Load Model       Library
  ------------------------------------------------
  alu8_top           tsmc13_wl30           scmetro_tsmc_cl013g_rvt_ss_1p08v_125c

  Point                                                   Incr       Path
  --------------------------------------------------------------------------
  clock MASTER_CLK (rise edge)                            0.00       0.00
  clock network delay (ideal)                             0.00       0.00
  input external delay                                    1.20       1.20 f
  a[0] (in)                                               0.14       1.34 f
  U20/Y (BUFX20M)                                         0.19       1.52 f
  u_add/a[0] (add_unit)                                   0.00       1.52 f
  u_add/add_34/A[0] (add_unit_DW01_add_0)                 0.00       1.52 f
  u_add/add_34/U1/Y (AND2X12M)                            0.19       1.71 f
  u_add/add_34/U1_1/CO (ADDFHX8M)                         0.25       1.96 f
  u_add/add_34/U1_2/CO (ADDFX2M)                          0.47       2.43 f
  u_add/add_34/U1_3/CO (ADDFX2M)                          0.51       2.94 f
  u_add/add_34/U1_4/CO (ADDFX2M)                          0.51       3.45 f
  u_add/add_34/U1_5/CO (ADDFX2M)                          0.51       3.95 f
  u_add/add_34/U1_6/S (ADDFX2M)                           0.51       4.46 r
  u_add/add_34/SUM[6] (add_unit_DW01_add_0)               0.00       4.46 r
  u_add/U12/Y (AO22X1M)                                   0.47       4.93 r
  u_add/sum_reg[6]/D (DFFRQX2M)                           0.00       4.93 r
  data arrival time                                                  4.93

  clock MASTER_CLK (rise edge)                            6.00       6.00
  clock network delay (ideal)                             0.00       6.00
  clock uncertainty                                      -0.20       5.80
  u_add/sum_reg[6]/CK (DFFRQX2M)                          0.00       5.80 r
  library setup time                                     -0.35       5.45
  data required time                                                 5.45
  --------------------------------------------------------------------------
  data required time                                                 5.45
  data arrival time                                                 -4.93
  --------------------------------------------------------------------------
  slack (MET)                                                        0.52


  Startpoint: a[1] (input port clocked by MASTER_CLK)
  Endpoint: u_add/sum_reg[5]
            (rising edge-triggered flip-flop clocked by MASTER_CLK)
  Path Group: INREG
  Path Type: max

  Des/Clust/Port     Wire Load Model       Library
  ------------------------------------------------
  alu8_top           tsmc13_wl30           scmetro_tsmc_cl013g_rvt_ss_1p08v_125c

  Point                                                   Incr       Path
  --------------------------------------------------------------------------
  clock MASTER_CLK (rise edge)                            0.00       0.00
  clock network delay (ideal)                             0.00       0.00
  input external delay                                    1.20       1.20 r
  a[1] (in)                                               0.45       1.65 r
  u_add/a[1] (add_unit)                                   0.00       1.65 r
  u_add/add_34/A[1] (add_unit_DW01_add_0)                 0.00       1.65 r
  u_add/add_34/U1_1/CO (ADDFHX8M)                         0.44       2.09 r
  u_add/add_34/U1_2/CO (ADDFX2M)                          0.42       2.52 r
  u_add/add_34/U1_3/CO (ADDFX2M)                          0.47       2.98 r
  u_add/add_34/U1_4/CO (ADDFX2M)                          0.47       3.45 r
  u_add/add_34/U1_5/S (ADDFX2M)                           0.48       3.93 f
  u_add/add_34/SUM[5] (add_unit_DW01_add_0)               0.00       3.93 f
  u_add/U11/Y (AO22X1M)                                   0.64       4.57 f
  u_add/sum_reg[5]/D (DFFRQX2M)                           0.00       4.57 f
  data arrival time                                                  4.57

  clock MASTER_CLK (rise edge)                            6.00       6.00
  clock network delay (ideal)                             0.00       6.00
  clock uncertainty                                      -0.20       5.80
  u_add/sum_reg[5]/CK (DFFRQX2M)                          0.00       5.80 r
  library setup time                                     -0.20       5.60
  data required time                                                 5.60
  --------------------------------------------------------------------------
  data required time                                                 5.60
  data arrival time                                                 -4.57
  --------------------------------------------------------------------------
  slack (MET)                                                        1.02


  Startpoint: a[1] (input port clocked by MASTER_CLK)
  Endpoint: u_add/sum_reg[4]
            (rising edge-triggered flip-flop clocked by MASTER_CLK)
  Path Group: INREG
  Path Type: max

  Des/Clust/Port     Wire Load Model       Library
  ------------------------------------------------
  alu8_top           tsmc13_wl30           scmetro_tsmc_cl013g_rvt_ss_1p08v_125c

  Point                                                   Incr       Path
  --------------------------------------------------------------------------
  clock MASTER_CLK (rise edge)                            0.00       0.00
  clock network delay (ideal)                             0.00       0.00
  input external delay                                    1.20       1.20 r
  a[1] (in)                                               0.45       1.65 r
  u_add/a[1] (add_unit)                                   0.00       1.65 r
  u_add/add_34/A[1] (add_unit_DW01_add_0)                 0.00       1.65 r
  u_add/add_34/U1_1/CO (ADDFHX8M)                         0.44       2.09 r
  u_add/add_34/U1_2/CO (ADDFX2M)                          0.42       2.52 r
  u_add/add_34/U1_3/CO (ADDFX2M)                          0.47       2.98 r
  u_add/add_34/U1_4/S (ADDFX2M)                           0.48       3.46 f
  u_add/add_34/SUM[4] (add_unit_DW01_add_0)               0.00       3.46 f
  u_add/U17/Y (AO22X1M)                                   0.64       4.10 f
  u_add/sum_reg[4]/D (DFFRQX2M)                           0.00       4.10 f
  data arrival time                                                  4.10

  clock MASTER_CLK (rise edge)                            6.00       6.00
  clock network delay (ideal)                             0.00       6.00
  clock uncertainty                                      -0.20       5.80
  u_add/sum_reg[4]/CK (DFFRQX2M)                          0.00       5.80 r
  library setup time                                     -0.20       5.60
  data required time                                                 5.60
  --------------------------------------------------------------------------
  data required time                                                 5.60
  data arrival time                                                 -4.10
  --------------------------------------------------------------------------
  slack (MET)                                                        1.49


  Startpoint: a[1] (input port clocked by MASTER_CLK)
  Endpoint: u_add/sum_reg[3]
            (rising edge-triggered flip-flop clocked by MASTER_CLK)
  Path Group: INREG
  Path Type: max

  Des/Clust/Port     Wire Load Model       Library
  ------------------------------------------------
  alu8_top           tsmc13_wl30           scmetro_tsmc_cl013g_rvt_ss_1p08v_125c

  Point                                                   Incr       Path
  --------------------------------------------------------------------------
  clock MASTER_CLK (rise edge)                            0.00       0.00
  clock network delay (ideal)                             0.00       0.00
  input external delay                                    1.20       1.20 r
  a[1] (in)                                               0.45       1.65 r
  u_add/a[1] (add_unit)                                   0.00       1.65 r
  u_add/add_34/A[1] (add_unit_DW01_add_0)                 0.00       1.65 r
  u_add/add_34/U1_1/CO (ADDFHX8M)                         0.44       2.09 r
  u_add/add_34/U1_2/CO (ADDFX2M)                          0.42       2.52 r
  u_add/add_34/U1_3/S (ADDFX2M)                           0.48       2.99 f
  u_add/add_34/SUM[3] (add_unit_DW01_add_0)               0.00       2.99 f
  u_add/U16/Y (AO22X1M)                                   0.64       3.64 f
  u_add/sum_reg[3]/D (DFFRQX2M)                           0.00       3.64 f
  data arrival time                                                  3.64

  clock MASTER_CLK (rise edge)                            6.00       6.00
  clock network delay (ideal)                             0.00       6.00
  clock uncertainty                                      -0.20       5.80
  u_add/sum_reg[3]/CK (DFFRQX2M)                          0.00       5.80 r
  library setup time                                     -0.20       5.60
  data required time                                                 5.60
  --------------------------------------------------------------------------
  data required time                                                 5.60
  data arrival time                                                 -3.64
  --------------------------------------------------------------------------
  slack (MET)                                                        1.96


  Startpoint: a[1] (input port clocked by MASTER_CLK)
  Endpoint: u_add/sum_reg[2]
            (rising edge-triggered flip-flop clocked by MASTER_CLK)
  Path Group: INREG
  Path Type: max

  Des/Clust/Port     Wire Load Model       Library
  ------------------------------------------------
  alu8_top           tsmc13_wl30           scmetro_tsmc_cl013g_rvt_ss_1p08v_125c

  Point                                                   Incr       Path
  --------------------------------------------------------------------------
  clock MASTER_CLK (rise edge)                            0.00       0.00
  clock network delay (ideal)                             0.00       0.00
  input external delay                                    1.20       1.20 r
  a[1] (in)                                               0.45       1.65 r
  u_add/a[1] (add_unit)                                   0.00       1.65 r
  u_add/add_34/A[1] (add_unit_DW01_add_0)                 0.00       1.65 r
  u_add/add_34/U1_1/CO (ADDFHX8M)                         0.44       2.09 r
  u_add/add_34/U1_2/S (ADDFX2M)                           0.41       2.51 f
  u_add/add_34/SUM[2] (add_unit_DW01_add_0)               0.00       2.51 f
  u_add/U15/Y (AO22X1M)                                   0.64       3.15 f
  u_add/sum_reg[2]/D (DFFRQX2M)                           0.00       3.15 f
  data arrival time                                                  3.15

  clock MASTER_CLK (rise edge)                            6.00       6.00
  clock network delay (ideal)                             0.00       6.00
  clock uncertainty                                      -0.20       5.80
  u_add/sum_reg[2]/CK (DFFRQX2M)                          0.00       5.80 r
  library setup time                                     -0.20       5.60
  data required time                                                 5.60
  --------------------------------------------------------------------------
  data required time                                                 5.60
  data arrival time                                                 -3.15
  --------------------------------------------------------------------------
  slack (MET)                                                        2.45


  Startpoint: a[0] (input port clocked by MASTER_CLK)
  Endpoint: u_add/sum_reg[0]
            (rising edge-triggered flip-flop clocked by MASTER_CLK)
  Path Group: INREG
  Path Type: max

  Des/Clust/Port     Wire Load Model       Library
  ------------------------------------------------
  alu8_top           tsmc13_wl30           scmetro_tsmc_cl013g_rvt_ss_1p08v_125c

  Point                                                   Incr       Path
  --------------------------------------------------------------------------
  clock MASTER_CLK (rise edge)                            0.00       0.00
  clock network delay (ideal)                             0.00       0.00
  input external delay                                    1.20       1.20 r
  a[0] (in)                                               0.23       1.43 r
  U20/Y (BUFX20M)                                         0.20       1.62 r
  u_add/a[0] (add_unit)                                   0.00       1.62 r
  u_add/add_34/A[0] (add_unit_DW01_add_0)                 0.00       1.62 r
  u_add/add_34/U2/Y (CLKXOR2X2M)                          0.50       2.12 f
  u_add/add_34/SUM[0] (add_unit_DW01_add_0)               0.00       2.12 f
  u_add/U18/Y (AO22X1M)                                   0.69       2.81 f
  u_add/sum_reg[0]/D (DFFRQX2M)                           0.00       2.81 f
  data arrival time                                                  2.81

  clock MASTER_CLK (rise edge)                            6.00       6.00
  clock network delay (ideal)                             0.00       6.00
  clock uncertainty                                      -0.20       5.80
  u_add/sum_reg[0]/CK (DFFRQX2M)                          0.00       5.80 r
  library setup time                                     -0.20       5.60
  data required time                                                 5.60
  --------------------------------------------------------------------------
  data required time                                                 5.60
  data arrival time                                                 -2.81
  --------------------------------------------------------------------------
  slack (MET)                                                        2.79


  Startpoint: a[0] (input port clocked by MASTER_CLK)
  Endpoint: u_add/sum_reg[1]
            (rising edge-triggered flip-flop clocked by MASTER_CLK)
  Path Group: INREG
  Path Type: max

  Des/Clust/Port     Wire Load Model       Library
  ------------------------------------------------
  alu8_top           tsmc13_wl30           scmetro_tsmc_cl013g_rvt_ss_1p08v_125c

  Point                                                   Incr       Path
  --------------------------------------------------------------------------
  clock MASTER_CLK (rise edge)                            0.00       0.00
  clock network delay (ideal)                             0.00       0.00
  input external delay                                    1.20       1.20 r
  a[0] (in)                                               0.23       1.43 r
  U20/Y (BUFX20M)                                         0.20       1.62 r
  u_add/a[0] (add_unit)                                   0.00       1.62 r
  u_add/add_34/A[0] (add_unit_DW01_add_0)                 0.00       1.62 r
  u_add/add_34/U1/Y (AND2X12M)                            0.17       1.80 r
  u_add/add_34/U1_1/S (ADDFHX8M)                          0.36       2.16 f
  u_add/add_34/SUM[1] (add_unit_DW01_add_0)               0.00       2.16 f
  u_add/U14/Y (AO22X1M)                                   0.61       2.77 f
  u_add/sum_reg[1]/D (DFFRQX2M)                           0.00       2.77 f
  data arrival time                                                  2.77

  clock MASTER_CLK (rise edge)                            6.00       6.00
  clock network delay (ideal)                             0.00       6.00
  clock uncertainty                                      -0.20       5.80
  u_add/sum_reg[1]/CK (DFFRQX2M)                          0.00       5.80 r
  library setup time                                     -0.20       5.60
  data required time                                                 5.60
  --------------------------------------------------------------------------
  data required time                                                 5.60
  data arrival time                                                 -2.77
  --------------------------------------------------------------------------
  slack (MET)                                                        2.83


  Startpoint: b[1] (input port clocked by MASTER_CLK)
  Endpoint: u_mul/b_reg_reg[1]
            (rising edge-triggered flip-flop clocked by MASTER_CLK)
  Path Group: INREG
  Path Type: max

  Des/Clust/Port     Wire Load Model       Library
  ------------------------------------------------
  alu8_top           tsmc13_wl30           scmetro_tsmc_cl013g_rvt_ss_1p08v_125c

  Point                                    Incr       Path
  -----------------------------------------------------------
  clock MASTER_CLK (rise edge)             0.00       0.00
  clock network delay (ideal)              0.00       0.00
  input external delay                     1.20       1.20 r
  b[1] (in)                                0.41       1.61 r
  u_mul/b[1] (mult_unit)                   0.00       1.61 r
  u_mul/b_reg_reg[1]/D (DFFRQX2M)          0.00       1.61 r
  data arrival time                                   1.61

  clock MASTER_CLK (rise edge)             6.00       6.00
  clock network delay (ideal)              0.00       6.00
  clock uncertainty                       -0.20       5.80
  u_mul/b_reg_reg[1]/CK (DFFRQX2M)         0.00       5.80 r
  library setup time                      -0.38       5.42
  data required time                                  5.42
  -----------------------------------------------------------
  data required time                                  5.42
  data arrival time                                  -1.61
  -----------------------------------------------------------
  slack (MET)                                         3.81


  Startpoint: a[1] (input port clocked by MASTER_CLK)
  Endpoint: u_mul/a_reg_reg[1]
            (rising edge-triggered flip-flop clocked by MASTER_CLK)
  Path Group: INREG
  Path Type: max

  Des/Clust/Port     Wire Load Model       Library
  ------------------------------------------------
  alu8_top           tsmc13_wl30           scmetro_tsmc_cl013g_rvt_ss_1p08v_125c

  Point                                    Incr       Path
  -----------------------------------------------------------
  clock MASTER_CLK (rise edge)             0.00       0.00
  clock network delay (ideal)              0.00       0.00
  input external delay                     1.20       1.20 r
  a[1] (in)                                0.45       1.65 r
  u_mul/a[1] (mult_unit)                   0.00       1.65 r
  u_mul/a_reg_reg[1]/D (DFFRX4M)           0.00       1.65 r
  data arrival time                                   1.65

  clock MASTER_CLK (rise edge)             6.00       6.00
  clock network delay (ideal)              0.00       6.00
  clock uncertainty                       -0.20       5.80
  u_mul/a_reg_reg[1]/CK (DFFRX4M)          0.00       5.80 r
  library setup time                      -0.32       5.48
  data required time                                  5.48
  -----------------------------------------------------------
  data required time                                  5.48
  data arrival time                                  -1.65
  -----------------------------------------------------------
  slack (MET)                                         3.83


  Startpoint: b[7] (input port clocked by MASTER_CLK)
  Endpoint: u_mul/b_reg_reg[7]
            (rising edge-triggered flip-flop clocked by MASTER_CLK)
  Path Group: INREG
  Path Type: max

  Des/Clust/Port     Wire Load Model       Library
  ------------------------------------------------
  alu8_top           tsmc13_wl30           scmetro_tsmc_cl013g_rvt_ss_1p08v_125c

  Point                                    Incr       Path
  -----------------------------------------------------------
  clock MASTER_CLK (rise edge)             0.00       0.00
  clock network delay (ideal)              0.00       0.00
  input external delay                     1.20       1.20 r
  b[7] (in)                                0.43       1.63 r
  u_mul/b[7] (mult_unit)                   0.00       1.63 r
  u_mul/b_reg_reg[7]/D (DFFRX1M)           0.00       1.63 r
  data arrival time                                   1.63

  clock MASTER_CLK (rise edge)             6.00       6.00
  clock network delay (ideal)              0.00       6.00
  clock uncertainty                       -0.20       5.80
  u_mul/b_reg_reg[7]/CK (DFFRX1M)          0.00       5.80 r
  library setup time                      -0.33       5.47
  data required time                                  5.47
  -----------------------------------------------------------
  data required time                                  5.47
  data arrival time                                  -1.63
  -----------------------------------------------------------
  slack (MET)                                         3.84


  Startpoint: b[0] (input port clocked by MASTER_CLK)
  Endpoint: u_mul/b_reg_reg[0]
            (rising edge-triggered flip-flop clocked by MASTER_CLK)
  Path Group: INREG
  Path Type: max

  Des/Clust/Port     Wire Load Model       Library
  ------------------------------------------------
  alu8_top           tsmc13_wl30           scmetro_tsmc_cl013g_rvt_ss_1p08v_125c

  Point                                    Incr       Path
  -----------------------------------------------------------
  clock MASTER_CLK (rise edge)             0.00       0.00
  clock network delay (ideal)              0.00       0.00
  input external delay                     1.20       1.20 r
  b[0] (in)                                0.23       1.43 r
  U21/Y (BUFX20M)                          0.20       1.63 r
  u_mul/b[0] (mult_unit)                   0.00       1.63 r
  u_mul/b_reg_reg[0]/D (DFFRQX4M)          0.00       1.63 r
  data arrival time                                   1.63

  clock MASTER_CLK (rise edge)             6.00       6.00
  clock network delay (ideal)              0.00       6.00
  clock uncertainty                       -0.20       5.80
  u_mul/b_reg_reg[0]/CK (DFFRQX4M)         0.00       5.80 r
  library setup time                      -0.30       5.50
  data required time                                  5.50
  -----------------------------------------------------------
  data required time                                  5.50
  data arrival time                                  -1.63
  -----------------------------------------------------------
  slack (MET)                                         3.87


  Startpoint: a[7] (input port clocked by MASTER_CLK)
  Endpoint: u_mul/a_reg_reg[7]
            (rising edge-triggered flip-flop clocked by MASTER_CLK)
  Path Group: INREG
  Path Type: max

  Des/Clust/Port     Wire Load Model       Library
  ------------------------------------------------
  alu8_top           tsmc13_wl30           scmetro_tsmc_cl013g_rvt_ss_1p08v_125c

  Point                                    Incr       Path
  -----------------------------------------------------------
  clock MASTER_CLK (rise edge)             0.00       0.00
  clock network delay (ideal)              0.00       0.00
  input external delay                     1.20       1.20 r
  a[7] (in)                                0.39       1.59 r
  u_mul/a[7] (mult_unit)                   0.00       1.59 r
  u_mul/a_reg_reg[7]/D (DFFRX1M)           0.00       1.59 r
  data arrival time                                   1.59

  clock MASTER_CLK (rise edge)             6.00       6.00
  clock network delay (ideal)              0.00       6.00
  clock uncertainty                       -0.20       5.80
  u_mul/a_reg_reg[7]/CK (DFFRX1M)          0.00       5.80 r
  library setup time                      -0.32       5.48
  data required time                                  5.48
  -----------------------------------------------------------
  data required time                                  5.48
  data arrival time                                  -1.59
  -----------------------------------------------------------
  slack (MET)                                         3.89


  Startpoint: a[0] (input port clocked by MASTER_CLK)
  Endpoint: u_mul/a_reg_reg[0]
            (rising edge-triggered flip-flop clocked by MASTER_CLK)
  Path Group: INREG
  Path Type: max

  Des/Clust/Port     Wire Load Model       Library
  ------------------------------------------------
  alu8_top           tsmc13_wl30           scmetro_tsmc_cl013g_rvt_ss_1p08v_125c

  Point                                    Incr       Path
  -----------------------------------------------------------
  clock MASTER_CLK (rise edge)             0.00       0.00
  clock network delay (ideal)              0.00       0.00
  input external delay                     1.20       1.20 r
  a[0] (in)                                0.23       1.43 r
  U20/Y (BUFX20M)                          0.20       1.62 r
  u_mul/a[0] (mult_unit)                   0.00       1.62 r
  u_mul/a_reg_reg[0]/D (DFFRX2M)           0.00       1.62 r
  data arrival time                                   1.62

  clock MASTER_CLK (rise edge)             6.00       6.00
  clock network delay (ideal)              0.00       6.00
  clock uncertainty                       -0.20       5.80
  u_mul/a_reg_reg[0]/CK (DFFRX2M)          0.00       5.80 r
  library setup time                      -0.24       5.56
  data required time                                  5.56
  -----------------------------------------------------------
  data required time                                  5.56
  data arrival time                                  -1.62
  -----------------------------------------------------------
  slack (MET)                                         3.94


  Startpoint: a[6] (input port clocked by MASTER_CLK)
  Endpoint: u_mul/a_reg_reg[6]
            (rising edge-triggered flip-flop clocked by MASTER_CLK)
  Path Group: INREG
  Path Type: max

  Des/Clust/Port     Wire Load Model       Library
  ------------------------------------------------
  alu8_top           tsmc13_wl30           scmetro_tsmc_cl013g_rvt_ss_1p08v_125c

  Point                                    Incr       Path
  -----------------------------------------------------------
  clock MASTER_CLK (rise edge)             0.00       0.00
  clock network delay (ideal)              0.00       0.00
  input external delay                     1.20       1.20 r
  a[6] (in)                                0.34       1.54 r
  u_mul/a[6] (mult_unit)                   0.00       1.54 r
  u_mul/a_reg_reg[6]/D (DFFRX1M)           0.00       1.54 r
  data arrival time                                   1.54

  clock MASTER_CLK (rise edge)             6.00       6.00
  clock network delay (ideal)              0.00       6.00
  clock uncertainty                       -0.20       5.80
  u_mul/a_reg_reg[6]/CK (DFFRX1M)          0.00       5.80 r
  library setup time                      -0.31       5.49
  data required time                                  5.49
  -----------------------------------------------------------
  data required time                                  5.49
  data arrival time                                  -1.54
  -----------------------------------------------------------
  slack (MET)                                         3.95


  Startpoint: a[5] (input port clocked by MASTER_CLK)
  Endpoint: u_mul/a_reg_reg[5]
            (rising edge-triggered flip-flop clocked by MASTER_CLK)
  Path Group: INREG
  Path Type: max

  Des/Clust/Port     Wire Load Model       Library
  ------------------------------------------------
  alu8_top           tsmc13_wl30           scmetro_tsmc_cl013g_rvt_ss_1p08v_125c

  Point                                    Incr       Path
  -----------------------------------------------------------
  clock MASTER_CLK (rise edge)             0.00       0.00
  clock network delay (ideal)              0.00       0.00
  input external delay                     1.20       1.20 r
  a[5] (in)                                0.34       1.54 r
  u_mul/a[5] (mult_unit)                   0.00       1.54 r
  u_mul/a_reg_reg[5]/D (DFFRX1M)           0.00       1.54 r
  data arrival time                                   1.54

  clock MASTER_CLK (rise edge)             6.00       6.00
  clock network delay (ideal)              0.00       6.00
  clock uncertainty                       -0.20       5.80
  u_mul/a_reg_reg[5]/CK (DFFRX1M)          0.00       5.80 r
  library setup time                      -0.31       5.49
  data required time                                  5.49
  -----------------------------------------------------------
  data required time                                  5.49
  data arrival time                                  -1.54
  -----------------------------------------------------------
  slack (MET)                                         3.95


  Startpoint: b[6] (input port clocked by MASTER_CLK)
  Endpoint: u_mul/b_reg_reg[6]
            (rising edge-triggered flip-flop clocked by MASTER_CLK)
  Path Group: INREG
  Path Type: max

  Des/Clust/Port     Wire Load Model       Library
  ------------------------------------------------
  alu8_top           tsmc13_wl30           scmetro_tsmc_cl013g_rvt_ss_1p08v_125c

  Point                                    Incr       Path
  -----------------------------------------------------------
  clock MASTER_CLK (rise edge)             0.00       0.00
  clock network delay (ideal)              0.00       0.00
  input external delay                     1.20       1.20 r
  b[6] (in)                                0.34       1.54 r
  u_mul/b[6] (mult_unit)                   0.00       1.54 r
  u_mul/b_reg_reg[6]/D (DFFRX1M)           0.00       1.54 r
  data arrival time                                   1.54

  clock MASTER_CLK (rise edge)             6.00       6.00
  clock network delay (ideal)              0.00       6.00
  clock uncertainty                       -0.20       5.80
  u_mul/b_reg_reg[6]/CK (DFFRX1M)          0.00       5.80 r
  library setup time                      -0.31       5.49
  data required time                                  5.49
  -----------------------------------------------------------
  data required time                                  5.49
  data arrival time                                  -1.54
  -----------------------------------------------------------
  slack (MET)                                         3.95


  Startpoint: b[5] (input port clocked by MASTER_CLK)
  Endpoint: u_mul/b_reg_reg[5]
            (rising edge-triggered flip-flop clocked by MASTER_CLK)
  Path Group: INREG
  Path Type: max

  Des/Clust/Port     Wire Load Model       Library
  ------------------------------------------------
  alu8_top           tsmc13_wl30           scmetro_tsmc_cl013g_rvt_ss_1p08v_125c

  Point                                    Incr       Path
  -----------------------------------------------------------
  clock MASTER_CLK (rise edge)             0.00       0.00
  clock network delay (ideal)              0.00       0.00
  input external delay                     1.20       1.20 r
  b[5] (in)                                0.34       1.54 r
  u_mul/b[5] (mult_unit)                   0.00       1.54 r
  u_mul/b_reg_reg[5]/D (DFFRX1M)           0.00       1.54 r
  data arrival time                                   1.54

  clock MASTER_CLK (rise edge)             6.00       6.00
  clock network delay (ideal)              0.00       6.00
  clock uncertainty                       -0.20       5.80
  u_mul/b_reg_reg[5]/CK (DFFRX1M)          0.00       5.80 r
  library setup time                      -0.31       5.49
  data required time                                  5.49
  -----------------------------------------------------------
  data required time                                  5.49
  data arrival time                                  -1.54
  -----------------------------------------------------------
  slack (MET)                                         3.95


  Startpoint: b[4] (input port clocked by MASTER_CLK)
  Endpoint: u_mul/b_reg_reg[4]
            (rising edge-triggered flip-flop clocked by MASTER_CLK)
  Path Group: INREG
  Path Type: max

  Des/Clust/Port     Wire Load Model       Library
  ------------------------------------------------
  alu8_top           tsmc13_wl30           scmetro_tsmc_cl013g_rvt_ss_1p08v_125c

  Point                                    Incr       Path
  -----------------------------------------------------------
  clock MASTER_CLK (rise edge)             0.00       0.00
  clock network delay (ideal)              0.00       0.00
  input external delay                     1.20       1.20 r
  b[4] (in)                                0.34       1.54 r
  u_mul/b[4] (mult_unit)                   0.00       1.54 r
  u_mul/b_reg_reg[4]/D (DFFRX1M)           0.00       1.54 r
  data arrival time                                   1.54

  clock MASTER_CLK (rise edge)             6.00       6.00
  clock network delay (ideal)              0.00       6.00
  clock uncertainty                       -0.20       5.80
  u_mul/b_reg_reg[4]/CK (DFFRX1M)          0.00       5.80 r
  library setup time                      -0.31       5.49
  data required time                                  5.49
  -----------------------------------------------------------
  data required time                                  5.49
  data arrival time                                  -1.54
  -----------------------------------------------------------
  slack (MET)                                         3.95


  Startpoint: a[4] (input port clocked by MASTER_CLK)
  Endpoint: u_mul/a_reg_reg[4]
            (rising edge-triggered flip-flop clocked by MASTER_CLK)
  Path Group: INREG
  Path Type: max

  Des/Clust/Port     Wire Load Model       Library
  ------------------------------------------------
  alu8_top           tsmc13_wl30           scmetro_tsmc_cl013g_rvt_ss_1p08v_125c

  Point                                    Incr       Path
  -----------------------------------------------------------
  clock MASTER_CLK (rise edge)             0.00       0.00
  clock network delay (ideal)              0.00       0.00
  input external delay                     1.20       1.20 r
  a[4] (in)                                0.34       1.54 r
  u_mul/a[4] (mult_unit)                   0.00       1.54 r
  u_mul/a_reg_reg[4]/D (DFFRX2M)           0.00       1.54 r
  data arrival time                                   1.54

  clock MASTER_CLK (rise edge)             6.00       6.00
  clock network delay (ideal)              0.00       6.00
  clock uncertainty                       -0.20       5.80
  u_mul/a_reg_reg[4]/CK (DFFRX2M)          0.00       5.80 r
  library setup time                      -0.30       5.50
  data required time                                  5.50
  -----------------------------------------------------------
  data required time                                  5.50
  data arrival time                                  -1.54
  -----------------------------------------------------------
  slack (MET)                                         3.95


  Startpoint: a[3] (input port clocked by MASTER_CLK)
  Endpoint: u_mul/a_reg_reg[3]
            (rising edge-triggered flip-flop clocked by MASTER_CLK)
  Path Group: INREG
  Path Type: max

  Des/Clust/Port     Wire Load Model       Library
  ------------------------------------------------
  alu8_top           tsmc13_wl30           scmetro_tsmc_cl013g_rvt_ss_1p08v_125c

  Point                                    Incr       Path
  -----------------------------------------------------------
  clock MASTER_CLK (rise edge)             0.00       0.00
  clock network delay (ideal)              0.00       0.00
  input external delay                     1.20       1.20 r
  a[3] (in)                                0.34       1.54 r
  u_mul/a[3] (mult_unit)                   0.00       1.54 r
  u_mul/a_reg_reg[3]/D (DFFRX2M)           0.00       1.54 r
  data arrival time                                   1.54

  clock MASTER_CLK (rise edge)             6.00       6.00
  clock network delay (ideal)              0.00       6.00
  clock uncertainty                       -0.20       5.80
  u_mul/a_reg_reg[3]/CK (DFFRX2M)          0.00       5.80 r
  library setup time                      -0.30       5.50
  data required time                                  5.50
  -----------------------------------------------------------
  data required time                                  5.50
  data arrival time                                  -1.54
  -----------------------------------------------------------
  slack (MET)                                         3.95


  Startpoint: b[2] (input port clocked by MASTER_CLK)
  Endpoint: u_mul/b_reg_reg[2]
            (rising edge-triggered flip-flop clocked by MASTER_CLK)
  Path Group: INREG
  Path Type: max

  Des/Clust/Port     Wire Load Model       Library
  ------------------------------------------------
  alu8_top           tsmc13_wl30           scmetro_tsmc_cl013g_rvt_ss_1p08v_125c

  Point                                    Incr       Path
  -----------------------------------------------------------
  clock MASTER_CLK (rise edge)             0.00       0.00
  clock network delay (ideal)              0.00       0.00
  input external delay                     1.20       1.20 r
  b[2] (in)                                0.34       1.54 r
  u_mul/b[2] (mult_unit)                   0.00       1.54 r
  u_mul/b_reg_reg[2]/D (DFFRX2M)           0.00       1.54 r
  data arrival time                                   1.54

  clock MASTER_CLK (rise edge)             6.00       6.00
  clock network delay (ideal)              0.00       6.00
  clock uncertainty                       -0.20       5.80
  u_mul/b_reg_reg[2]/CK (DFFRX2M)          0.00       5.80 r
  library setup time                      -0.30       5.50
  data required time                                  5.50
  -----------------------------------------------------------
  data required time                                  5.50
  data arrival time                                  -1.54
  -----------------------------------------------------------
  slack (MET)                                         3.95


  Startpoint: a[2] (input port clocked by MASTER_CLK)
  Endpoint: u_mul/a_reg_reg[2]
            (rising edge-triggered flip-flop clocked by MASTER_CLK)
  Path Group: INREG
  Path Type: max

  Des/Clust/Port     Wire Load Model       Library
  ------------------------------------------------
  alu8_top           tsmc13_wl30           scmetro_tsmc_cl013g_rvt_ss_1p08v_125c

  Point                                    Incr       Path
  -----------------------------------------------------------
  clock MASTER_CLK (rise edge)             0.00       0.00
  clock network delay (ideal)              0.00       0.00
  input external delay                     1.20       1.20 r
  a[2] (in)                                0.34       1.54 r
  u_mul/a[2] (mult_unit)                   0.00       1.54 r
  u_mul/a_reg_reg[2]/D (DFFRX4M)           0.00       1.54 r
  data arrival time                                   1.54

  clock MASTER_CLK (rise edge)             6.00       6.00
  clock network delay (ideal)              0.00       6.00
  clock uncertainty                       -0.20       5.80
  u_mul/a_reg_reg[2]/CK (DFFRX4M)          0.00       5.80 r
  library setup time                      -0.30       5.50
  data required time                                  5.50
  -----------------------------------------------------------
  data required time                                  5.50
  data arrival time                                  -1.54
  -----------------------------------------------------------
  slack (MET)                                         3.96


  Startpoint: b[3] (input port clocked by MASTER_CLK)
  Endpoint: u_mul/b_reg_reg[3]
            (rising edge-triggered flip-flop clocked by MASTER_CLK)
  Path Group: INREG
  Path Type: max

  Des/Clust/Port     Wire Load Model       Library
  ------------------------------------------------
  alu8_top           tsmc13_wl30           scmetro_tsmc_cl013g_rvt_ss_1p08v_125c

  Point                                    Incr       Path
  -----------------------------------------------------------
  clock MASTER_CLK (rise edge)             0.00       0.00
  clock network delay (ideal)              0.00       0.00
  input external delay                     1.20       1.20 r
  b[3] (in)                                0.34       1.54 r
  u_mul/b[3] (mult_unit)                   0.00       1.54 r
  u_mul/b_reg_reg[3]/D (DFFRX4M)           0.00       1.54 r
  data arrival time                                   1.54

  clock MASTER_CLK (rise edge)             6.00       6.00
  clock network delay (ideal)              0.00       6.00
  clock uncertainty                       -0.20       5.80
  u_mul/b_reg_reg[3]/CK (DFFRX4M)          0.00       5.80 r
  library setup time                      -0.30       5.50
  data required time                                  5.50
  -----------------------------------------------------------
  data required time                                  5.50
  data arrival time                                  -1.54
  -----------------------------------------------------------
  slack (MET)                                         3.96


  Startpoint: add_en (input port clocked by MASTER_CLK)
  Endpoint: u_add/en_reg_reg
            (rising edge-triggered flip-flop clocked by MASTER_CLK)
  Path Group: INREG
  Path Type: max

  Des/Clust/Port     Wire Load Model       Library
  ------------------------------------------------
  alu8_top           tsmc13_wl30           scmetro_tsmc_cl013g_rvt_ss_1p08v_125c

  Point                                    Incr       Path
  -----------------------------------------------------------
  clock MASTER_CLK (rise edge)             0.00       0.00
  clock network delay (ideal)              0.00       0.00
  input external delay                     1.20       1.20 r
  add_en (in)                              0.17       1.37 r
  u_add/en (add_unit)                      0.00       1.37 r
  u_add/en_reg_reg/D (DFFRQX2M)            0.00       1.37 r
  data arrival time                                   1.37

  clock MASTER_CLK (rise edge)             6.00       6.00
  clock network delay (ideal)              0.00       6.00
  clock uncertainty                       -0.20       5.80
  u_add/en_reg_reg/CK (DFFRQX2M)           0.00       5.80 r
  library setup time                      -0.33       5.47
  data required time                                  5.47
  -----------------------------------------------------------
  data required time                                  5.47
  data arrival time                                  -1.37
  -----------------------------------------------------------
  slack (MET)                                         4.10


  Startpoint: mul_en (input port clocked by MASTER_CLK)
  Endpoint: u_mul/en_reg_reg
            (rising edge-triggered flip-flop clocked by MASTER_CLK)
  Path Group: INREG
  Path Type: max

  Des/Clust/Port     Wire Load Model       Library
  ------------------------------------------------
  alu8_top           tsmc13_wl30           scmetro_tsmc_cl013g_rvt_ss_1p08v_125c

  Point                                    Incr       Path
  -----------------------------------------------------------
  clock MASTER_CLK (rise edge)             0.00       0.00
  clock network delay (ideal)              0.00       0.00
  input external delay                     1.20       1.20 r
  mul_en (in)                              0.17       1.37 r
  u_mul/en (mult_unit)                     0.00       1.37 r
  u_mul/en_reg_reg/D (DFFRQX2M)            0.00       1.37 r
  data arrival time                                   1.37

  clock MASTER_CLK (rise edge)             6.00       6.00
  clock network delay (ideal)              0.00       6.00
  clock uncertainty                       -0.20       5.80
  u_mul/en_reg_reg/CK (DFFRQX2M)           0.00       5.80 r
  library setup time                      -0.33       5.47
  data required time                                  5.47
  -----------------------------------------------------------
  data required time                                  5.47
  data arrival time                                  -1.37
  -----------------------------------------------------------
  slack (MET)                                         4.10


  Startpoint: u_mul/level3_pipe_reg[7]
              (rising edge-triggered flip-flop clocked by MASTER_CLK)
  Endpoint: u_mul/product_reg[15]
            (rising edge-triggered flip-flop clocked by MASTER_CLK)
  Path Group: MASTER_CLK
  Path Type: max

  Des/Clust/Port     Wire Load Model       Library
  ------------------------------------------------
  alu8_top           tsmc13_wl30           scmetro_tsmc_cl013g_rvt_ss_1p08v_125c

  Point                                                   Incr       Path
  --------------------------------------------------------------------------
  clock MASTER_CLK (rise edge)                            0.00       0.00
  clock network delay (ideal)                             0.00       0.00
  u_mul/level3_pipe_reg[7]/CK (DFFRHQX8M)                 0.00       0.00 r
  u_mul/level3_pipe_reg[7]/Q (DFFRHQX8M)                  0.56       0.56 r
  u_mul/U73/Y (NAND2X2M)                                  0.36       0.92 f
  u_mul/U72/Y (NAND3X12M)                                 0.18       1.10 r
  u_mul/U83/S (ADDFHX8M)                                  0.39       1.49 f
  u_mul/U99/CO (ADDFHX8M)                                 0.45       1.94 f
  u_mul/U98/Y (CLKXOR2X16M)                               0.25       2.20 r
  u_mul/U61/Y (CLKXOR2X8M)                                0.42       2.61 f
  u_mul/add_0_root_add_0_root_add_158/B[9] (mult_unit_DW01_add_0)
                                                          0.00       2.61 f
  u_mul/add_0_root_add_0_root_add_158/U34/Y (NAND2X4M)
                                                          0.25       2.86 r
  u_mul/add_0_root_add_0_root_add_158/U24/Y (NAND2X12M)
                                                          0.11       2.97 f
  u_mul/add_0_root_add_0_root_add_158/U17/Y (OR2X12M)     0.23       3.20 f
  u_mul/add_0_root_add_0_root_add_158/U8/Y (NAND2X6M)     0.13       3.33 r
  u_mul/add_0_root_add_0_root_add_158/U23/Y (AND2X12M)
                                                          0.18       3.51 r
  u_mul/add_0_root_add_0_root_add_158/U7/Y (CLKNAND2X12M)
                                                          0.13       3.64 f
  u_mul/add_0_root_add_0_root_add_158/U1_11/CO (ADDFHX4M)
                                                          0.34       3.97 f
  u_mul/add_0_root_add_0_root_add_158/U1_12/CO (ADDFHX8M)
                                                          0.36       4.33 f
  u_mul/add_0_root_add_0_root_add_158/U25/Y (NAND2X4M)
                                                          0.22       4.54 r
  u_mul/add_0_root_add_0_root_add_158/U26/Y (NAND3X12M)
                                                          0.21       4.75 f
  u_mul/add_0_root_add_0_root_add_158/U27/Y (NAND2X12M)
                                                          0.18       4.93 r
  u_mul/add_0_root_add_0_root_add_158/U30/Y (CLKINVX6M)
                                                          0.15       5.09 f
  u_mul/add_0_root_add_0_root_add_158/U31/Y (NAND2X8M)
                                                          0.14       5.23 r
  u_mul/add_0_root_add_0_root_add_158/U28/Y (CLKNAND2X12M)
                                                          0.16       5.39 f
  u_mul/add_0_root_add_0_root_add_158/SUM[15] (mult_unit_DW01_add_0)
                                                          0.00       5.39 f
  u_mul/U101/Y (NAND2X12M)                                0.12       5.51 r
  u_mul/U58/Y (NAND2X6M)                                  0.13       5.63 f
  u_mul/product_reg[15]/D (DFFRQX2M)                      0.00       5.63 f
  data arrival time                                                  5.63

  clock MASTER_CLK (rise edge)                            6.00       6.00
  clock network delay (ideal)                             0.00       6.00
  clock uncertainty                                      -0.20       5.80
  u_mul/product_reg[15]/CK (DFFRQX2M)                     0.00       5.80 r
  library setup time                                     -0.16       5.64
  data required time                                                 5.64
  --------------------------------------------------------------------------
  data required time                                                 5.64
  data arrival time                                                 -5.63
  --------------------------------------------------------------------------
  slack (MET)                                                        0.01


  Startpoint: u_mul/level3_pipe_reg[7]
              (rising edge-triggered flip-flop clocked by MASTER_CLK)
  Endpoint: u_mul/product_reg[14]
            (rising edge-triggered flip-flop clocked by MASTER_CLK)
  Path Group: MASTER_CLK
  Path Type: max

  Des/Clust/Port     Wire Load Model       Library
  ------------------------------------------------
  alu8_top           tsmc13_wl30           scmetro_tsmc_cl013g_rvt_ss_1p08v_125c

  Point                                                   Incr       Path
  --------------------------------------------------------------------------
  clock MASTER_CLK (rise edge)                            0.00       0.00
  clock network delay (ideal)                             0.00       0.00
  u_mul/level3_pipe_reg[7]/CK (DFFRHQX8M)                 0.00       0.00 r
  u_mul/level3_pipe_reg[7]/Q (DFFRHQX8M)                  0.56       0.56 r
  u_mul/U73/Y (NAND2X2M)                                  0.36       0.92 f
  u_mul/U72/Y (NAND3X12M)                                 0.18       1.10 r
  u_mul/U83/S (ADDFHX8M)                                  0.39       1.49 f
  u_mul/U99/CO (ADDFHX8M)                                 0.45       1.94 f
  u_mul/U98/Y (CLKXOR2X16M)                               0.25       2.20 r
  u_mul/U61/Y (CLKXOR2X8M)                                0.42       2.61 f
  u_mul/add_0_root_add_0_root_add_158/B[9] (mult_unit_DW01_add_0)
                                                          0.00       2.61 f
  u_mul/add_0_root_add_0_root_add_158/U34/Y (NAND2X4M)
                                                          0.25       2.86 r
  u_mul/add_0_root_add_0_root_add_158/U24/Y (NAND2X12M)
                                                          0.11       2.97 f
  u_mul/add_0_root_add_0_root_add_158/U17/Y (OR2X12M)     0.23       3.20 f
  u_mul/add_0_root_add_0_root_add_158/U8/Y (NAND2X6M)     0.13       3.33 r
  u_mul/add_0_root_add_0_root_add_158/U23/Y (AND2X12M)
                                                          0.18       3.51 r
  u_mul/add_0_root_add_0_root_add_158/U7/Y (CLKNAND2X12M)
                                                          0.13       3.64 f
  u_mul/add_0_root_add_0_root_add_158/U1_11/CO (ADDFHX4M)
                                                          0.34       3.97 f
  u_mul/add_0_root_add_0_root_add_158/U1_12/CO (ADDFHX8M)
                                                          0.36       4.33 f
  u_mul/add_0_root_add_0_root_add_158/U25/Y (NAND2X4M)
                                                          0.22       4.54 r
  u_mul/add_0_root_add_0_root_add_158/U26/Y (NAND3X12M)
                                                          0.21       4.75 f
  u_mul/add_0_root_add_0_root_add_158/U18/Y (CLKXOR2X4M)
                                                          0.41       5.16 r
  u_mul/add_0_root_add_0_root_add_158/SUM[14] (mult_unit_DW01_add_0)
                                                          0.00       5.16 r
  u_mul/U70/Y (AO22X8M)                                   0.20       5.35 r
  u_mul/product_reg[14]/D (DFFRQX1M)                      0.00       5.35 r
  data arrival time                                                  5.35

  clock MASTER_CLK (rise edge)                            6.00       6.00
  clock network delay (ideal)                             0.00       6.00
  clock uncertainty                                      -0.20       5.80
  u_mul/product_reg[14]/CK (DFFRQX1M)                     0.00       5.80 r
  library setup time                                     -0.32       5.48
  data required time                                                 5.48
  --------------------------------------------------------------------------
  data required time                                                 5.48
  data arrival time                                                 -5.35
  --------------------------------------------------------------------------
  slack (MET)                                                        0.13


  Startpoint: u_mul/a_reg_reg[1]
              (rising edge-triggered flip-flop clocked by MASTER_CLK)
  Endpoint: u_mul/level3_pipe_reg[10]
            (rising edge-triggered flip-flop clocked by MASTER_CLK)
  Path Group: MASTER_CLK
  Path Type: max

  Des/Clust/Port     Wire Load Model       Library
  ------------------------------------------------
  alu8_top           tsmc13_wl30           scmetro_tsmc_cl013g_rvt_ss_1p08v_125c

  Point                                                   Incr       Path
  --------------------------------------------------------------------------
  clock MASTER_CLK (rise edge)                            0.00       0.00
  clock network delay (ideal)                             0.00       0.00
  u_mul/a_reg_reg[1]/CK (DFFRX4M)                         0.00       0.00 r
  u_mul/a_reg_reg[1]/Q (DFFRX4M)                          0.73       0.73 f
  u_mul/U107/Y (INVX14M)                                  0.29       1.02 r
  u_mul/U97/Y (NAND2BX8M)                                 0.20       1.22 r
  u_mul/U54/Y (INVX6M)                                    0.12       1.34 f
  u_mul/U102/Y (AND2X12M)                                 0.17       1.51 f
  u_mul/U44/CO (ADDFHX4M)                                 0.29       1.80 f
  u_mul/U86/CO (ADDFHX4M)                                 0.31       2.11 f
  u_mul/U8/S (ADDFHX4M)                                   0.40       2.52 r
  u_mul/add_0_root_add_0_root_add_119/A[4] (mult_unit_DW01_add_4)
                                                          0.00       2.52 r
  u_mul/add_0_root_add_0_root_add_119/U1_4/CO (ADDFHX8M)
                                                          0.51       3.03 r
  u_mul/add_0_root_add_0_root_add_119/U3/Y (NAND2X6M)     0.17       3.20 f
  u_mul/add_0_root_add_0_root_add_119/U9/Y (NAND3X12M)
                                                          0.15       3.35 r
  u_mul/add_0_root_add_0_root_add_119/U1_6/CO (ADDFHX8M)
                                                          0.31       3.66 r
  u_mul/add_0_root_add_0_root_add_119/U14/Y (NAND2X3M)
                                                          0.25       3.91 f
  u_mul/add_0_root_add_0_root_add_119/U13/Y (NAND2X8M)
                                                          0.17       4.08 r
  u_mul/add_0_root_add_0_root_add_119/U17/Y (CLKINVX8M)
                                                          0.14       4.22 f
  u_mul/add_0_root_add_0_root_add_119/U16/Y (NAND2X12M)
                                                          0.11       4.33 r
  u_mul/add_0_root_add_0_root_add_119/U1_8/CO (ADDFHX4M)
                                                          0.30       4.63 r
  u_mul/add_0_root_add_0_root_add_119/U1_9/CO (ADDFHX8M)
                                                          0.28       4.91 r
  u_mul/add_0_root_add_0_root_add_119/U19/Y (CLKXOR2X2M)
                                                          0.41       5.32 r
  u_mul/add_0_root_add_0_root_add_119/SUM[10] (mult_unit_DW01_add_4)
                                                          0.00       5.32 r
  u_mul/level3_pipe_reg[10]/D (DFFRQX2M)                  0.00       5.32 r
  data arrival time                                                  5.32

  clock MASTER_CLK (rise edge)                            6.00       6.00
  clock network delay (ideal)                             0.00       6.00
  clock uncertainty                                      -0.20       5.80
  u_mul/level3_pipe_reg[10]/CK (DFFRQX2M)                 0.00       5.80 r
  library setup time                                     -0.33       5.47
  data required time                                                 5.47
  --------------------------------------------------------------------------
  data required time                                                 5.47
  data arrival time                                                 -5.32
  --------------------------------------------------------------------------
  slack (MET)                                                        0.15


  Startpoint: u_mul/a_reg_reg[1]
              (rising edge-triggered flip-flop clocked by MASTER_CLK)
  Endpoint: u_mul/level3_pipe_reg[11]
            (rising edge-triggered flip-flop clocked by MASTER_CLK)
  Path Group: MASTER_CLK
  Path Type: max

  Des/Clust/Port     Wire Load Model       Library
  ------------------------------------------------
  alu8_top           tsmc13_wl30           scmetro_tsmc_cl013g_rvt_ss_1p08v_125c

  Point                                                   Incr       Path
  --------------------------------------------------------------------------
  clock MASTER_CLK (rise edge)                            0.00       0.00
  clock network delay (ideal)                             0.00       0.00
  u_mul/a_reg_reg[1]/CK (DFFRX4M)                         0.00       0.00 r
  u_mul/a_reg_reg[1]/Q (DFFRX4M)                          0.73       0.73 f
  u_mul/U107/Y (INVX14M)                                  0.29       1.02 r
  u_mul/U97/Y (NAND2BX8M)                                 0.20       1.22 r
  u_mul/U54/Y (INVX6M)                                    0.12       1.34 f
  u_mul/U102/Y (AND2X12M)                                 0.17       1.51 f
  u_mul/U44/CO (ADDFHX4M)                                 0.29       1.80 f
  u_mul/U86/CO (ADDFHX4M)                                 0.31       2.11 f
  u_mul/U8/S (ADDFHX4M)                                   0.40       2.52 r
  u_mul/add_0_root_add_0_root_add_119/A[4] (mult_unit_DW01_add_4)
                                                          0.00       2.52 r
  u_mul/add_0_root_add_0_root_add_119/U1_4/CO (ADDFHX8M)
                                                          0.51       3.03 r
  u_mul/add_0_root_add_0_root_add_119/U3/Y (NAND2X6M)     0.17       3.20 f
  u_mul/add_0_root_add_0_root_add_119/U9/Y (NAND3X12M)
                                                          0.15       3.35 r
  u_mul/add_0_root_add_0_root_add_119/U1_6/CO (ADDFHX8M)
                                                          0.31       3.66 r
  u_mul/add_0_root_add_0_root_add_119/U14/Y (NAND2X3M)
                                                          0.25       3.91 f
  u_mul/add_0_root_add_0_root_add_119/U13/Y (NAND2X8M)
                                                          0.17       4.08 r
  u_mul/add_0_root_add_0_root_add_119/U17/Y (CLKINVX8M)
                                                          0.14       4.22 f
  u_mul/add_0_root_add_0_root_add_119/U16/Y (NAND2X12M)
                                                          0.11       4.33 r
  u_mul/add_0_root_add_0_root_add_119/U1_8/CO (ADDFHX4M)
                                                          0.30       4.63 r
  u_mul/add_0_root_add_0_root_add_119/U1_9/CO (ADDFHX8M)
                                                          0.28       4.91 r
  u_mul/add_0_root_add_0_root_add_119/U12/Y (AND2X8M)     0.20       5.11 r
  u_mul/add_0_root_add_0_root_add_119/U11/Y (XOR2X8M)     0.19       5.31 r
  u_mul/add_0_root_add_0_root_add_119/SUM[11] (mult_unit_DW01_add_4)
                                                          0.00       5.31 r
  u_mul/level3_pipe_reg[11]/D (DFFRQX2M)                  0.00       5.31 r
  data arrival time                                                  5.31

  clock MASTER_CLK (rise edge)                            6.00       6.00
  clock network delay (ideal)                             0.00       6.00
  clock uncertainty                                      -0.20       5.80
  u_mul/level3_pipe_reg[11]/CK (DFFRQX2M)                 0.00       5.80 r
  library setup time                                     -0.33       5.47
  data required time                                                 5.47
  --------------------------------------------------------------------------
  data required time                                                 5.47
  data arrival time                                                 -5.31
  --------------------------------------------------------------------------
  slack (MET)                                                        0.16


  Startpoint: u_mul/pp6_pipe_reg[1]
              (rising edge-triggered flip-flop clocked by MASTER_CLK)
  Endpoint: u_mul/product_reg[13]
            (rising edge-triggered flip-flop clocked by MASTER_CLK)
  Path Group: MASTER_CLK
  Path Type: max

  Des/Clust/Port     Wire Load Model       Library
  ------------------------------------------------
  alu8_top           tsmc13_wl30           scmetro_tsmc_cl013g_rvt_ss_1p08v_125c

  Point                                                   Incr       Path
  --------------------------------------------------------------------------
  clock MASTER_CLK (rise edge)                            0.00       0.00
  clock network delay (ideal)                             0.00       0.00
  u_mul/pp6_pipe_reg[1]/CK (DFFRHQX8M)                    0.00       0.00 r
  u_mul/pp6_pipe_reg[1]/Q (DFFRHQX8M)                     0.44       0.44 f
  u_mul/U73/Y (NAND2X2M)                                  0.36       0.80 r
  u_mul/U72/Y (NAND3X12M)                                 0.18       0.98 f
  u_mul/U83/CO (ADDFHX8M)                                 0.33       1.30 f
  u_mul/U82/CO (ADDFHX4M)                                 0.31       1.61 f
  u_mul/U170/CO (ADDFX2M)                                 0.49       2.10 f
  u_mul/U46/S (ADDFHX4M)                                  0.38       2.48 r
  u_mul/U111/CO (ADDFX2M)                                 0.80       3.28 r
  u_mul/U78/CO (ADDFHX8M)                                 0.35       3.63 r
  u_mul/U75/Y (XOR2X8M)                                   0.34       3.97 r
  u_mul/add_0_root_add_0_root_add_158/B[13] (mult_unit_DW01_add_0)
                                                          0.00       3.97 r
  u_mul/add_0_root_add_0_root_add_158/U15/Y (XOR2X4M)     0.36       4.33 r
  u_mul/add_0_root_add_0_root_add_158/U14/Y (CLKXOR2X2M)
                                                          0.52       4.84 r
  u_mul/add_0_root_add_0_root_add_158/SUM[13] (mult_unit_DW01_add_0)
                                                          0.00       4.84 r
  u_mul/U60/Y (NAND2X4M)                                  0.18       5.03 f
  u_mul/U130/Y (NAND2X2M)                                 0.27       5.30 r
  u_mul/product_reg[13]/D (DFFRQX2M)                      0.00       5.30 r
  data arrival time                                                  5.30

  clock MASTER_CLK (rise edge)                            6.00       6.00
  clock network delay (ideal)                             0.00       6.00
  clock uncertainty                                      -0.20       5.80
  u_mul/product_reg[13]/CK (DFFRQX2M)                     0.00       5.80 r
  library setup time                                     -0.33       5.47
  data required time                                                 5.47
  --------------------------------------------------------------------------
  data required time                                                 5.47
  data arrival time                                                 -5.30
  --------------------------------------------------------------------------
  slack (MET)                                                        0.17


  Startpoint: u_mul/level3_pipe_reg[7]
              (rising edge-triggered flip-flop clocked by MASTER_CLK)
  Endpoint: u_mul/product_reg[12]
            (rising edge-triggered flip-flop clocked by MASTER_CLK)
  Path Group: MASTER_CLK
  Path Type: max

  Des/Clust/Port     Wire Load Model       Library
  ------------------------------------------------
  alu8_top           tsmc13_wl30           scmetro_tsmc_cl013g_rvt_ss_1p08v_125c

  Point                                                   Incr       Path
  --------------------------------------------------------------------------
  clock MASTER_CLK (rise edge)                            0.00       0.00
  clock network delay (ideal)                             0.00       0.00
  u_mul/level3_pipe_reg[7]/CK (DFFRHQX8M)                 0.00       0.00 r
  u_mul/level3_pipe_reg[7]/Q (DFFRHQX8M)                  0.56       0.56 r
  u_mul/U73/Y (NAND2X2M)                                  0.36       0.92 f
  u_mul/U72/Y (NAND3X12M)                                 0.18       1.10 r
  u_mul/U83/S (ADDFHX8M)                                  0.39       1.49 f
  u_mul/U99/CO (ADDFHX8M)                                 0.45       1.94 f
  u_mul/U98/Y (CLKXOR2X16M)                               0.25       2.20 r
  u_mul/U61/Y (CLKXOR2X8M)                                0.42       2.61 f
  u_mul/add_0_root_add_0_root_add_158/B[9] (mult_unit_DW01_add_0)
                                                          0.00       2.61 f
  u_mul/add_0_root_add_0_root_add_158/U34/Y (NAND2X4M)
                                                          0.25       2.86 r
  u_mul/add_0_root_add_0_root_add_158/U24/Y (NAND2X12M)
                                                          0.11       2.97 f
  u_mul/add_0_root_add_0_root_add_158/U17/Y (OR2X12M)     0.23       3.20 f
  u_mul/add_0_root_add_0_root_add_158/U8/Y (NAND2X6M)     0.13       3.33 r
  u_mul/add_0_root_add_0_root_add_158/U23/Y (AND2X12M)
                                                          0.18       3.51 r
  u_mul/add_0_root_add_0_root_add_158/U7/Y (CLKNAND2X12M)
                                                          0.13       3.64 f
  u_mul/add_0_root_add_0_root_add_158/U1_11/CO (ADDFHX4M)
                                                          0.34       3.97 f
  u_mul/add_0_root_add_0_root_add_158/U1_12/S (ADDFHX8M)
                                                          0.35       4.33 r
  u_mul/add_0_root_add_0_root_add_158/SUM[12] (mult_unit_DW01_add_0)
                                                          0.00       4.33 r
  u_mul/U57/Y (NAND2X2M)                                  0.22       4.54 f
  u_mul/U55/Y (NAND2X2M)                                  0.31       4.85 r
  u_mul/product_reg[12]/D (DFFRQX2M)                      0.00       4.85 r
  data arrival time                                                  4.85

  clock MASTER_CLK (rise edge)                            6.00       6.00
  clock network delay (ideal)                             0.00       6.00
  clock uncertainty                                      -0.20       5.80
  u_mul/product_reg[12]/CK (DFFRQX2M)                     0.00       5.80 r
  library setup time                                     -0.33       5.47
  data required time                                                 5.47
  --------------------------------------------------------------------------
  data required time                                                 5.47
  data arrival time                                                 -4.85
  --------------------------------------------------------------------------
  slack (MET)                                                        0.62


  Startpoint: u_mul/a_reg_reg[1]
              (rising edge-triggered flip-flop clocked by MASTER_CLK)
  Endpoint: u_mul/level3_pipe_reg[9]
            (rising edge-triggered flip-flop clocked by MASTER_CLK)
  Path Group: MASTER_CLK
  Path Type: max

  Des/Clust/Port     Wire Load Model       Library
  ------------------------------------------------
  alu8_top           tsmc13_wl30           scmetro_tsmc_cl013g_rvt_ss_1p08v_125c

  Point                                                   Incr       Path
  --------------------------------------------------------------------------
  clock MASTER_CLK (rise edge)                            0.00       0.00
  clock network delay (ideal)                             0.00       0.00
  u_mul/a_reg_reg[1]/CK (DFFRX4M)                         0.00       0.00 r
  u_mul/a_reg_reg[1]/Q (DFFRX4M)                          0.73       0.73 f
  u_mul/U107/Y (INVX14M)                                  0.29       1.02 r
  u_mul/U97/Y (NAND2BX8M)                                 0.20       1.22 r
  u_mul/U54/Y (INVX6M)                                    0.12       1.34 f
  u_mul/U102/Y (AND2X12M)                                 0.17       1.51 f
  u_mul/U44/CO (ADDFHX4M)                                 0.29       1.80 f
  u_mul/U86/CO (ADDFHX4M)                                 0.31       2.11 f
  u_mul/U8/S (ADDFHX4M)                                   0.40       2.52 r
  u_mul/add_0_root_add_0_root_add_119/A[4] (mult_unit_DW01_add_4)
                                                          0.00       2.52 r
  u_mul/add_0_root_add_0_root_add_119/U1_4/CO (ADDFHX8M)
                                                          0.51       3.03 r
  u_mul/add_0_root_add_0_root_add_119/U3/Y (NAND2X6M)     0.17       3.20 f
  u_mul/add_0_root_add_0_root_add_119/U9/Y (NAND3X12M)
                                                          0.15       3.35 r
  u_mul/add_0_root_add_0_root_add_119/U1_6/CO (ADDFHX8M)
                                                          0.31       3.66 r
  u_mul/add_0_root_add_0_root_add_119/U14/Y (NAND2X3M)
                                                          0.25       3.91 f
  u_mul/add_0_root_add_0_root_add_119/U13/Y (NAND2X8M)
                                                          0.17       4.08 r
  u_mul/add_0_root_add_0_root_add_119/U17/Y (CLKINVX8M)
                                                          0.14       4.22 f
  u_mul/add_0_root_add_0_root_add_119/U16/Y (NAND2X12M)
                                                          0.11       4.33 r
  u_mul/add_0_root_add_0_root_add_119/U1_8/CO (ADDFHX4M)
                                                          0.30       4.63 r
  u_mul/add_0_root_add_0_root_add_119/U1_9/S (ADDFHX8M)
                                                          0.38       5.01 f
  u_mul/add_0_root_add_0_root_add_119/SUM[9] (mult_unit_DW01_add_4)
                                                          0.00       5.01 f
  u_mul/level3_pipe_reg[9]/D (DFFRQX2M)                   0.00       5.01 f
  data arrival time                                                  5.01

  clock MASTER_CLK (rise edge)                            6.00       6.00
  clock network delay (ideal)                             0.00       6.00
  clock uncertainty                                      -0.20       5.80
  u_mul/level3_pipe_reg[9]/CK (DFFRQX2M)                  0.00       5.80 r
  library setup time                                     -0.16       5.64
  data required time                                                 5.64
  --------------------------------------------------------------------------
  data required time                                                 5.64
  data arrival time                                                 -5.01
  --------------------------------------------------------------------------
  slack (MET)                                                        0.63


  Startpoint: u_mul/pp4_pipe_reg[2]
              (rising edge-triggered flip-flop clocked by MASTER_CLK)
  Endpoint: u_mul/product_reg[10]
            (rising edge-triggered flip-flop clocked by MASTER_CLK)
  Path Group: MASTER_CLK
  Path Type: max

  Des/Clust/Port     Wire Load Model       Library
  ------------------------------------------------
  alu8_top           tsmc13_wl30           scmetro_tsmc_cl013g_rvt_ss_1p08v_125c

  Point                                                   Incr       Path
  --------------------------------------------------------------------------
  clock MASTER_CLK (rise edge)                            0.00       0.00
  clock network delay (ideal)                             0.00       0.00
  u_mul/pp4_pipe_reg[2]/CK (DFFRQX4M)                     0.00       0.00 r
  u_mul/pp4_pipe_reg[2]/Q (DFFRQX4M)                      0.69       0.69 f
  u_mul/U36/Y (XOR2X4M)                                   0.36       1.05 r
  u_mul/U39/Y (XOR2X8M)                                   0.29       1.34 r
  u_mul/add_0_root_add_0_root_add_158/A[6] (mult_unit_DW01_add_0)
                                                          0.00       1.34 r
  u_mul/add_0_root_add_0_root_add_158/U1_6/CO (ADDFHX8M)
                                                          0.52       1.85 r
  u_mul/add_0_root_add_0_root_add_158/U13/Y (NAND2X4M)
                                                          0.20       2.05 f
  u_mul/add_0_root_add_0_root_add_158/U4/Y (NAND3X12M)
                                                          0.24       2.29 r
  u_mul/add_0_root_add_0_root_add_158/U3/Y (CLKNAND2X8M)
                                                          0.21       2.51 f
  u_mul/add_0_root_add_0_root_add_158/U21/Y (NAND3X12M)
                                                          0.21       2.72 r
  u_mul/add_0_root_add_0_root_add_158/U19/Y (NAND2X5M)
                                                          0.17       2.89 f
  u_mul/add_0_root_add_0_root_add_158/U24/Y (NAND2X12M)
                                                          0.13       3.02 r
  u_mul/add_0_root_add_0_root_add_158/U17/Y (OR2X12M)     0.22       3.24 r
  u_mul/add_0_root_add_0_root_add_158/U38/Y (XOR3XLM)     0.86       4.10 r
  u_mul/add_0_root_add_0_root_add_158/SUM[10] (mult_unit_DW01_add_0)
                                                          0.00       4.10 r
  u_mul/U173/Y (AO22X1M)                                  0.48       4.59 r
  u_mul/product_reg[10]/D (DFFRQX2M)                      0.00       4.59 r
  data arrival time                                                  4.59

  clock MASTER_CLK (rise edge)                            6.00       6.00
  clock network delay (ideal)                             0.00       6.00
  clock uncertainty                                      -0.20       5.80
  u_mul/product_reg[10]/CK (DFFRQX2M)                     0.00       5.80 r
  library setup time                                     -0.35       5.45
  data required time                                                 5.45
  --------------------------------------------------------------------------
  data required time                                                 5.45
  data arrival time                                                 -4.59
  --------------------------------------------------------------------------
  slack (MET)                                                        0.87


  Startpoint: u_mul/a_reg_reg[1]
              (rising edge-triggered flip-flop clocked by MASTER_CLK)
  Endpoint: u_mul/level3_pipe_reg[8]
            (rising edge-triggered flip-flop clocked by MASTER_CLK)
  Path Group: MASTER_CLK
  Path Type: max

  Des/Clust/Port     Wire Load Model       Library
  ------------------------------------------------
  alu8_top           tsmc13_wl30           scmetro_tsmc_cl013g_rvt_ss_1p08v_125c

  Point                                                   Incr       Path
  --------------------------------------------------------------------------
  clock MASTER_CLK (rise edge)                            0.00       0.00
  clock network delay (ideal)                             0.00       0.00
  u_mul/a_reg_reg[1]/CK (DFFRX4M)                         0.00       0.00 r
  u_mul/a_reg_reg[1]/Q (DFFRX4M)                          0.73       0.73 f
  u_mul/U107/Y (INVX14M)                                  0.29       1.02 r
  u_mul/U97/Y (NAND2BX8M)                                 0.20       1.22 r
  u_mul/U54/Y (INVX6M)                                    0.12       1.34 f
  u_mul/U102/Y (AND2X12M)                                 0.17       1.51 f
  u_mul/U44/CO (ADDFHX4M)                                 0.29       1.80 f
  u_mul/U86/CO (ADDFHX4M)                                 0.31       2.11 f
  u_mul/U8/S (ADDFHX4M)                                   0.40       2.52 r
  u_mul/add_0_root_add_0_root_add_119/A[4] (mult_unit_DW01_add_4)
                                                          0.00       2.52 r
  u_mul/add_0_root_add_0_root_add_119/U1_4/CO (ADDFHX8M)
                                                          0.51       3.03 r
  u_mul/add_0_root_add_0_root_add_119/U3/Y (NAND2X6M)     0.17       3.20 f
  u_mul/add_0_root_add_0_root_add_119/U9/Y (NAND3X12M)
                                                          0.15       3.35 r
  u_mul/add_0_root_add_0_root_add_119/U1_6/CO (ADDFHX8M)
                                                          0.31       3.66 r
  u_mul/add_0_root_add_0_root_add_119/U14/Y (NAND2X3M)
                                                          0.25       3.91 f
  u_mul/add_0_root_add_0_root_add_119/U13/Y (NAND2X8M)
                                                          0.17       4.08 r
  u_mul/add_0_root_add_0_root_add_119/U17/Y (CLKINVX8M)
                                                          0.14       4.22 f
  u_mul/add_0_root_add_0_root_add_119/U16/Y (NAND2X12M)
                                                          0.11       4.33 r
  u_mul/add_0_root_add_0_root_add_119/U1_8/S (ADDFHX4M)
                                                          0.24       4.58 r
  u_mul/add_0_root_add_0_root_add_119/SUM[8] (mult_unit_DW01_add_4)
                                                          0.00       4.58 r
  u_mul/level3_pipe_reg[8]/D (DFFRQX2M)                   0.00       4.58 r
  data arrival time                                                  4.58

  clock MASTER_CLK (rise edge)                            6.00       6.00
  clock network delay (ideal)                             0.00       6.00
  clock uncertainty                                      -0.20       5.80
  u_mul/level3_pipe_reg[8]/CK (DFFRQX2M)                  0.00       5.80 r
  library setup time                                     -0.31       5.49
  data required time                                                 5.49
  --------------------------------------------------------------------------
  data required time                                                 5.49
  data arrival time                                                 -4.58
  --------------------------------------------------------------------------
  slack (MET)                                                        0.91


  Startpoint: u_mul/a_reg_reg[1]
              (rising edge-triggered flip-flop clocked by MASTER_CLK)
  Endpoint: u_mul/level3_pipe_reg[7]
            (rising edge-triggered flip-flop clocked by MASTER_CLK)
  Path Group: MASTER_CLK
  Path Type: max

  Des/Clust/Port     Wire Load Model       Library
  ------------------------------------------------
  alu8_top           tsmc13_wl30           scmetro_tsmc_cl013g_rvt_ss_1p08v_125c

  Point                                                   Incr       Path
  --------------------------------------------------------------------------
  clock MASTER_CLK (rise edge)                            0.00       0.00
  clock network delay (ideal)                             0.00       0.00
  u_mul/a_reg_reg[1]/CK (DFFRX4M)                         0.00       0.00 r
  u_mul/a_reg_reg[1]/Q (DFFRX4M)                          0.73       0.73 f
  u_mul/U107/Y (INVX14M)                                  0.29       1.02 r
  u_mul/U97/Y (NAND2BX8M)                                 0.20       1.22 r
  u_mul/U54/Y (INVX6M)                                    0.12       1.34 f
  u_mul/U102/Y (AND2X12M)                                 0.17       1.51 f
  u_mul/U44/CO (ADDFHX4M)                                 0.29       1.80 f
  u_mul/U86/CO (ADDFHX4M)                                 0.31       2.11 f
  u_mul/U8/CO (ADDFHX4M)                                  0.33       2.44 f
  u_mul/U87/CO (ADDFHX8M)                                 0.28       2.72 f
  u_mul/U113/CO (ADDFHX4M)                                0.31       3.03 f
  u_mul/U50/S (ADDFHX4M)                                  0.54       3.57 r
  u_mul/add_0_root_add_0_root_add_119/A[7] (mult_unit_DW01_add_4)
                                                          0.00       3.57 r
  u_mul/add_0_root_add_0_root_add_119/U18/Y (XOR2X2M)     0.43       4.00 r
  u_mul/add_0_root_add_0_root_add_119/U15/Y (XOR2X1M)     0.64       4.65 r
  u_mul/add_0_root_add_0_root_add_119/SUM[7] (mult_unit_DW01_add_4)
                                                          0.00       4.65 r
  u_mul/level3_pipe_reg[7]/D (DFFRHQX8M)                  0.00       4.65 r
  data arrival time                                                  4.65

  clock MASTER_CLK (rise edge)                            6.00       6.00
  clock network delay (ideal)                             0.00       6.00
  clock uncertainty                                      -0.20       5.80
  u_mul/level3_pipe_reg[7]/CK (DFFRHQX8M)                 0.00       5.80 r
  library setup time                                     -0.23       5.57
  data required time                                                 5.57
  --------------------------------------------------------------------------
  data required time                                                 5.57
  data arrival time                                                 -4.65
  --------------------------------------------------------------------------
  slack (MET)                                                        0.92


  Startpoint: u_mul/level3_pipe_reg[7]
              (rising edge-triggered flip-flop clocked by MASTER_CLK)
  Endpoint: u_mul/product_reg[11]
            (rising edge-triggered flip-flop clocked by MASTER_CLK)
  Path Group: MASTER_CLK
  Path Type: max

  Des/Clust/Port     Wire Load Model       Library
  ------------------------------------------------
  alu8_top           tsmc13_wl30           scmetro_tsmc_cl013g_rvt_ss_1p08v_125c

  Point                                                   Incr       Path
  --------------------------------------------------------------------------
  clock MASTER_CLK (rise edge)                            0.00       0.00
  clock network delay (ideal)                             0.00       0.00
  u_mul/level3_pipe_reg[7]/CK (DFFRHQX8M)                 0.00       0.00 r
  u_mul/level3_pipe_reg[7]/Q (DFFRHQX8M)                  0.56       0.56 r
  u_mul/U73/Y (NAND2X2M)                                  0.36       0.92 f
  u_mul/U72/Y (NAND3X12M)                                 0.18       1.10 r
  u_mul/U83/S (ADDFHX8M)                                  0.39       1.49 f
  u_mul/U99/CO (ADDFHX8M)                                 0.45       1.94 f
  u_mul/U98/Y (CLKXOR2X16M)                               0.25       2.20 r
  u_mul/U61/Y (CLKXOR2X8M)                                0.42       2.61 f
  u_mul/add_0_root_add_0_root_add_158/B[9] (mult_unit_DW01_add_0)
                                                          0.00       2.61 f
  u_mul/add_0_root_add_0_root_add_158/U34/Y (NAND2X4M)
                                                          0.25       2.86 r
  u_mul/add_0_root_add_0_root_add_158/U24/Y (NAND2X12M)
                                                          0.11       2.97 f
  u_mul/add_0_root_add_0_root_add_158/U17/Y (OR2X12M)     0.23       3.20 f
  u_mul/add_0_root_add_0_root_add_158/U8/Y (NAND2X6M)     0.13       3.33 r
  u_mul/add_0_root_add_0_root_add_158/U23/Y (AND2X12M)
                                                          0.18       3.51 r
  u_mul/add_0_root_add_0_root_add_158/U7/Y (CLKNAND2X12M)
                                                          0.13       3.64 f
  u_mul/add_0_root_add_0_root_add_158/U1_11/S (ADDFHX4M)
                                                          0.34       3.98 r
  u_mul/add_0_root_add_0_root_add_158/SUM[11] (mult_unit_DW01_add_0)
                                                          0.00       3.98 r
  u_mul/U171/Y (AO22X1M)                                  0.41       4.39 r
  u_mul/product_reg[11]/D (DFFRQX2M)                      0.00       4.39 r
  data arrival time                                                  4.39

  clock MASTER_CLK (rise edge)                            6.00       6.00
  clock network delay (ideal)                             0.00       6.00
  clock uncertainty                                      -0.20       5.80
  u_mul/product_reg[11]/CK (DFFRQX2M)                     0.00       5.80 r
  library setup time                                     -0.35       5.45
  data required time                                                 5.45
  --------------------------------------------------------------------------
  data required time                                                 5.45
  data arrival time                                                 -4.39
  --------------------------------------------------------------------------
  slack (MET)                                                        1.06


  Startpoint: u_mul/a_reg_reg[1]
              (rising edge-triggered flip-flop clocked by MASTER_CLK)
  Endpoint: u_mul/level3_pipe_reg[5]
            (rising edge-triggered flip-flop clocked by MASTER_CLK)
  Path Group: MASTER_CLK
  Path Type: max

  Des/Clust/Port     Wire Load Model       Library
  ------------------------------------------------
  alu8_top           tsmc13_wl30           scmetro_tsmc_cl013g_rvt_ss_1p08v_125c

  Point                                                   Incr       Path
  --------------------------------------------------------------------------
  clock MASTER_CLK (rise edge)                            0.00       0.00
  clock network delay (ideal)                             0.00       0.00
  u_mul/a_reg_reg[1]/CK (DFFRX4M)                         0.00       0.00 r
  u_mul/a_reg_reg[1]/Q (DFFRX4M)                          0.73       0.73 f
  u_mul/U107/Y (INVX14M)                                  0.29       1.02 r
  u_mul/U97/Y (NAND2BX8M)                                 0.20       1.22 r
  u_mul/U54/Y (INVX6M)                                    0.12       1.34 f
  u_mul/U102/Y (AND2X12M)                                 0.17       1.51 f
  u_mul/U44/CO (ADDFHX4M)                                 0.29       1.80 f
  u_mul/U86/CO (ADDFHX4M)                                 0.31       2.11 f
  u_mul/U8/CO (ADDFHX4M)                                  0.33       2.44 f
  u_mul/U87/S (ADDFHX8M)                                  0.49       2.93 r
  u_mul/add_0_root_add_0_root_add_119/A[5] (mult_unit_DW01_add_4)
                                                          0.00       2.93 r
  u_mul/add_0_root_add_0_root_add_119/U5/Y (XOR2X1M)      0.51       3.45 r
  u_mul/add_0_root_add_0_root_add_119/U6/Y (XOR2X1M)      0.64       4.09 r
  u_mul/add_0_root_add_0_root_add_119/SUM[5] (mult_unit_DW01_add_4)
                                                          0.00       4.09 r
  u_mul/level3_pipe_reg[5]/D (DFFRQX2M)                   0.00       4.09 r
  data arrival time                                                  4.09

  clock MASTER_CLK (rise edge)                            6.00       6.00
  clock network delay (ideal)                             0.00       6.00
  clock uncertainty                                      -0.20       5.80
  u_mul/level3_pipe_reg[5]/CK (DFFRQX2M)                  0.00       5.80 r
  library setup time                                     -0.42       5.38
  data required time                                                 5.38
  --------------------------------------------------------------------------
  data required time                                                 5.38
  data arrival time                                                 -4.09
  --------------------------------------------------------------------------
  slack (MET)                                                        1.29


  Startpoint: u_mul/pp4_pipe_reg[2]
              (rising edge-triggered flip-flop clocked by MASTER_CLK)
  Endpoint: u_mul/product_reg[9]
            (rising edge-triggered flip-flop clocked by MASTER_CLK)
  Path Group: MASTER_CLK
  Path Type: max

  Des/Clust/Port     Wire Load Model       Library
  ------------------------------------------------
  alu8_top           tsmc13_wl30           scmetro_tsmc_cl013g_rvt_ss_1p08v_125c

  Point                                                   Incr       Path
  --------------------------------------------------------------------------
  clock MASTER_CLK (rise edge)                            0.00       0.00
  clock network delay (ideal)                             0.00       0.00
  u_mul/pp4_pipe_reg[2]/CK (DFFRQX4M)                     0.00       0.00 r
  u_mul/pp4_pipe_reg[2]/Q (DFFRQX4M)                      0.69       0.69 f
  u_mul/U36/Y (XOR2X4M)                                   0.36       1.05 r
  u_mul/U39/Y (XOR2X8M)                                   0.29       1.34 r
  u_mul/add_0_root_add_0_root_add_158/A[6] (mult_unit_DW01_add_0)
                                                          0.00       1.34 r
  u_mul/add_0_root_add_0_root_add_158/U1_6/CO (ADDFHX8M)
                                                          0.52       1.85 r
  u_mul/add_0_root_add_0_root_add_158/U13/Y (NAND2X4M)
                                                          0.20       2.05 f
  u_mul/add_0_root_add_0_root_add_158/U4/Y (NAND3X12M)
                                                          0.24       2.29 r
  u_mul/add_0_root_add_0_root_add_158/U3/Y (CLKNAND2X8M)
                                                          0.21       2.51 f
  u_mul/add_0_root_add_0_root_add_158/U21/Y (NAND3X12M)
                                                          0.21       2.72 r
  u_mul/add_0_root_add_0_root_add_158/U37/Y (XOR3XLM)     0.80       3.52 r
  u_mul/add_0_root_add_0_root_add_158/SUM[9] (mult_unit_DW01_add_0)
                                                          0.00       3.52 r
  u_mul/U172/Y (AO22X1M)                                  0.48       4.00 r
  u_mul/product_reg[9]/D (DFFRQX2M)                       0.00       4.00 r
  data arrival time                                                  4.00

  clock MASTER_CLK (rise edge)                            6.00       6.00
  clock network delay (ideal)                             0.00       6.00
  clock uncertainty                                      -0.20       5.80
  u_mul/product_reg[9]/CK (DFFRQX2M)                      0.00       5.80 r
  library setup time                                     -0.35       5.45
  data required time                                                 5.45
  --------------------------------------------------------------------------
  data required time                                                 5.45
  data arrival time                                                 -4.00
  --------------------------------------------------------------------------
  slack (MET)                                                        1.45


  Startpoint: u_mul/pp4_pipe_reg[2]
              (rising edge-triggered flip-flop clocked by MASTER_CLK)
  Endpoint: u_mul/product_reg[8]
            (rising edge-triggered flip-flop clocked by MASTER_CLK)
  Path Group: MASTER_CLK
  Path Type: max

  Des/Clust/Port     Wire Load Model       Library
  ------------------------------------------------
  alu8_top           tsmc13_wl30           scmetro_tsmc_cl013g_rvt_ss_1p08v_125c

  Point                                                   Incr       Path
  --------------------------------------------------------------------------
  clock MASTER_CLK (rise edge)                            0.00       0.00
  clock network delay (ideal)                             0.00       0.00
  u_mul/pp4_pipe_reg[2]/CK (DFFRQX4M)                     0.00       0.00 r
  u_mul/pp4_pipe_reg[2]/Q (DFFRQX4M)                      0.69       0.69 f
  u_mul/U36/Y (XOR2X4M)                                   0.36       1.05 r
  u_mul/U39/Y (XOR2X8M)                                   0.23       1.29 f
  u_mul/add_0_root_add_0_root_add_158/A[6] (mult_unit_DW01_add_0)
                                                          0.00       1.29 f
  u_mul/add_0_root_add_0_root_add_158/U1_6/CO (ADDFHX8M)
                                                          0.49       1.77 f
  u_mul/add_0_root_add_0_root_add_158/U13/Y (NAND2X4M)
                                                          0.22       1.99 r
  u_mul/add_0_root_add_0_root_add_158/U4/Y (NAND3X12M)
                                                          0.24       2.24 f
  u_mul/add_0_root_add_0_root_add_158/U36/Y (XOR3XLM)     0.85       3.09 f
  u_mul/add_0_root_add_0_root_add_158/SUM[8] (mult_unit_DW01_add_0)
                                                          0.00       3.09 f
  u_mul/U174/Y (AO22X1M)                                  0.66       3.75 f
  u_mul/product_reg[8]/D (DFFRQX2M)                       0.00       3.75 f
  data arrival time                                                  3.75

  clock MASTER_CLK (rise edge)                            6.00       6.00
  clock network delay (ideal)                             0.00       6.00
  clock uncertainty                                      -0.20       5.80
  u_mul/product_reg[8]/CK (DFFRQX2M)                      0.00       5.80 r
  library setup time                                     -0.20       5.60
  data required time                                                 5.60
  --------------------------------------------------------------------------
  data required time                                                 5.60
  data arrival time                                                 -3.75
  --------------------------------------------------------------------------
  slack (MET)                                                        1.85


  Startpoint: u_mul/a_reg_reg[1]
              (rising edge-triggered flip-flop clocked by MASTER_CLK)
  Endpoint: u_mul/level3_pipe_reg[6]
            (rising edge-triggered flip-flop clocked by MASTER_CLK)
  Path Group: MASTER_CLK
  Path Type: max

  Des/Clust/Port     Wire Load Model       Library
  ------------------------------------------------
  alu8_top           tsmc13_wl30           scmetro_tsmc_cl013g_rvt_ss_1p08v_125c

  Point                                                   Incr       Path
  --------------------------------------------------------------------------
  clock MASTER_CLK (rise edge)                            0.00       0.00
  clock network delay (ideal)                             0.00       0.00
  u_mul/a_reg_reg[1]/CK (DFFRX4M)                         0.00       0.00 r
  u_mul/a_reg_reg[1]/Q (DFFRX4M)                          0.73       0.73 f
  u_mul/U107/Y (INVX14M)                                  0.29       1.02 r
  u_mul/U97/Y (NAND2BX8M)                                 0.20       1.22 r
  u_mul/U54/Y (INVX6M)                                    0.12       1.34 f
  u_mul/U102/Y (AND2X12M)                                 0.17       1.51 f
  u_mul/U44/CO (ADDFHX4M)                                 0.29       1.80 f
  u_mul/U86/CO (ADDFHX4M)                                 0.31       2.11 f
  u_mul/U8/S (ADDFHX4M)                                   0.40       2.52 r
  u_mul/add_0_root_add_0_root_add_119/A[4] (mult_unit_DW01_add_4)
                                                          0.00       2.52 r
  u_mul/add_0_root_add_0_root_add_119/U1_4/CO (ADDFHX8M)
                                                          0.51       3.03 r
  u_mul/add_0_root_add_0_root_add_119/U3/Y (NAND2X6M)     0.17       3.20 f
  u_mul/add_0_root_add_0_root_add_119/U9/Y (NAND3X12M)
                                                          0.15       3.35 r
  u_mul/add_0_root_add_0_root_add_119/U1_6/S (ADDFHX8M)
                                                          0.37       3.72 f
  u_mul/add_0_root_add_0_root_add_119/SUM[6] (mult_unit_DW01_add_4)
                                                          0.00       3.72 f
  u_mul/level3_pipe_reg[6]/D (DFFRHQX8M)                  0.00       3.72 f
  data arrival time                                                  3.72

  clock MASTER_CLK (rise edge)                            6.00       6.00
  clock network delay (ideal)                             0.00       6.00
  clock uncertainty                                      -0.20       5.80
  u_mul/level3_pipe_reg[6]/CK (DFFRHQX8M)                 0.00       5.80 r
  library setup time                                     -0.18       5.62
  data required time                                                 5.62
  --------------------------------------------------------------------------
  data required time                                                 5.62
  data arrival time                                                 -3.72
  --------------------------------------------------------------------------
  slack (MET)                                                        1.90


  Startpoint: u_add/en_reg_reg
              (rising edge-triggered flip-flop clocked by MASTER_CLK)
  Endpoint: u_add/sum_reg[7]
            (rising edge-triggered flip-flop clocked by MASTER_CLK)
  Path Group: MASTER_CLK
  Path Type: max

  Des/Clust/Port     Wire Load Model       Library
  ------------------------------------------------
  alu8_top           tsmc13_wl30           scmetro_tsmc_cl013g_rvt_ss_1p08v_125c

  Point                                    Incr       Path
  -----------------------------------------------------------
  clock MASTER_CLK (rise edge)             0.00       0.00
  clock network delay (ideal)              0.00       0.00
  u_add/en_reg_reg/CK (DFFRQX2M)           0.00       0.00 r
  u_add/en_reg_reg/Q (DFFRQX2M)            0.58       0.58 f
  u_add/U7/Y (CLKBUFX6M)                   0.83       1.41 f
  u_add/U6/Y (INVX4M)                      1.12       2.52 r
  u_add/U8/Y (NAND2X2M)                    0.41       2.93 f
  u_add/U10/Y (NAND2X2M)                   0.32       3.25 r
  u_add/sum_reg[7]/D (DFFRQX2M)            0.00       3.25 r
  data arrival time                                   3.25

  clock MASTER_CLK (rise edge)             6.00       6.00
  clock network delay (ideal)              0.00       6.00
  clock uncertainty                       -0.20       5.80
  u_add/sum_reg[7]/CK (DFFRQX2M)           0.00       5.80 r
  library setup time                      -0.33       5.47
  data required time                                  5.47
  -----------------------------------------------------------
  data required time                                  5.47
  data arrival time                                  -3.25
  -----------------------------------------------------------
  slack (MET)                                         2.21


  Startpoint: u_add/en_reg_reg
              (rising edge-triggered flip-flop clocked by MASTER_CLK)
  Endpoint: u_add/cout_reg
            (rising edge-triggered flip-flop clocked by MASTER_CLK)
  Path Group: MASTER_CLK
  Path Type: max

  Des/Clust/Port     Wire Load Model       Library
  ------------------------------------------------
  alu8_top           tsmc13_wl30           scmetro_tsmc_cl013g_rvt_ss_1p08v_125c

  Point                                    Incr       Path
  -----------------------------------------------------------
  clock MASTER_CLK (rise edge)             0.00       0.00
  clock network delay (ideal)              0.00       0.00
  u_add/en_reg_reg/CK (DFFRQX2M)           0.00       0.00 r
  u_add/en_reg_reg/Q (DFFRQX2M)            0.58       0.58 f
  u_add/U7/Y (CLKBUFX6M)                   0.83       1.41 f
  u_add/U6/Y (INVX4M)                      1.12       2.52 r
  u_add/U4/Y (NAND2X2M)                    0.41       2.93 f
  u_add/U5/Y (NAND2X2M)                    0.32       3.25 r
  u_add/cout_reg/D (DFFRQX2M)              0.00       3.25 r
  data arrival time                                   3.25

  clock MASTER_CLK (rise edge)             6.00       6.00
  clock network delay (ideal)              0.00       6.00
  clock uncertainty                       -0.20       5.80
  u_add/cout_reg/CK (DFFRQX2M)             0.00       5.80 r
  library setup time                      -0.33       5.47
  data required time                                  5.47
  -----------------------------------------------------------
  data required time                                  5.47
  data arrival time                                  -3.25
  -----------------------------------------------------------
  slack (MET)                                         2.21


  Startpoint: u_mul/pp4_pipe_reg[2]
              (rising edge-triggered flip-flop clocked by MASTER_CLK)
  Endpoint: u_mul/product_reg[7]
            (rising edge-triggered flip-flop clocked by MASTER_CLK)
  Path Group: MASTER_CLK
  Path Type: max

  Des/Clust/Port     Wire Load Model       Library
  ------------------------------------------------
  alu8_top           tsmc13_wl30           scmetro_tsmc_cl013g_rvt_ss_1p08v_125c

  Point                                                   Incr       Path
  --------------------------------------------------------------------------
  clock MASTER_CLK (rise edge)                            0.00       0.00
  clock network delay (ideal)                             0.00       0.00
  u_mul/pp4_pipe_reg[2]/CK (DFFRQX4M)                     0.00       0.00 r
  u_mul/pp4_pipe_reg[2]/Q (DFFRQX4M)                      0.69       0.69 f
  u_mul/U36/Y (XOR2X4M)                                   0.36       1.05 r
  u_mul/U39/Y (XOR2X8M)                                   0.29       1.34 r
  u_mul/add_0_root_add_0_root_add_158/A[6] (mult_unit_DW01_add_0)
                                                          0.00       1.34 r
  u_mul/add_0_root_add_0_root_add_158/U1_6/CO (ADDFHX8M)
                                                          0.52       1.85 r
  u_mul/add_0_root_add_0_root_add_158/U32/Y (XOR3XLM)     0.81       2.66 r
  u_mul/add_0_root_add_0_root_add_158/SUM[7] (mult_unit_DW01_add_0)
                                                          0.00       2.66 r
  u_mul/U177/Y (AO22X1M)                                  0.48       3.14 r
  u_mul/product_reg[7]/D (DFFRQX2M)                       0.00       3.14 r
  data arrival time                                                  3.14

  clock MASTER_CLK (rise edge)                            6.00       6.00
  clock network delay (ideal)                             0.00       6.00
  clock uncertainty                                      -0.20       5.80
  u_mul/product_reg[7]/CK (DFFRQX2M)                      0.00       5.80 r
  library setup time                                     -0.35       5.45
  data required time                                                 5.45
  --------------------------------------------------------------------------
  data required time                                                 5.45
  data arrival time                                                 -3.14
  --------------------------------------------------------------------------
  slack (MET)                                                        2.31


  Startpoint: u_add/en_reg_reg
              (rising edge-triggered flip-flop clocked by MASTER_CLK)
  Endpoint: u_add/sum_reg[6]
            (rising edge-triggered flip-flop clocked by MASTER_CLK)
  Path Group: MASTER_CLK
  Path Type: max

  Des/Clust/Port     Wire Load Model       Library
  ------------------------------------------------
  alu8_top           tsmc13_wl30           scmetro_tsmc_cl013g_rvt_ss_1p08v_125c

  Point                                    Incr       Path
  -----------------------------------------------------------
  clock MASTER_CLK (rise edge)             0.00       0.00
  clock network delay (ideal)              0.00       0.00
  u_add/en_reg_reg/CK (DFFRQX2M)           0.00       0.00 r
  u_add/en_reg_reg/Q (DFFRQX2M)            0.58       0.58 f
  u_add/U7/Y (CLKBUFX6M)                   0.83       1.41 f
  u_add/U6/Y (INVX4M)                      1.12       2.52 r
  u_add/U12/Y (AO22X1M)                    0.48       3.00 r
  u_add/sum_reg[6]/D (DFFRQX2M)            0.00       3.00 r
  data arrival time                                   3.00

  clock MASTER_CLK (rise edge)             6.00       6.00
  clock network delay (ideal)              0.00       6.00
  clock uncertainty                       -0.20       5.80
  u_add/sum_reg[6]/CK (DFFRQX2M)           0.00       5.80 r
  library setup time                      -0.35       5.45
  data required time                                  5.45
  -----------------------------------------------------------
  data required time                                  5.45
  data arrival time                                  -3.00
  -----------------------------------------------------------
  slack (MET)                                         2.45


  Startpoint: u_add/en_reg_reg
              (rising edge-triggered flip-flop clocked by MASTER_CLK)
  Endpoint: u_add/sum_reg[5]
            (rising edge-triggered flip-flop clocked by MASTER_CLK)
  Path Group: MASTER_CLK
  Path Type: max

  Des/Clust/Port     Wire Load Model       Library
  ------------------------------------------------
  alu8_top           tsmc13_wl30           scmetro_tsmc_cl013g_rvt_ss_1p08v_125c

  Point                                    Incr       Path
  -----------------------------------------------------------
  clock MASTER_CLK (rise edge)             0.00       0.00
  clock network delay (ideal)              0.00       0.00
  u_add/en_reg_reg/CK (DFFRQX2M)           0.00       0.00 r
  u_add/en_reg_reg/Q (DFFRQX2M)            0.58       0.58 f
  u_add/U7/Y (CLKBUFX6M)                   0.83       1.41 f
  u_add/U6/Y (INVX4M)                      1.12       2.52 r
  u_add/U11/Y (AO22X1M)                    0.48       3.00 r
  u_add/sum_reg[5]/D (DFFRQX2M)            0.00       3.00 r
  data arrival time                                   3.00

  clock MASTER_CLK (rise edge)             6.00       6.00
  clock network delay (ideal)              0.00       6.00
  clock uncertainty                       -0.20       5.80
  u_add/sum_reg[5]/CK (DFFRQX2M)           0.00       5.80 r
  library setup time                      -0.35       5.45
  data required time                                  5.45
  -----------------------------------------------------------
  data required time                                  5.45
  data arrival time                                  -3.00
  -----------------------------------------------------------
  slack (MET)                                         2.45


  Startpoint: u_add/en_reg_reg
              (rising edge-triggered flip-flop clocked by MASTER_CLK)
  Endpoint: u_add/sum_reg[4]
            (rising edge-triggered flip-flop clocked by MASTER_CLK)
  Path Group: MASTER_CLK
  Path Type: max

  Des/Clust/Port     Wire Load Model       Library
  ------------------------------------------------
  alu8_top           tsmc13_wl30           scmetro_tsmc_cl013g_rvt_ss_1p08v_125c

  Point                                    Incr       Path
  -----------------------------------------------------------
  clock MASTER_CLK (rise edge)             0.00       0.00
  clock network delay (ideal)              0.00       0.00
  u_add/en_reg_reg/CK (DFFRQX2M)           0.00       0.00 r
  u_add/en_reg_reg/Q (DFFRQX2M)            0.58       0.58 f
  u_add/U7/Y (CLKBUFX6M)                   0.83       1.41 f
  u_add/U6/Y (INVX4M)                      1.12       2.52 r
  u_add/U17/Y (AO22X1M)                    0.48       3.00 r
  u_add/sum_reg[4]/D (DFFRQX2M)            0.00       3.00 r
  data arrival time                                   3.00

  clock MASTER_CLK (rise edge)             6.00       6.00
  clock network delay (ideal)              0.00       6.00
  clock uncertainty                       -0.20       5.80
  u_add/sum_reg[4]/CK (DFFRQX2M)           0.00       5.80 r
  library setup time                      -0.35       5.45
  data required time                                  5.45
  -----------------------------------------------------------
  data required time                                  5.45
  data arrival time                                  -3.00
  -----------------------------------------------------------
  slack (MET)                                         2.45


  Startpoint: u_add/en_reg_reg
              (rising edge-triggered flip-flop clocked by MASTER_CLK)
  Endpoint: u_add/sum_reg[3]
            (rising edge-triggered flip-flop clocked by MASTER_CLK)
  Path Group: MASTER_CLK
  Path Type: max

  Des/Clust/Port     Wire Load Model       Library
  ------------------------------------------------
  alu8_top           tsmc13_wl30           scmetro_tsmc_cl013g_rvt_ss_1p08v_125c

  Point                                    Incr       Path
  -----------------------------------------------------------
  clock MASTER_CLK (rise edge)             0.00       0.00
  clock network delay (ideal)              0.00       0.00
  u_add/en_reg_reg/CK (DFFRQX2M)           0.00       0.00 r
  u_add/en_reg_reg/Q (DFFRQX2M)            0.58       0.58 f
  u_add/U7/Y (CLKBUFX6M)                   0.83       1.41 f
  u_add/U6/Y (INVX4M)                      1.12       2.52 r
  u_add/U16/Y (AO22X1M)                    0.48       3.00 r
  u_add/sum_reg[3]/D (DFFRQX2M)            0.00       3.00 r
  data arrival time                                   3.00

  clock MASTER_CLK (rise edge)             6.00       6.00
  clock network delay (ideal)              0.00       6.00
  clock uncertainty                       -0.20       5.80
  u_add/sum_reg[3]/CK (DFFRQX2M)           0.00       5.80 r
  library setup time                      -0.35       5.45
  data required time                                  5.45
  -----------------------------------------------------------
  data required time                                  5.45
  data arrival time                                  -3.00
  -----------------------------------------------------------
  slack (MET)                                         2.45


  Startpoint: u_add/en_reg_reg
              (rising edge-triggered flip-flop clocked by MASTER_CLK)
  Endpoint: u_add/sum_reg[2]
            (rising edge-triggered flip-flop clocked by MASTER_CLK)
  Path Group: MASTER_CLK
  Path Type: max

  Des/Clust/Port     Wire Load Model       Library
  ------------------------------------------------
  alu8_top           tsmc13_wl30           scmetro_tsmc_cl013g_rvt_ss_1p08v_125c

  Point                                    Incr       Path
  -----------------------------------------------------------
  clock MASTER_CLK (rise edge)             0.00       0.00
  clock network delay (ideal)              0.00       0.00
  u_add/en_reg_reg/CK (DFFRQX2M)           0.00       0.00 r
  u_add/en_reg_reg/Q (DFFRQX2M)            0.58       0.58 f
  u_add/U7/Y (CLKBUFX6M)                   0.83       1.41 f
  u_add/U6/Y (INVX4M)                      1.12       2.52 r
  u_add/U15/Y (AO22X1M)                    0.48       3.00 r
  u_add/sum_reg[2]/D (DFFRQX2M)            0.00       3.00 r
  data arrival time                                   3.00

  clock MASTER_CLK (rise edge)             6.00       6.00
  clock network delay (ideal)              0.00       6.00
  clock uncertainty                       -0.20       5.80
  u_add/sum_reg[2]/CK (DFFRQX2M)           0.00       5.80 r
  library setup time                      -0.35       5.45
  data required time                                  5.45
  -----------------------------------------------------------
  data required time                                  5.45
  data arrival time                                  -3.00
  -----------------------------------------------------------
  slack (MET)                                         2.45


  Startpoint: u_add/en_reg_reg
              (rising edge-triggered flip-flop clocked by MASTER_CLK)
  Endpoint: u_add/sum_reg[1]
            (rising edge-triggered flip-flop clocked by MASTER_CLK)
  Path Group: MASTER_CLK
  Path Type: max

  Des/Clust/Port     Wire Load Model       Library
  ------------------------------------------------
  alu8_top           tsmc13_wl30           scmetro_tsmc_cl013g_rvt_ss_1p08v_125c

  Point                                    Incr       Path
  -----------------------------------------------------------
  clock MASTER_CLK (rise edge)             0.00       0.00
  clock network delay (ideal)              0.00       0.00
  u_add/en_reg_reg/CK (DFFRQX2M)           0.00       0.00 r
  u_add/en_reg_reg/Q (DFFRQX2M)            0.58       0.58 f
  u_add/U7/Y (CLKBUFX6M)                   0.83       1.41 f
  u_add/U6/Y (INVX4M)                      1.12       2.52 r
  u_add/U14/Y (AO22X1M)                    0.48       3.00 r
  u_add/sum_reg[1]/D (DFFRQX2M)            0.00       3.00 r
  data arrival time                                   3.00

  clock MASTER_CLK (rise edge)             6.00       6.00
  clock network delay (ideal)              0.00       6.00
  clock uncertainty                       -0.20       5.80
  u_add/sum_reg[1]/CK (DFFRQX2M)           0.00       5.80 r
  library setup time                      -0.35       5.45
  data required time                                  5.45
  -----------------------------------------------------------
  data required time                                  5.45
  data arrival time                                  -3.00
  -----------------------------------------------------------
  slack (MET)                                         2.45


  Startpoint: u_add/en_reg_reg
              (rising edge-triggered flip-flop clocked by MASTER_CLK)
  Endpoint: u_add/sum_reg[0]
            (rising edge-triggered flip-flop clocked by MASTER_CLK)
  Path Group: MASTER_CLK
  Path Type: max

  Des/Clust/Port     Wire Load Model       Library
  ------------------------------------------------
  alu8_top           tsmc13_wl30           scmetro_tsmc_cl013g_rvt_ss_1p08v_125c

  Point                                    Incr       Path
  -----------------------------------------------------------
  clock MASTER_CLK (rise edge)             0.00       0.00
  clock network delay (ideal)              0.00       0.00
  u_add/en_reg_reg/CK (DFFRQX2M)           0.00       0.00 r
  u_add/en_reg_reg/Q (DFFRQX2M)            0.58       0.58 f
  u_add/U7/Y (CLKBUFX6M)                   0.83       1.41 f
  u_add/U6/Y (INVX4M)                      1.12       2.52 r
  u_add/U18/Y (AO22X1M)                    0.48       3.00 r
  u_add/sum_reg[0]/D (DFFRQX2M)            0.00       3.00 r
  data arrival time                                   3.00

  clock MASTER_CLK (rise edge)             6.00       6.00
  clock network delay (ideal)              0.00       6.00
  clock uncertainty                       -0.20       5.80
  u_add/sum_reg[0]/CK (DFFRQX2M)           0.00       5.80 r
  library setup time                      -0.35       5.45
  data required time                                  5.45
  -----------------------------------------------------------
  data required time                                  5.45
  data arrival time                                  -3.00
  -----------------------------------------------------------
  slack (MET)                                         2.45


  Startpoint: u_mul/a_reg_reg[1]
              (rising edge-triggered flip-flop clocked by MASTER_CLK)
  Endpoint: u_mul/level3_pipe_reg[4]
            (rising edge-triggered flip-flop clocked by MASTER_CLK)
  Path Group: MASTER_CLK
  Path Type: max

  Des/Clust/Port     Wire Load Model       Library
  ------------------------------------------------
  alu8_top           tsmc13_wl30           scmetro_tsmc_cl013g_rvt_ss_1p08v_125c

  Point                                                   Incr       Path
  --------------------------------------------------------------------------
  clock MASTER_CLK (rise edge)                            0.00       0.00
  clock network delay (ideal)                             0.00       0.00
  u_mul/a_reg_reg[1]/CK (DFFRX4M)                         0.00       0.00 r
  u_mul/a_reg_reg[1]/Q (DFFRX4M)                          0.73       0.73 f
  u_mul/U107/Y (INVX14M)                                  0.29       1.02 r
  u_mul/U97/Y (NAND2BX8M)                                 0.20       1.22 r
  u_mul/U54/Y (INVX6M)                                    0.12       1.34 f
  u_mul/U102/Y (AND2X12M)                                 0.17       1.51 f
  u_mul/U44/CO (ADDFHX4M)                                 0.29       1.80 f
  u_mul/U86/CO (ADDFHX4M)                                 0.31       2.11 f
  u_mul/U8/S (ADDFHX4M)                                   0.40       2.52 r
  u_mul/add_0_root_add_0_root_add_119/A[4] (mult_unit_DW01_add_4)
                                                          0.00       2.52 r
  u_mul/add_0_root_add_0_root_add_119/U1_4/S (ADDFHX8M)
                                                          0.42       2.94 r
  u_mul/add_0_root_add_0_root_add_119/SUM[4] (mult_unit_DW01_add_4)
                                                          0.00       2.94 r
  u_mul/level3_pipe_reg[4]/D (DFFRQX2M)                   0.00       2.94 r
  data arrival time                                                  2.94

  clock MASTER_CLK (rise edge)                            6.00       6.00
  clock network delay (ideal)                             0.00       6.00
  clock uncertainty                                      -0.20       5.80
  u_mul/level3_pipe_reg[4]/CK (DFFRQX2M)                  0.00       5.80 r
  library setup time                                     -0.30       5.50
  data required time                                                 5.50
  --------------------------------------------------------------------------
  data required time                                                 5.50
  data arrival time                                                 -2.94
  --------------------------------------------------------------------------
  slack (MET)                                                        2.56


  Startpoint: u_mul/en_pipe_reg
              (rising edge-triggered flip-flop clocked by MASTER_CLK)
  Endpoint: u_mul/product_reg[6]
            (rising edge-triggered flip-flop clocked by MASTER_CLK)
  Path Group: MASTER_CLK
  Path Type: max

  Des/Clust/Port     Wire Load Model       Library
  ------------------------------------------------
  alu8_top           tsmc13_wl30           scmetro_tsmc_cl013g_rvt_ss_1p08v_125c

  Point                                    Incr       Path
  -----------------------------------------------------------
  clock MASTER_CLK (rise edge)             0.00       0.00
  clock network delay (ideal)              0.00       0.00
  u_mul/en_pipe_reg/CK (DFFRQX2M)          0.00       0.00 r
  u_mul/en_pipe_reg/Q (DFFRQX2M)           0.71       0.71 r
  u_mul/U131/Y (INVX2M)                    0.46       1.17 f
  u_mul/U62/Y (CLKBUFX8M)                  0.88       2.04 f
  u_mul/U176/Y (AO22X1M)                   0.86       2.90 f
  u_mul/product_reg[6]/D (DFFRQX2M)        0.00       2.90 f
  data arrival time                                   2.90

  clock MASTER_CLK (rise edge)             6.00       6.00
  clock network delay (ideal)              0.00       6.00
  clock uncertainty                       -0.20       5.80
  u_mul/product_reg[6]/CK (DFFRQX2M)       0.00       5.80 r
  library setup time                      -0.20       5.60
  data required time                                  5.60
  -----------------------------------------------------------
  data required time                                  5.60
  data arrival time                                  -2.90
  -----------------------------------------------------------
  slack (MET)                                         2.69


  Startpoint: u_mul/en_pipe_reg
              (rising edge-triggered flip-flop clocked by MASTER_CLK)
  Endpoint: u_mul/product_reg[5]
            (rising edge-triggered flip-flop clocked by MASTER_CLK)
  Path Group: MASTER_CLK
  Path Type: max

  Des/Clust/Port     Wire Load Model       Library
  ------------------------------------------------
  alu8_top           tsmc13_wl30           scmetro_tsmc_cl013g_rvt_ss_1p08v_125c

  Point                                    Incr       Path
  -----------------------------------------------------------
  clock MASTER_CLK (rise edge)             0.00       0.00
  clock network delay (ideal)              0.00       0.00
  u_mul/en_pipe_reg/CK (DFFRQX2M)          0.00       0.00 r
  u_mul/en_pipe_reg/Q (DFFRQX2M)           0.71       0.71 r
  u_mul/U131/Y (INVX2M)                    0.46       1.17 f
  u_mul/U62/Y (CLKBUFX8M)                  0.88       2.04 f
  u_mul/U175/Y (AO22X1M)                   0.86       2.90 f
  u_mul/product_reg[5]/D (DFFRQX2M)        0.00       2.90 f
  data arrival time                                   2.90

  clock MASTER_CLK (rise edge)             6.00       6.00
  clock network delay (ideal)              0.00       6.00
  clock uncertainty                       -0.20       5.80
  u_mul/product_reg[5]/CK (DFFRQX2M)       0.00       5.80 r
  library setup time                      -0.20       5.60
  data required time                                  5.60
  -----------------------------------------------------------
  data required time                                  5.60
  data arrival time                                  -2.90
  -----------------------------------------------------------
  slack (MET)                                         2.69


  Startpoint: u_mul/en_pipe_reg
              (rising edge-triggered flip-flop clocked by MASTER_CLK)
  Endpoint: u_mul/product_reg[3]
            (rising edge-triggered flip-flop clocked by MASTER_CLK)
  Path Group: MASTER_CLK
  Path Type: max

  Des/Clust/Port     Wire Load Model       Library
  ------------------------------------------------
  alu8_top           tsmc13_wl30           scmetro_tsmc_cl013g_rvt_ss_1p08v_125c

  Point                                    Incr       Path
  -----------------------------------------------------------
  clock MASTER_CLK (rise edge)             0.00       0.00
  clock network delay (ideal)              0.00       0.00
  u_mul/en_pipe_reg/CK (DFFRQX2M)          0.00       0.00 r
  u_mul/en_pipe_reg/Q (DFFRQX2M)           0.71       0.71 r
  u_mul/U131/Y (INVX2M)                    0.46       1.17 f
  u_mul/U62/Y (CLKBUFX8M)                  0.88       2.04 f
  u_mul/U181/Y (AO22X1M)                   0.86       2.90 f
  u_mul/product_reg[3]/D (DFFRQX2M)        0.00       2.90 f
  data arrival time                                   2.90

  clock MASTER_CLK (rise edge)             6.00       6.00
  clock network delay (ideal)              0.00       6.00
  clock uncertainty                       -0.20       5.80
  u_mul/product_reg[3]/CK (DFFRQX2M)       0.00       5.80 r
  library setup time                      -0.20       5.60
  data required time                                  5.60
  -----------------------------------------------------------
  data required time                                  5.60
  data arrival time                                  -2.90
  -----------------------------------------------------------
  slack (MET)                                         2.69


  Startpoint: u_mul/en_pipe_reg
              (rising edge-triggered flip-flop clocked by MASTER_CLK)
  Endpoint: u_mul/product_reg[1]
            (rising edge-triggered flip-flop clocked by MASTER_CLK)
  Path Group: MASTER_CLK
  Path Type: max

  Des/Clust/Port     Wire Load Model       Library
  ------------------------------------------------
  alu8_top           tsmc13_wl30           scmetro_tsmc_cl013g_rvt_ss_1p08v_125c

  Point                                    Incr       Path
  -----------------------------------------------------------
  clock MASTER_CLK (rise edge)             0.00       0.00
  clock network delay (ideal)              0.00       0.00
  u_mul/en_pipe_reg/CK (DFFRQX2M)          0.00       0.00 r
  u_mul/en_pipe_reg/Q (DFFRQX2M)           0.71       0.71 r
  u_mul/U131/Y (INVX2M)                    0.46       1.17 f
  u_mul/U62/Y (CLKBUFX8M)                  0.88       2.04 f
  u_mul/U179/Y (AO22X1M)                   0.86       2.90 f
  u_mul/product_reg[1]/D (DFFRQX2M)        0.00       2.90 f
  data arrival time                                   2.90

  clock MASTER_CLK (rise edge)             6.00       6.00
  clock network delay (ideal)              0.00       6.00
  clock uncertainty                       -0.20       5.80
  u_mul/product_reg[1]/CK (DFFRQX2M)       0.00       5.80 r
  library setup time                      -0.20       5.60
  data required time                                  5.60
  -----------------------------------------------------------
  data required time                                  5.60
  data arrival time                                  -2.90
  -----------------------------------------------------------
  slack (MET)                                         2.69


  Startpoint: u_mul/en_pipe_reg
              (rising edge-triggered flip-flop clocked by MASTER_CLK)
  Endpoint: u_mul/product_reg[0]
            (rising edge-triggered flip-flop clocked by MASTER_CLK)
  Path Group: MASTER_CLK
  Path Type: max

  Des/Clust/Port     Wire Load Model       Library
  ------------------------------------------------
  alu8_top           tsmc13_wl30           scmetro_tsmc_cl013g_rvt_ss_1p08v_125c

  Point                                    Incr       Path
  -----------------------------------------------------------
  clock MASTER_CLK (rise edge)             0.00       0.00
  clock network delay (ideal)              0.00       0.00
  u_mul/en_pipe_reg/CK (DFFRQX2M)          0.00       0.00 r
  u_mul/en_pipe_reg/Q (DFFRQX2M)           0.71       0.71 r
  u_mul/U131/Y (INVX2M)                    0.46       1.17 f
  u_mul/U62/Y (CLKBUFX8M)                  0.88       2.04 f
  u_mul/U178/Y (AO22X1M)                   0.86       2.90 f
  u_mul/product_reg[0]/D (DFFRQX2M)        0.00       2.90 f
  data arrival time                                   2.90

  clock MASTER_CLK (rise edge)             6.00       6.00
  clock network delay (ideal)              0.00       6.00
  clock uncertainty                       -0.20       5.80
  u_mul/product_reg[0]/CK (DFFRQX2M)       0.00       5.80 r
  library setup time                      -0.20       5.60
  data required time                                  5.60
  -----------------------------------------------------------
  data required time                                  5.60
  data arrival time                                  -2.90
  -----------------------------------------------------------
  slack (MET)                                         2.69


  Startpoint: u_mul/a_reg_reg[1]
              (rising edge-triggered flip-flop clocked by MASTER_CLK)
  Endpoint: u_mul/level3_pipe_reg[3]
            (rising edge-triggered flip-flop clocked by MASTER_CLK)
  Path Group: MASTER_CLK
  Path Type: max

  Des/Clust/Port     Wire Load Model       Library
  ------------------------------------------------
  alu8_top           tsmc13_wl30           scmetro_tsmc_cl013g_rvt_ss_1p08v_125c

  Point                                                   Incr       Path
  --------------------------------------------------------------------------
  clock MASTER_CLK (rise edge)                            0.00       0.00
  clock network delay (ideal)                             0.00       0.00
  u_mul/a_reg_reg[1]/CK (DFFRX4M)                         0.00       0.00 r
  u_mul/a_reg_reg[1]/Q (DFFRX4M)                          0.73       0.73 f
  u_mul/U107/Y (INVX14M)                                  0.29       1.02 r
  u_mul/U97/Y (NAND2BX8M)                                 0.20       1.22 r
  u_mul/U54/Y (INVX6M)                                    0.12       1.34 f
  u_mul/U102/Y (AND2X12M)                                 0.17       1.51 f
  u_mul/U44/CO (ADDFHX4M)                                 0.29       1.80 f
  u_mul/U86/S (ADDFHX4M)                                  0.40       2.20 r
  u_mul/add_0_root_add_0_root_add_119/A[3] (mult_unit_DW01_add_4)
                                                          0.00       2.20 r
  u_mul/add_0_root_add_0_root_add_119/U1_3/S (ADDFHX8M)
                                                          0.42       2.62 r
  u_mul/add_0_root_add_0_root_add_119/SUM[3] (mult_unit_DW01_add_4)
                                                          0.00       2.62 r
  u_mul/level3_pipe_reg[3]/D (DFFRQX2M)                   0.00       2.62 r
  data arrival time                                                  2.62

  clock MASTER_CLK (rise edge)                            6.00       6.00
  clock network delay (ideal)                             0.00       6.00
  clock uncertainty                                      -0.20       5.80
  u_mul/level3_pipe_reg[3]/CK (DFFRQX2M)                  0.00       5.80 r
  library setup time                                     -0.30       5.50
  data required time                                                 5.50
  --------------------------------------------------------------------------
  data required time                                                 5.50
  data arrival time                                                 -2.62
  --------------------------------------------------------------------------
  slack (MET)                                                        2.87


  Startpoint: u_mul/a_reg_reg[1]
              (rising edge-triggered flip-flop clocked by MASTER_CLK)
  Endpoint: u_mul/level3_pipe_reg[2]
            (rising edge-triggered flip-flop clocked by MASTER_CLK)
  Path Group: MASTER_CLK
  Path Type: max

  Des/Clust/Port     Wire Load Model       Library
  ------------------------------------------------
  alu8_top           tsmc13_wl30           scmetro_tsmc_cl013g_rvt_ss_1p08v_125c

  Point                                                   Incr       Path
  --------------------------------------------------------------------------
  clock MASTER_CLK (rise edge)                            0.00       0.00
  clock network delay (ideal)                             0.00       0.00
  u_mul/a_reg_reg[1]/CK (DFFRX4M)                         0.00       0.00 r
  u_mul/a_reg_reg[1]/Q (DFFRX4M)                          0.73       0.73 f
  u_mul/U107/Y (INVX14M)                                  0.29       1.02 r
  u_mul/U97/Y (NAND2BX8M)                                 0.20       1.22 r
  u_mul/U54/Y (INVX6M)                                    0.12       1.34 f
  u_mul/U102/Y (AND2X12M)                                 0.17       1.51 f
  u_mul/U44/S (ADDFHX4M)                                  0.41       1.92 r
  u_mul/add_0_root_add_0_root_add_119/A[2] (mult_unit_DW01_add_4)
                                                          0.00       1.92 r
  u_mul/add_0_root_add_0_root_add_119/U1/Y (XOR2X1M)      0.58       2.50 r
  u_mul/add_0_root_add_0_root_add_119/SUM[2] (mult_unit_DW01_add_4)
                                                          0.00       2.50 r
  u_mul/level3_pipe_reg[2]/D (DFFRQX2M)                   0.00       2.50 r
  data arrival time                                                  2.50

  clock MASTER_CLK (rise edge)                            6.00       6.00
  clock network delay (ideal)                             0.00       6.00
  clock uncertainty                                      -0.20       5.80
  u_mul/level3_pipe_reg[2]/CK (DFFRQX2M)                  0.00       5.80 r
  library setup time                                     -0.43       5.37
  data required time                                                 5.37
  --------------------------------------------------------------------------
  data required time                                                 5.37
  data arrival time                                                 -2.50
  --------------------------------------------------------------------------
  slack (MET)                                                        2.87


  Startpoint: u_mul/en_pipe_reg
              (rising edge-triggered flip-flop clocked by MASTER_CLK)
  Endpoint: u_mul/product_reg[4]
            (rising edge-triggered flip-flop clocked by MASTER_CLK)
  Path Group: MASTER_CLK
  Path Type: max

  Des/Clust/Port     Wire Load Model       Library
  ------------------------------------------------
  alu8_top           tsmc13_wl30           scmetro_tsmc_cl013g_rvt_ss_1p08v_125c

  Point                                    Incr       Path
  -----------------------------------------------------------
  clock MASTER_CLK (rise edge)             0.00       0.00
  clock network delay (ideal)              0.00       0.00
  u_mul/en_pipe_reg/CK (DFFRQX2M)          0.00       0.00 r
  u_mul/en_pipe_reg/Q (DFFRQX2M)           0.67       0.67 f
  u_mul/U183/Y (INVX2M)                    0.34       1.01 r
  u_mul/U64/Y (CLKINVX12M)                 0.67       1.68 f
  u_mul/U182/Y (AO22X1M)                   0.80       2.48 f
  u_mul/product_reg[4]/D (DFFRQX2M)        0.00       2.48 f
  data arrival time                                   2.48

  clock MASTER_CLK (rise edge)             6.00       6.00
  clock network delay (ideal)              0.00       6.00
  clock uncertainty                       -0.20       5.80
  u_mul/product_reg[4]/CK (DFFRQX2M)       0.00       5.80 r
  library setup time                      -0.20       5.60
  data required time                                  5.60
  -----------------------------------------------------------
  data required time                                  5.60
  data arrival time                                  -2.48
  -----------------------------------------------------------
  slack (MET)                                         3.12


  Startpoint: u_mul/en_pipe_reg
              (rising edge-triggered flip-flop clocked by MASTER_CLK)
  Endpoint: u_mul/product_reg[2]
            (rising edge-triggered flip-flop clocked by MASTER_CLK)
  Path Group: MASTER_CLK
  Path Type: max

  Des/Clust/Port     Wire Load Model       Library
  ------------------------------------------------
  alu8_top           tsmc13_wl30           scmetro_tsmc_cl013g_rvt_ss_1p08v_125c

  Point                                    Incr       Path
  -----------------------------------------------------------
  clock MASTER_CLK (rise edge)             0.00       0.00
  clock network delay (ideal)              0.00       0.00
  u_mul/en_pipe_reg/CK (DFFRQX2M)          0.00       0.00 r
  u_mul/en_pipe_reg/Q (DFFRQX2M)           0.67       0.67 f
  u_mul/U183/Y (INVX2M)                    0.34       1.01 r
  u_mul/U64/Y (CLKINVX12M)                 0.67       1.68 f
  u_mul/U180/Y (AO22X1M)                   0.80       2.48 f
  u_mul/product_reg[2]/D (DFFRQX2M)        0.00       2.48 f
  data arrival time                                   2.48

  clock MASTER_CLK (rise edge)             6.00       6.00
  clock network delay (ideal)              0.00       6.00
  clock uncertainty                       -0.20       5.80
  u_mul/product_reg[2]/CK (DFFRQX2M)       0.00       5.80 r
  library setup time                      -0.20       5.60
  data required time                                  5.60
  -----------------------------------------------------------
  data required time                                  5.60
  data arrival time                                  -2.48
  -----------------------------------------------------------
  slack (MET)                                         3.12


  Startpoint: u_mul/b_reg_reg[7]
              (rising edge-triggered flip-flop clocked by MASTER_CLK)
  Endpoint: u_mul/pp7_pipe_reg[6]
            (rising edge-triggered flip-flop clocked by MASTER_CLK)
  Path Group: MASTER_CLK
  Path Type: max

  Des/Clust/Port     Wire Load Model       Library
  ------------------------------------------------
  alu8_top           tsmc13_wl30           scmetro_tsmc_cl013g_rvt_ss_1p08v_125c

  Point                                    Incr       Path
  -----------------------------------------------------------
  clock MASTER_CLK (rise edge)             0.00       0.00
  clock network delay (ideal)              0.00       0.00
  u_mul/b_reg_reg[7]/CK (DFFRX1M)          0.00       0.00 r
  u_mul/b_reg_reg[7]/Q (DFFRX1M)           0.76       0.76 r
  u_mul/U125/Y (INVX4M)                    0.50       1.27 f
  u_mul/U119/Y (NOR2X1M)                   0.69       1.96 r
  u_mul/pp7_pipe_reg[6]/D (DFFRQX2M)       0.00       1.96 r
  data arrival time                                   1.96

  clock MASTER_CLK (rise edge)             6.00       6.00
  clock network delay (ideal)              0.00       6.00
  clock uncertainty                       -0.20       5.80
  u_mul/pp7_pipe_reg[6]/CK (DFFRQX2M)      0.00       5.80 r
  library setup time                      -0.40       5.40
  data required time                                  5.40
  -----------------------------------------------------------
  data required time                                  5.40
  data arrival time                                  -1.96
  -----------------------------------------------------------
  slack (MET)                                         3.44


  Startpoint: u_mul/b_reg_reg[7]
              (rising edge-triggered flip-flop clocked by MASTER_CLK)
  Endpoint: u_mul/pp7_pipe_reg[1]
            (rising edge-triggered flip-flop clocked by MASTER_CLK)
  Path Group: MASTER_CLK
  Path Type: max

  Des/Clust/Port     Wire Load Model       Library
  ------------------------------------------------
  alu8_top           tsmc13_wl30           scmetro_tsmc_cl013g_rvt_ss_1p08v_125c

  Point                                    Incr       Path
  -----------------------------------------------------------
  clock MASTER_CLK (rise edge)             0.00       0.00
  clock network delay (ideal)              0.00       0.00
  u_mul/b_reg_reg[7]/CK (DFFRX1M)          0.00       0.00 r
  u_mul/b_reg_reg[7]/Q (DFFRX1M)           0.76       0.76 r
  u_mul/U125/Y (INVX4M)                    0.50       1.27 f
  u_mul/U120/Y (NOR2X1M)                   0.69       1.96 r
  u_mul/pp7_pipe_reg[1]/D (DFFRQX2M)       0.00       1.96 r
  data arrival time                                   1.96

  clock MASTER_CLK (rise edge)             6.00       6.00
  clock network delay (ideal)              0.00       6.00
  clock uncertainty                       -0.20       5.80
  u_mul/pp7_pipe_reg[1]/CK (DFFRQX2M)      0.00       5.80 r
  library setup time                      -0.40       5.40
  data required time                                  5.40
  -----------------------------------------------------------
  data required time                                  5.40
  data arrival time                                  -1.96
  -----------------------------------------------------------
  slack (MET)                                         3.44


  Startpoint: u_mul/b_reg_reg[7]
              (rising edge-triggered flip-flop clocked by MASTER_CLK)
  Endpoint: u_mul/pp7_pipe_reg[0]
            (rising edge-triggered flip-flop clocked by MASTER_CLK)
  Path Group: MASTER_CLK
  Path Type: max

  Des/Clust/Port     Wire Load Model       Library
  ------------------------------------------------
  alu8_top           tsmc13_wl30           scmetro_tsmc_cl013g_rvt_ss_1p08v_125c

  Point                                    Incr       Path
  -----------------------------------------------------------
  clock MASTER_CLK (rise edge)             0.00       0.00
  clock network delay (ideal)              0.00       0.00
  u_mul/b_reg_reg[7]/CK (DFFRX1M)          0.00       0.00 r
  u_mul/b_reg_reg[7]/Q (DFFRX1M)           0.76       0.76 r
  u_mul/U125/Y (INVX4M)                    0.50       1.27 f
  u_mul/U31/Y (NOR2X1M)                    0.69       1.96 r
  u_mul/pp7_pipe_reg[0]/D (DFFRQX2M)       0.00       1.96 r
  data arrival time                                   1.96

  clock MASTER_CLK (rise edge)             6.00       6.00
  clock network delay (ideal)              0.00       6.00
  clock uncertainty                       -0.20       5.80
  u_mul/pp7_pipe_reg[0]/CK (DFFRQX2M)      0.00       5.80 r
  library setup time                      -0.40       5.40
  data required time                                  5.40
  -----------------------------------------------------------
  data required time                                  5.40
  data arrival time                                  -1.96
  -----------------------------------------------------------
  slack (MET)                                         3.44


  Startpoint: u_mul/a_reg_reg[6]
              (rising edge-triggered flip-flop clocked by MASTER_CLK)
  Endpoint: u_mul/pp5_pipe_reg[6]
            (rising edge-triggered flip-flop clocked by MASTER_CLK)
  Path Group: MASTER_CLK
  Path Type: max

  Des/Clust/Port     Wire Load Model       Library
  ------------------------------------------------
  alu8_top           tsmc13_wl30           scmetro_tsmc_cl013g_rvt_ss_1p08v_125c

  Point                                    Incr       Path
  -----------------------------------------------------------
  clock MASTER_CLK (rise edge)             0.00       0.00
  clock network delay (ideal)              0.00       0.00
  u_mul/a_reg_reg[6]/CK (DFFRX1M)          0.00       0.00 r
  u_mul/a_reg_reg[6]/Q (DFFRX1M)           0.76       0.76 r
  u_mul/U51/Y (INVX4M)                     0.50       1.26 f
  u_mul/U117/Y (NOR2X1M)                   0.69       1.95 r
  u_mul/pp5_pipe_reg[6]/D (DFFRQX2M)       0.00       1.95 r
  data arrival time                                   1.95

  clock MASTER_CLK (rise edge)             6.00       6.00
  clock network delay (ideal)              0.00       6.00
  clock uncertainty                       -0.20       5.80
  u_mul/pp5_pipe_reg[6]/CK (DFFRQX2M)      0.00       5.80 r
  library setup time                      -0.40       5.40
  data required time                                  5.40
  -----------------------------------------------------------
  data required time                                  5.40
  data arrival time                                  -1.95
  -----------------------------------------------------------
  slack (MET)                                         3.45


  Startpoint: u_mul/a_reg_reg[6]
              (rising edge-triggered flip-flop clocked by MASTER_CLK)
  Endpoint: u_mul/pp6_pipe_reg[6]
            (rising edge-triggered flip-flop clocked by MASTER_CLK)
  Path Group: MASTER_CLK
  Path Type: max

  Des/Clust/Port     Wire Load Model       Library
  ------------------------------------------------
  alu8_top           tsmc13_wl30           scmetro_tsmc_cl013g_rvt_ss_1p08v_125c

  Point                                    Incr       Path
  -----------------------------------------------------------
  clock MASTER_CLK (rise edge)             0.00       0.00
  clock network delay (ideal)              0.00       0.00
  u_mul/a_reg_reg[6]/CK (DFFRX1M)          0.00       0.00 r
  u_mul/a_reg_reg[6]/Q (DFFRX1M)           0.76       0.76 r
  u_mul/U51/Y (INVX4M)                     0.50       1.26 f
  u_mul/U116/Y (NOR2X1M)                   0.69       1.95 r
  u_mul/pp6_pipe_reg[6]/D (DFFRQX2M)       0.00       1.95 r
  data arrival time                                   1.95

  clock MASTER_CLK (rise edge)             6.00       6.00
  clock network delay (ideal)              0.00       6.00
  clock uncertainty                       -0.20       5.80
  u_mul/pp6_pipe_reg[6]/CK (DFFRQX2M)      0.00       5.80 r
  library setup time                      -0.40       5.40
  data required time                                  5.40
  -----------------------------------------------------------
  data required time                                  5.40
  data arrival time                                  -1.95
  -----------------------------------------------------------
  slack (MET)                                         3.45


  Startpoint: u_mul/a_reg_reg[6]
              (rising edge-triggered flip-flop clocked by MASTER_CLK)
  Endpoint: u_mul/pp4_pipe_reg[6]
            (rising edge-triggered flip-flop clocked by MASTER_CLK)
  Path Group: MASTER_CLK
  Path Type: max

  Des/Clust/Port     Wire Load Model       Library
  ------------------------------------------------
  alu8_top           tsmc13_wl30           scmetro_tsmc_cl013g_rvt_ss_1p08v_125c

  Point                                    Incr       Path
  -----------------------------------------------------------
  clock MASTER_CLK (rise edge)             0.00       0.00
  clock network delay (ideal)              0.00       0.00
  u_mul/a_reg_reg[6]/CK (DFFRX1M)          0.00       0.00 r
  u_mul/a_reg_reg[6]/Q (DFFRX1M)           0.76       0.76 r
  u_mul/U51/Y (INVX4M)                     0.50       1.26 f
  u_mul/U118/Y (NOR2X1M)                   0.69       1.95 r
  u_mul/pp4_pipe_reg[6]/D (DFFRQX2M)       0.00       1.95 r
  data arrival time                                   1.95

  clock MASTER_CLK (rise edge)             6.00       6.00
  clock network delay (ideal)              0.00       6.00
  clock uncertainty                       -0.20       5.80
  u_mul/pp4_pipe_reg[6]/CK (DFFRQX2M)      0.00       5.80 r
  library setup time                      -0.40       5.40
  data required time                                  5.40
  -----------------------------------------------------------
  data required time                                  5.40
  data arrival time                                  -1.95
  -----------------------------------------------------------
  slack (MET)                                         3.45


  Startpoint: u_mul/b_reg_reg[5]
              (rising edge-triggered flip-flop clocked by MASTER_CLK)
  Endpoint: u_mul/pp5_pipe_reg[1]
            (rising edge-triggered flip-flop clocked by MASTER_CLK)
  Path Group: MASTER_CLK
  Path Type: max

  Des/Clust/Port     Wire Load Model       Library
  ------------------------------------------------
  alu8_top           tsmc13_wl30           scmetro_tsmc_cl013g_rvt_ss_1p08v_125c

  Point                                    Incr       Path
  -----------------------------------------------------------
  clock MASTER_CLK (rise edge)             0.00       0.00
  clock network delay (ideal)              0.00       0.00
  u_mul/b_reg_reg[5]/CK (DFFRX1M)          0.00       0.00 r
  u_mul/b_reg_reg[5]/Q (DFFRX1M)           0.76       0.76 r
  u_mul/U127/Y (INVX4M)                    0.50       1.27 f
  u_mul/U122/Y (NOR2X1M)                   0.67       1.94 r
  u_mul/pp5_pipe_reg[1]/D (DFFRQX4M)       0.00       1.94 r
  data arrival time                                   1.94

  clock MASTER_CLK (rise edge)             6.00       6.00
  clock network delay (ideal)              0.00       6.00
  clock uncertainty                       -0.20       5.80
  u_mul/pp5_pipe_reg[1]/CK (DFFRQX4M)      0.00       5.80 r
  library setup time                      -0.40       5.40
  data required time                                  5.40
  -----------------------------------------------------------
  data required time                                  5.40
  data arrival time                                  -1.94
  -----------------------------------------------------------
  slack (MET)                                         3.46


  Startpoint: u_mul/b_reg_reg[4]
              (rising edge-triggered flip-flop clocked by MASTER_CLK)
  Endpoint: u_mul/pp4_pipe_reg[2]
            (rising edge-triggered flip-flop clocked by MASTER_CLK)
  Path Group: MASTER_CLK
  Path Type: max

  Des/Clust/Port     Wire Load Model       Library
  ------------------------------------------------
  alu8_top           tsmc13_wl30           scmetro_tsmc_cl013g_rvt_ss_1p08v_125c

  Point                                    Incr       Path
  -----------------------------------------------------------
  clock MASTER_CLK (rise edge)             0.00       0.00
  clock network delay (ideal)              0.00       0.00
  u_mul/b_reg_reg[4]/CK (DFFRX1M)          0.00       0.00 r
  u_mul/b_reg_reg[4]/Q (DFFRX1M)           0.76       0.76 r
  u_mul/U128/Y (INVX4M)                    0.50       1.26 f
  u_mul/U25/Y (NOR2X1M)                    0.67       1.94 r
  u_mul/pp4_pipe_reg[2]/D (DFFRQX4M)       0.00       1.94 r
  data arrival time                                   1.94

  clock MASTER_CLK (rise edge)             6.00       6.00
  clock network delay (ideal)              0.00       6.00
  clock uncertainty                       -0.20       5.80
  u_mul/pp4_pipe_reg[2]/CK (DFFRQX4M)      0.00       5.80 r
  library setup time                      -0.40       5.40
  data required time                                  5.40
  -----------------------------------------------------------
  data required time                                  5.40
  data arrival time                                  -1.94
  -----------------------------------------------------------
  slack (MET)                                         3.46


  Startpoint: u_mul/b_reg_reg[6]
              (rising edge-triggered flip-flop clocked by MASTER_CLK)
  Endpoint: u_mul/pp6_pipe_reg[2]
            (rising edge-triggered flip-flop clocked by MASTER_CLK)
  Path Group: MASTER_CLK
  Path Type: max

  Des/Clust/Port     Wire Load Model       Library
  ------------------------------------------------
  alu8_top           tsmc13_wl30           scmetro_tsmc_cl013g_rvt_ss_1p08v_125c

  Point                                    Incr       Path
  -----------------------------------------------------------
  clock MASTER_CLK (rise edge)             0.00       0.00
  clock network delay (ideal)              0.00       0.00
  u_mul/b_reg_reg[6]/CK (DFFRX1M)          0.00       0.00 r
  u_mul/b_reg_reg[6]/Q (DFFRX1M)           0.76       0.76 r
  u_mul/U126/Y (INVX4M)                    0.50       1.26 f
  u_mul/U26/Y (NOR2X1M)                    0.67       1.94 r
  u_mul/pp6_pipe_reg[2]/D (DFFRQX2M)       0.00       1.94 r
  data arrival time                                   1.94

  clock MASTER_CLK (rise edge)             6.00       6.00
  clock network delay (ideal)              0.00       6.00
  clock uncertainty                       -0.20       5.80
  u_mul/pp6_pipe_reg[2]/CK (DFFRQX2M)      0.00       5.80 r
  library setup time                      -0.40       5.40
  data required time                                  5.40
  -----------------------------------------------------------
  data required time                                  5.40
  data arrival time                                  -1.94
  -----------------------------------------------------------
  slack (MET)                                         3.46


  Startpoint: u_mul/b_reg_reg[4]
              (rising edge-triggered flip-flop clocked by MASTER_CLK)
  Endpoint: u_mul/pp4_pipe_reg[0]
            (rising edge-triggered flip-flop clocked by MASTER_CLK)
  Path Group: MASTER_CLK
  Path Type: max

  Des/Clust/Port     Wire Load Model       Library
  ------------------------------------------------
  alu8_top           tsmc13_wl30           scmetro_tsmc_cl013g_rvt_ss_1p08v_125c

  Point                                    Incr       Path
  -----------------------------------------------------------
  clock MASTER_CLK (rise edge)             0.00       0.00
  clock network delay (ideal)              0.00       0.00
  u_mul/b_reg_reg[4]/CK (DFFRX1M)          0.00       0.00 r
  u_mul/b_reg_reg[4]/Q (DFFRX1M)           0.76       0.76 r
  u_mul/U128/Y (INVX4M)                    0.50       1.26 f
  u_mul/U29/Y (NOR2X1M)                    0.67       1.94 r
  u_mul/pp4_pipe_reg[0]/D (DFFRQX2M)       0.00       1.94 r
  data arrival time                                   1.94

  clock MASTER_CLK (rise edge)             6.00       6.00
  clock network delay (ideal)              0.00       6.00
  clock uncertainty                       -0.20       5.80
  u_mul/pp4_pipe_reg[0]/CK (DFFRQX2M)      0.00       5.80 r
  library setup time                      -0.40       5.40
  data required time                                  5.40
  -----------------------------------------------------------
  data required time                                  5.40
  data arrival time                                  -1.94
  -----------------------------------------------------------
  slack (MET)                                         3.46


  Startpoint: u_mul/b_reg_reg[6]
              (rising edge-triggered flip-flop clocked by MASTER_CLK)
  Endpoint: u_mul/pp6_pipe_reg[1]
            (rising edge-triggered flip-flop clocked by MASTER_CLK)
  Path Group: MASTER_CLK
  Path Type: max

  Des/Clust/Port     Wire Load Model       Library
  ------------------------------------------------
  alu8_top           tsmc13_wl30           scmetro_tsmc_cl013g_rvt_ss_1p08v_125c

  Point                                    Incr       Path
  -----------------------------------------------------------
  clock MASTER_CLK (rise edge)             0.00       0.00
  clock network delay (ideal)              0.00       0.00
  u_mul/b_reg_reg[6]/CK (DFFRX1M)          0.00       0.00 r
  u_mul/b_reg_reg[6]/Q (DFFRX1M)           0.69       0.69 f
  u_mul/U126/Y (INVX4M)                    0.80       1.49 r
  u_mul/U121/Y (NOR2X1M)                   0.47       1.96 f
  u_mul/pp6_pipe_reg[1]/D (DFFRHQX8M)      0.00       1.96 f
  data arrival time                                   1.96

  clock MASTER_CLK (rise edge)             6.00       6.00
  clock network delay (ideal)              0.00       6.00
  clock uncertainty                       -0.20       5.80
  u_mul/pp6_pipe_reg[1]/CK (DFFRHQX8M)     0.00       5.80 r
  library setup time                      -0.25       5.55
  data required time                                  5.55
  -----------------------------------------------------------
  data required time                                  5.55
  data arrival time                                  -1.96
  -----------------------------------------------------------
  slack (MET)                                         3.59


  Startpoint: u_mul/b_reg_reg[4]
              (rising edge-triggered flip-flop clocked by MASTER_CLK)
  Endpoint: u_mul/pp4_pipe_reg[1]
            (rising edge-triggered flip-flop clocked by MASTER_CLK)
  Path Group: MASTER_CLK
  Path Type: max

  Des/Clust/Port     Wire Load Model       Library
  ------------------------------------------------
  alu8_top           tsmc13_wl30           scmetro_tsmc_cl013g_rvt_ss_1p08v_125c

  Point                                    Incr       Path
  -----------------------------------------------------------
  clock MASTER_CLK (rise edge)             0.00       0.00
  clock network delay (ideal)              0.00       0.00
  u_mul/b_reg_reg[4]/CK (DFFRX1M)          0.00       0.00 r
  u_mul/b_reg_reg[4]/Q (DFFRX1M)           0.69       0.69 f
  u_mul/U128/Y (INVX4M)                    0.80       1.49 r
  u_mul/U123/Y (NOR2X1M)                   0.47       1.96 f
  u_mul/pp4_pipe_reg[1]/D (DFFRHQX8M)      0.00       1.96 f
  data arrival time                                   1.96

  clock MASTER_CLK (rise edge)             6.00       6.00
  clock network delay (ideal)              0.00       6.00
  clock uncertainty                       -0.20       5.80
  u_mul/pp4_pipe_reg[1]/CK (DFFRHQX8M)     0.00       5.80 r
  library setup time                      -0.25       5.55
  data required time                                  5.55
  -----------------------------------------------------------
  data required time                                  5.55
  data arrival time                                  -1.96
  -----------------------------------------------------------
  slack (MET)                                         3.59


  Startpoint: u_mul/a_reg_reg[7]
              (rising edge-triggered flip-flop clocked by MASTER_CLK)
  Endpoint: u_mul/pp7_pipe_reg[7]
            (rising edge-triggered flip-flop clocked by MASTER_CLK)
  Path Group: MASTER_CLK
  Path Type: max

  Des/Clust/Port     Wire Load Model       Library
  ------------------------------------------------
  alu8_top           tsmc13_wl30           scmetro_tsmc_cl013g_rvt_ss_1p08v_125c

  Point                                    Incr       Path
  -----------------------------------------------------------
  clock MASTER_CLK (rise edge)             0.00       0.00
  clock network delay (ideal)              0.00       0.00
  u_mul/a_reg_reg[7]/CK (DFFRX1M)          0.00       0.00 r
  u_mul/a_reg_reg[7]/Q (DFFRX1M)           0.76       0.76 r
  u_mul/U124/Y (INVX4M)                    0.51       1.27 f
  u_mul/U168/Y (NOR2X2M)                   0.54       1.81 r
  u_mul/pp7_pipe_reg[7]/D (DFFRQX2M)       0.00       1.81 r
  data arrival time                                   1.81

  clock MASTER_CLK (rise edge)             6.00       6.00
  clock network delay (ideal)              0.00       6.00
  clock uncertainty                       -0.20       5.80
  u_mul/pp7_pipe_reg[7]/CK (DFFRQX2M)      0.00       5.80 r
  library setup time                      -0.37       5.43
  data required time                                  5.43
  -----------------------------------------------------------
  data required time                                  5.43
  data arrival time                                  -1.81
  -----------------------------------------------------------
  slack (MET)                                         3.62


  Startpoint: u_mul/a_reg_reg[7]
              (rising edge-triggered flip-flop clocked by MASTER_CLK)
  Endpoint: u_mul/pp5_pipe_reg[7]
            (rising edge-triggered flip-flop clocked by MASTER_CLK)
  Path Group: MASTER_CLK
  Path Type: max

  Des/Clust/Port     Wire Load Model       Library
  ------------------------------------------------
  alu8_top           tsmc13_wl30           scmetro_tsmc_cl013g_rvt_ss_1p08v_125c

  Point                                    Incr       Path
  -----------------------------------------------------------
  clock MASTER_CLK (rise edge)             0.00       0.00
  clock network delay (ideal)              0.00       0.00
  u_mul/a_reg_reg[7]/CK (DFFRX1M)          0.00       0.00 r
  u_mul/a_reg_reg[7]/Q (DFFRX1M)           0.76       0.76 r
  u_mul/U124/Y (INVX4M)                    0.51       1.27 f
  u_mul/U159/Y (NOR2X2M)                   0.54       1.81 r
  u_mul/pp5_pipe_reg[7]/D (DFFRQX2M)       0.00       1.81 r
  data arrival time                                   1.81

  clock MASTER_CLK (rise edge)             6.00       6.00
  clock network delay (ideal)              0.00       6.00
  clock uncertainty                       -0.20       5.80
  u_mul/pp5_pipe_reg[7]/CK (DFFRQX2M)      0.00       5.80 r
  library setup time                      -0.37       5.43
  data required time                                  5.43
  -----------------------------------------------------------
  data required time                                  5.43
  data arrival time                                  -1.81
  -----------------------------------------------------------
  slack (MET)                                         3.62


  Startpoint: u_mul/a_reg_reg[7]
              (rising edge-triggered flip-flop clocked by MASTER_CLK)
  Endpoint: u_mul/pp6_pipe_reg[7]
            (rising edge-triggered flip-flop clocked by MASTER_CLK)
  Path Group: MASTER_CLK
  Path Type: max

  Des/Clust/Port     Wire Load Model       Library
  ------------------------------------------------
  alu8_top           tsmc13_wl30           scmetro_tsmc_cl013g_rvt_ss_1p08v_125c

  Point                                    Incr       Path
  -----------------------------------------------------------
  clock MASTER_CLK (rise edge)             0.00       0.00
  clock network delay (ideal)              0.00       0.00
  u_mul/a_reg_reg[7]/CK (DFFRX1M)          0.00       0.00 r
  u_mul/a_reg_reg[7]/Q (DFFRX1M)           0.76       0.76 r
  u_mul/U124/Y (INVX4M)                    0.51       1.27 f
  u_mul/U153/Y (NOR2X2M)                   0.54       1.81 r
  u_mul/pp6_pipe_reg[7]/D (DFFRQX2M)       0.00       1.81 r
  data arrival time                                   1.81

  clock MASTER_CLK (rise edge)             6.00       6.00
  clock network delay (ideal)              0.00       6.00
  clock uncertainty                       -0.20       5.80
  u_mul/pp6_pipe_reg[7]/CK (DFFRQX2M)      0.00       5.80 r
  library setup time                      -0.37       5.43
  data required time                                  5.43
  -----------------------------------------------------------
  data required time                                  5.43
  data arrival time                                  -1.81
  -----------------------------------------------------------
  slack (MET)                                         3.62


  Startpoint: u_mul/a_reg_reg[7]
              (rising edge-triggered flip-flop clocked by MASTER_CLK)
  Endpoint: u_mul/pp4_pipe_reg[7]
            (rising edge-triggered flip-flop clocked by MASTER_CLK)
  Path Group: MASTER_CLK
  Path Type: max

  Des/Clust/Port     Wire Load Model       Library
  ------------------------------------------------
  alu8_top           tsmc13_wl30           scmetro_tsmc_cl013g_rvt_ss_1p08v_125c

  Point                                    Incr       Path
  -----------------------------------------------------------
  clock MASTER_CLK (rise edge)             0.00       0.00
  clock network delay (ideal)              0.00       0.00
  u_mul/a_reg_reg[7]/CK (DFFRX1M)          0.00       0.00 r
  u_mul/a_reg_reg[7]/Q (DFFRX1M)           0.76       0.76 r
  u_mul/U124/Y (INVX4M)                    0.51       1.27 f
  u_mul/U163/Y (NOR2X2M)                   0.54       1.81 r
  u_mul/pp4_pipe_reg[7]/D (DFFRQX2M)       0.00       1.81 r
  data arrival time                                   1.81

  clock MASTER_CLK (rise edge)             6.00       6.00
  clock network delay (ideal)              0.00       6.00
  clock uncertainty                       -0.20       5.80
  u_mul/pp4_pipe_reg[7]/CK (DFFRQX2M)      0.00       5.80 r
  library setup time                      -0.37       5.43
  data required time                                  5.43
  -----------------------------------------------------------
  data required time                                  5.43
  data arrival time                                  -1.81
  -----------------------------------------------------------
  slack (MET)                                         3.62


  Startpoint: u_mul/a_reg_reg[5]
              (rising edge-triggered flip-flop clocked by MASTER_CLK)
  Endpoint: u_mul/pp5_pipe_reg[5]
            (rising edge-triggered flip-flop clocked by MASTER_CLK)
  Path Group: MASTER_CLK
  Path Type: max

  Des/Clust/Port     Wire Load Model       Library
  ------------------------------------------------
  alu8_top           tsmc13_wl30           scmetro_tsmc_cl013g_rvt_ss_1p08v_125c

  Point                                    Incr       Path
  -----------------------------------------------------------
  clock MASTER_CLK (rise edge)             0.00       0.00
  clock network delay (ideal)              0.00       0.00
  u_mul/a_reg_reg[5]/CK (DFFRX1M)          0.00       0.00 r
  u_mul/a_reg_reg[5]/Q (DFFRX1M)           0.76       0.76 r
  u_mul/U109/Y (INVX4M)                    0.51       1.27 f
  u_mul/U158/Y (NOR2X2M)                   0.54       1.80 r
  u_mul/pp5_pipe_reg[5]/D (DFFRQX2M)       0.00       1.80 r
  data arrival time                                   1.80

  clock MASTER_CLK (rise edge)             6.00       6.00
  clock network delay (ideal)              0.00       6.00
  clock uncertainty                       -0.20       5.80
  u_mul/pp5_pipe_reg[5]/CK (DFFRQX2M)      0.00       5.80 r
  library setup time                      -0.37       5.43
  data required time                                  5.43
  -----------------------------------------------------------
  data required time                                  5.43
  data arrival time                                  -1.80
  -----------------------------------------------------------
  slack (MET)                                         3.63


  Startpoint: u_mul/a_reg_reg[5]
              (rising edge-triggered flip-flop clocked by MASTER_CLK)
  Endpoint: u_mul/pp4_pipe_reg[5]
            (rising edge-triggered flip-flop clocked by MASTER_CLK)
  Path Group: MASTER_CLK
  Path Type: max

  Des/Clust/Port     Wire Load Model       Library
  ------------------------------------------------
  alu8_top           tsmc13_wl30           scmetro_tsmc_cl013g_rvt_ss_1p08v_125c

  Point                                    Incr       Path
  -----------------------------------------------------------
  clock MASTER_CLK (rise edge)             0.00       0.00
  clock network delay (ideal)              0.00       0.00
  u_mul/a_reg_reg[5]/CK (DFFRX1M)          0.00       0.00 r
  u_mul/a_reg_reg[5]/Q (DFFRX1M)           0.76       0.76 r
  u_mul/U109/Y (INVX4M)                    0.51       1.27 f
  u_mul/U162/Y (NOR2X2M)                   0.54       1.80 r
  u_mul/pp4_pipe_reg[5]/D (DFFRQX2M)       0.00       1.80 r
  data arrival time                                   1.80

  clock MASTER_CLK (rise edge)             6.00       6.00
  clock network delay (ideal)              0.00       6.00
  clock uncertainty                       -0.20       5.80
  u_mul/pp4_pipe_reg[5]/CK (DFFRQX2M)      0.00       5.80 r
  library setup time                      -0.37       5.43
  data required time                                  5.43
  -----------------------------------------------------------
  data required time                                  5.43
  data arrival time                                  -1.80
  -----------------------------------------------------------
  slack (MET)                                         3.63


  Startpoint: u_mul/a_reg_reg[5]
              (rising edge-triggered flip-flop clocked by MASTER_CLK)
  Endpoint: u_mul/pp6_pipe_reg[5]
            (rising edge-triggered flip-flop clocked by MASTER_CLK)
  Path Group: MASTER_CLK
  Path Type: max

  Des/Clust/Port     Wire Load Model       Library
  ------------------------------------------------
  alu8_top           tsmc13_wl30           scmetro_tsmc_cl013g_rvt_ss_1p08v_125c

  Point                                    Incr       Path
  -----------------------------------------------------------
  clock MASTER_CLK (rise edge)             0.00       0.00
  clock network delay (ideal)              0.00       0.00
  u_mul/a_reg_reg[5]/CK (DFFRX1M)          0.00       0.00 r
  u_mul/a_reg_reg[5]/Q (DFFRX1M)           0.76       0.76 r
  u_mul/U109/Y (INVX4M)                    0.51       1.27 f
  u_mul/U152/Y (NOR2X2M)                   0.54       1.80 r
  u_mul/pp6_pipe_reg[5]/D (DFFRQX2M)       0.00       1.80 r
  data arrival time                                   1.80

  clock MASTER_CLK (rise edge)             6.00       6.00
  clock network delay (ideal)              0.00       6.00
  clock uncertainty                       -0.20       5.80
  u_mul/pp6_pipe_reg[5]/CK (DFFRQX2M)      0.00       5.80 r
  library setup time                      -0.37       5.43
  data required time                                  5.43
  -----------------------------------------------------------
  data required time                                  5.43
  data arrival time                                  -1.80
  -----------------------------------------------------------
  slack (MET)                                         3.63


  Startpoint: u_mul/b_reg_reg[7]
              (rising edge-triggered flip-flop clocked by MASTER_CLK)
  Endpoint: u_mul/pp7_pipe_reg[5]
            (rising edge-triggered flip-flop clocked by MASTER_CLK)
  Path Group: MASTER_CLK
  Path Type: max

  Des/Clust/Port     Wire Load Model       Library
  ------------------------------------------------
  alu8_top           tsmc13_wl30           scmetro_tsmc_cl013g_rvt_ss_1p08v_125c

  Point                                    Incr       Path
  -----------------------------------------------------------
  clock MASTER_CLK (rise edge)             0.00       0.00
  clock network delay (ideal)              0.00       0.00
  u_mul/b_reg_reg[7]/CK (DFFRX1M)          0.00       0.00 r
  u_mul/b_reg_reg[7]/Q (DFFRX1M)           0.76       0.76 r
  u_mul/U125/Y (INVX4M)                    0.50       1.27 f
  u_mul/U167/Y (NOR2X2M)                   0.53       1.80 r
  u_mul/pp7_pipe_reg[5]/D (DFFRQX2M)       0.00       1.80 r
  data arrival time                                   1.80

  clock MASTER_CLK (rise edge)             6.00       6.00
  clock network delay (ideal)              0.00       6.00
  clock uncertainty                       -0.20       5.80
  u_mul/pp7_pipe_reg[5]/CK (DFFRQX2M)      0.00       5.80 r
  library setup time                      -0.37       5.43
  data required time                                  5.43
  -----------------------------------------------------------
  data required time                                  5.43
  data arrival time                                  -1.80
  -----------------------------------------------------------
  slack (MET)                                         3.63


  Startpoint: u_mul/b_reg_reg[7]
              (rising edge-triggered flip-flop clocked by MASTER_CLK)
  Endpoint: u_mul/pp7_pipe_reg[4]
            (rising edge-triggered flip-flop clocked by MASTER_CLK)
  Path Group: MASTER_CLK
  Path Type: max

  Des/Clust/Port     Wire Load Model       Library
  ------------------------------------------------
  alu8_top           tsmc13_wl30           scmetro_tsmc_cl013g_rvt_ss_1p08v_125c

  Point                                    Incr       Path
  -----------------------------------------------------------
  clock MASTER_CLK (rise edge)             0.00       0.00
  clock network delay (ideal)              0.00       0.00
  u_mul/b_reg_reg[7]/CK (DFFRX1M)          0.00       0.00 r
  u_mul/b_reg_reg[7]/Q (DFFRX1M)           0.76       0.76 r
  u_mul/U125/Y (INVX4M)                    0.50       1.27 f
  u_mul/U166/Y (NOR2X2M)                   0.53       1.80 r
  u_mul/pp7_pipe_reg[4]/D (DFFRQX2M)       0.00       1.80 r
  data arrival time                                   1.80

  clock MASTER_CLK (rise edge)             6.00       6.00
  clock network delay (ideal)              0.00       6.00
  clock uncertainty                       -0.20       5.80
  u_mul/pp7_pipe_reg[4]/CK (DFFRQX2M)      0.00       5.80 r
  library setup time                      -0.37       5.43
  data required time                                  5.43
  -----------------------------------------------------------
  data required time                                  5.43
  data arrival time                                  -1.80
  -----------------------------------------------------------
  slack (MET)                                         3.63


  Startpoint: u_mul/b_reg_reg[7]
              (rising edge-triggered flip-flop clocked by MASTER_CLK)
  Endpoint: u_mul/pp7_pipe_reg[3]
            (rising edge-triggered flip-flop clocked by MASTER_CLK)
  Path Group: MASTER_CLK
  Path Type: max

  Des/Clust/Port     Wire Load Model       Library
  ------------------------------------------------
  alu8_top           tsmc13_wl30           scmetro_tsmc_cl013g_rvt_ss_1p08v_125c

  Point                                    Incr       Path
  -----------------------------------------------------------
  clock MASTER_CLK (rise edge)             0.00       0.00
  clock network delay (ideal)              0.00       0.00
  u_mul/b_reg_reg[7]/CK (DFFRX1M)          0.00       0.00 r
  u_mul/b_reg_reg[7]/Q (DFFRX1M)           0.76       0.76 r
  u_mul/U125/Y (INVX4M)                    0.50       1.27 f
  u_mul/U165/Y (NOR2X2M)                   0.53       1.80 r
  u_mul/pp7_pipe_reg[3]/D (DFFRQX2M)       0.00       1.80 r
  data arrival time                                   1.80

  clock MASTER_CLK (rise edge)             6.00       6.00
  clock network delay (ideal)              0.00       6.00
  clock uncertainty                       -0.20       5.80
  u_mul/pp7_pipe_reg[3]/CK (DFFRQX2M)      0.00       5.80 r
  library setup time                      -0.37       5.43
  data required time                                  5.43
  -----------------------------------------------------------
  data required time                                  5.43
  data arrival time                                  -1.80
  -----------------------------------------------------------
  slack (MET)                                         3.63


  Startpoint: u_mul/b_reg_reg[7]
              (rising edge-triggered flip-flop clocked by MASTER_CLK)
  Endpoint: u_mul/pp7_pipe_reg[2]
            (rising edge-triggered flip-flop clocked by MASTER_CLK)
  Path Group: MASTER_CLK
  Path Type: max

  Des/Clust/Port     Wire Load Model       Library
  ------------------------------------------------
  alu8_top           tsmc13_wl30           scmetro_tsmc_cl013g_rvt_ss_1p08v_125c

  Point                                    Incr       Path
  -----------------------------------------------------------
  clock MASTER_CLK (rise edge)             0.00       0.00
  clock network delay (ideal)              0.00       0.00
  u_mul/b_reg_reg[7]/CK (DFFRX1M)          0.00       0.00 r
  u_mul/b_reg_reg[7]/Q (DFFRX1M)           0.76       0.76 r
  u_mul/U125/Y (INVX4M)                    0.50       1.27 f
  u_mul/U164/Y (NOR2X2M)                   0.53       1.80 r
  u_mul/pp7_pipe_reg[2]/D (DFFRQX2M)       0.00       1.80 r
  data arrival time                                   1.80

  clock MASTER_CLK (rise edge)             6.00       6.00
  clock network delay (ideal)              0.00       6.00
  clock uncertainty                       -0.20       5.80
  u_mul/pp7_pipe_reg[2]/CK (DFFRQX2M)      0.00       5.80 r
  library setup time                      -0.37       5.43
  data required time                                  5.43
  -----------------------------------------------------------
  data required time                                  5.43
  data arrival time                                  -1.80
  -----------------------------------------------------------
  slack (MET)                                         3.63


  Startpoint: u_mul/b_reg_reg[5]
              (rising edge-triggered flip-flop clocked by MASTER_CLK)
  Endpoint: u_mul/pp5_pipe_reg[4]
            (rising edge-triggered flip-flop clocked by MASTER_CLK)
  Path Group: MASTER_CLK
  Path Type: max

  Des/Clust/Port     Wire Load Model       Library
  ------------------------------------------------
  alu8_top           tsmc13_wl30           scmetro_tsmc_cl013g_rvt_ss_1p08v_125c

  Point                                    Incr       Path
  -----------------------------------------------------------
  clock MASTER_CLK (rise edge)             0.00       0.00
  clock network delay (ideal)              0.00       0.00
  u_mul/b_reg_reg[5]/CK (DFFRX1M)          0.00       0.00 r
  u_mul/b_reg_reg[5]/Q (DFFRX1M)           0.76       0.76 r
  u_mul/U127/Y (INVX4M)                    0.50       1.27 f
  u_mul/U157/Y (NOR2X2M)                   0.51       1.78 r
  u_mul/pp5_pipe_reg[4]/D (DFFRQX2M)       0.00       1.78 r
  data arrival time                                   1.78

  clock MASTER_CLK (rise edge)             6.00       6.00
  clock network delay (ideal)              0.00       6.00
  clock uncertainty                       -0.20       5.80
  u_mul/pp5_pipe_reg[4]/CK (DFFRQX2M)      0.00       5.80 r
  library setup time                      -0.37       5.43
  data required time                                  5.43
  -----------------------------------------------------------
  data required time                                  5.43
  data arrival time                                  -1.78
  -----------------------------------------------------------
  slack (MET)                                         3.65


  Startpoint: u_mul/b_reg_reg[5]
              (rising edge-triggered flip-flop clocked by MASTER_CLK)
  Endpoint: u_mul/pp5_pipe_reg[3]
            (rising edge-triggered flip-flop clocked by MASTER_CLK)
  Path Group: MASTER_CLK
  Path Type: max

  Des/Clust/Port     Wire Load Model       Library
  ------------------------------------------------
  alu8_top           tsmc13_wl30           scmetro_tsmc_cl013g_rvt_ss_1p08v_125c

  Point                                    Incr       Path
  -----------------------------------------------------------
  clock MASTER_CLK (rise edge)             0.00       0.00
  clock network delay (ideal)              0.00       0.00
  u_mul/b_reg_reg[5]/CK (DFFRX1M)          0.00       0.00 r
  u_mul/b_reg_reg[5]/Q (DFFRX1M)           0.76       0.76 r
  u_mul/U127/Y (INVX4M)                    0.50       1.27 f
  u_mul/U156/Y (NOR2X2M)                   0.51       1.78 r
  u_mul/pp5_pipe_reg[3]/D (DFFRQX2M)       0.00       1.78 r
  data arrival time                                   1.78

  clock MASTER_CLK (rise edge)             6.00       6.00
  clock network delay (ideal)              0.00       6.00
  clock uncertainty                       -0.20       5.80
  u_mul/pp5_pipe_reg[3]/CK (DFFRQX2M)      0.00       5.80 r
  library setup time                      -0.37       5.43
  data required time                                  5.43
  -----------------------------------------------------------
  data required time                                  5.43
  data arrival time                                  -1.78
  -----------------------------------------------------------
  slack (MET)                                         3.65


  Startpoint: u_mul/b_reg_reg[5]
              (rising edge-triggered flip-flop clocked by MASTER_CLK)
  Endpoint: u_mul/pp5_pipe_reg[2]
            (rising edge-triggered flip-flop clocked by MASTER_CLK)
  Path Group: MASTER_CLK
  Path Type: max

  Des/Clust/Port     Wire Load Model       Library
  ------------------------------------------------
  alu8_top           tsmc13_wl30           scmetro_tsmc_cl013g_rvt_ss_1p08v_125c

  Point                                    Incr       Path
  -----------------------------------------------------------
  clock MASTER_CLK (rise edge)             0.00       0.00
  clock network delay (ideal)              0.00       0.00
  u_mul/b_reg_reg[5]/CK (DFFRX1M)          0.00       0.00 r
  u_mul/b_reg_reg[5]/Q (DFFRX1M)           0.76       0.76 r
  u_mul/U127/Y (INVX4M)                    0.50       1.27 f
  u_mul/U155/Y (NOR2X2M)                   0.51       1.78 r
  u_mul/pp5_pipe_reg[2]/D (DFFRQX2M)       0.00       1.78 r
  data arrival time                                   1.78

  clock MASTER_CLK (rise edge)             6.00       6.00
  clock network delay (ideal)              0.00       6.00
  clock uncertainty                       -0.20       5.80
  u_mul/pp5_pipe_reg[2]/CK (DFFRQX2M)      0.00       5.80 r
  library setup time                      -0.37       5.43
  data required time                                  5.43
  -----------------------------------------------------------
  data required time                                  5.43
  data arrival time                                  -1.78
  -----------------------------------------------------------
  slack (MET)                                         3.65


  Startpoint: u_mul/b_reg_reg[6]
              (rising edge-triggered flip-flop clocked by MASTER_CLK)
  Endpoint: u_mul/pp6_pipe_reg[4]
            (rising edge-triggered flip-flop clocked by MASTER_CLK)
  Path Group: MASTER_CLK
  Path Type: max

  Des/Clust/Port     Wire Load Model       Library
  ------------------------------------------------
  alu8_top           tsmc13_wl30           scmetro_tsmc_cl013g_rvt_ss_1p08v_125c

  Point                                    Incr       Path
  -----------------------------------------------------------
  clock MASTER_CLK (rise edge)             0.00       0.00
  clock network delay (ideal)              0.00       0.00
  u_mul/b_reg_reg[6]/CK (DFFRX1M)          0.00       0.00 r
  u_mul/b_reg_reg[6]/Q (DFFRX1M)           0.76       0.76 r
  u_mul/U126/Y (INVX4M)                    0.50       1.26 f
  u_mul/U151/Y (NOR2X2M)                   0.51       1.78 r
  u_mul/pp6_pipe_reg[4]/D (DFFRQX2M)       0.00       1.78 r
  data arrival time                                   1.78

  clock MASTER_CLK (rise edge)             6.00       6.00
  clock network delay (ideal)              0.00       6.00
  clock uncertainty                       -0.20       5.80
  u_mul/pp6_pipe_reg[4]/CK (DFFRQX2M)      0.00       5.80 r
  library setup time                      -0.37       5.43
  data required time                                  5.43
  -----------------------------------------------------------
  data required time                                  5.43
  data arrival time                                  -1.78
  -----------------------------------------------------------
  slack (MET)                                         3.65


  Startpoint: u_mul/b_reg_reg[6]
              (rising edge-triggered flip-flop clocked by MASTER_CLK)
  Endpoint: u_mul/pp6_pipe_reg[3]
            (rising edge-triggered flip-flop clocked by MASTER_CLK)
  Path Group: MASTER_CLK
  Path Type: max

  Des/Clust/Port     Wire Load Model       Library
  ------------------------------------------------
  alu8_top           tsmc13_wl30           scmetro_tsmc_cl013g_rvt_ss_1p08v_125c

  Point                                    Incr       Path
  -----------------------------------------------------------
  clock MASTER_CLK (rise edge)             0.00       0.00
  clock network delay (ideal)              0.00       0.00
  u_mul/b_reg_reg[6]/CK (DFFRX1M)          0.00       0.00 r
  u_mul/b_reg_reg[6]/Q (DFFRX1M)           0.76       0.76 r
  u_mul/U126/Y (INVX4M)                    0.50       1.26 f
  u_mul/U150/Y (NOR2X2M)                   0.51       1.78 r
  u_mul/pp6_pipe_reg[3]/D (DFFRQX2M)       0.00       1.78 r
  data arrival time                                   1.78

  clock MASTER_CLK (rise edge)             6.00       6.00
  clock network delay (ideal)              0.00       6.00
  clock uncertainty                       -0.20       5.80
  u_mul/pp6_pipe_reg[3]/CK (DFFRQX2M)      0.00       5.80 r
  library setup time                      -0.37       5.43
  data required time                                  5.43
  -----------------------------------------------------------
  data required time                                  5.43
  data arrival time                                  -1.78
  -----------------------------------------------------------
  slack (MET)                                         3.65


  Startpoint: u_mul/b_reg_reg[4]
              (rising edge-triggered flip-flop clocked by MASTER_CLK)
  Endpoint: u_mul/pp4_pipe_reg[4]
            (rising edge-triggered flip-flop clocked by MASTER_CLK)
  Path Group: MASTER_CLK
  Path Type: max

  Des/Clust/Port     Wire Load Model       Library
  ------------------------------------------------
  alu8_top           tsmc13_wl30           scmetro_tsmc_cl013g_rvt_ss_1p08v_125c

  Point                                    Incr       Path
  -----------------------------------------------------------
  clock MASTER_CLK (rise edge)             0.00       0.00
  clock network delay (ideal)              0.00       0.00
  u_mul/b_reg_reg[4]/CK (DFFRX1M)          0.00       0.00 r
  u_mul/b_reg_reg[4]/Q (DFFRX1M)           0.76       0.76 r
  u_mul/U128/Y (INVX4M)                    0.50       1.26 f
  u_mul/U161/Y (NOR2X2M)                   0.51       1.78 r
  u_mul/pp4_pipe_reg[4]/D (DFFRQX2M)       0.00       1.78 r
  data arrival time                                   1.78

  clock MASTER_CLK (rise edge)             6.00       6.00
  clock network delay (ideal)              0.00       6.00
  clock uncertainty                       -0.20       5.80
  u_mul/pp4_pipe_reg[4]/CK (DFFRQX2M)      0.00       5.80 r
  library setup time                      -0.37       5.43
  data required time                                  5.43
  -----------------------------------------------------------
  data required time                                  5.43
  data arrival time                                  -1.78
  -----------------------------------------------------------
  slack (MET)                                         3.65


  Startpoint: u_mul/b_reg_reg[4]
              (rising edge-triggered flip-flop clocked by MASTER_CLK)
  Endpoint: u_mul/pp4_pipe_reg[3]
            (rising edge-triggered flip-flop clocked by MASTER_CLK)
  Path Group: MASTER_CLK
  Path Type: max

  Des/Clust/Port     Wire Load Model       Library
  ------------------------------------------------
  alu8_top           tsmc13_wl30           scmetro_tsmc_cl013g_rvt_ss_1p08v_125c

  Point                                    Incr       Path
  -----------------------------------------------------------
  clock MASTER_CLK (rise edge)             0.00       0.00
  clock network delay (ideal)              0.00       0.00
  u_mul/b_reg_reg[4]/CK (DFFRX1M)          0.00       0.00 r
  u_mul/b_reg_reg[4]/Q (DFFRX1M)           0.76       0.76 r
  u_mul/U128/Y (INVX4M)                    0.50       1.26 f
  u_mul/U160/Y (NOR2X2M)                   0.51       1.78 r
  u_mul/pp4_pipe_reg[3]/D (DFFRQX2M)       0.00       1.78 r
  data arrival time                                   1.78

  clock MASTER_CLK (rise edge)             6.00       6.00
  clock network delay (ideal)              0.00       6.00
  clock uncertainty                       -0.20       5.80
  u_mul/pp4_pipe_reg[3]/CK (DFFRQX2M)      0.00       5.80 r
  library setup time                      -0.37       5.43
  data required time                                  5.43
  -----------------------------------------------------------
  data required time                                  5.43
  data arrival time                                  -1.78
  -----------------------------------------------------------
  slack (MET)                                         3.65


  Startpoint: u_mul/a_reg_reg[1]
              (rising edge-triggered flip-flop clocked by MASTER_CLK)
  Endpoint: u_mul/level3_pipe_reg[1]
            (rising edge-triggered flip-flop clocked by MASTER_CLK)
  Path Group: MASTER_CLK
  Path Type: max

  Des/Clust/Port     Wire Load Model       Library
  ------------------------------------------------
  alu8_top           tsmc13_wl30           scmetro_tsmc_cl013g_rvt_ss_1p08v_125c

  Point                                                   Incr       Path
  --------------------------------------------------------------------------
  clock MASTER_CLK (rise edge)                            0.00       0.00
  clock network delay (ideal)                             0.00       0.00
  u_mul/a_reg_reg[1]/CK (DFFRX4M)                         0.00       0.00 r
  u_mul/a_reg_reg[1]/Q (DFFRX4M)                          0.73       0.73 f
  u_mul/U107/Y (INVX14M)                                  0.29       1.02 r
  u_mul/U97/Y (NAND2BX8M)                                 0.20       1.22 r
  u_mul/U54/Y (INVX6M)                                    0.12       1.34 f
  u_mul/U110/Y (CLKXOR2X2M)                               0.44       1.78 r
  u_mul/add_0_root_add_0_root_add_119/A[1] (mult_unit_DW01_add_4)
                                                          0.00       1.78 r
  u_mul/add_0_root_add_0_root_add_119/SUM[1] (mult_unit_DW01_add_4)
                                                          0.00       1.78 r
  u_mul/level3_pipe_reg[1]/D (DFFRQX2M)                   0.00       1.78 r
  data arrival time                                                  1.78

  clock MASTER_CLK (rise edge)                            6.00       6.00
  clock network delay (ideal)                             0.00       6.00
  clock uncertainty                                      -0.20       5.80
  u_mul/level3_pipe_reg[1]/CK (DFFRQX2M)                  0.00       5.80 r
  library setup time                                     -0.33       5.47
  data required time                                                 5.47
  --------------------------------------------------------------------------
  data required time                                                 5.47
  data arrival time                                                 -1.78
  --------------------------------------------------------------------------
  slack (MET)                                                        3.69


  Startpoint: u_mul/en_pipe_reg
              (rising edge-triggered flip-flop clocked by MASTER_CLK)
  Endpoint: u_mul/valid_reg
            (rising edge-triggered flip-flop clocked by MASTER_CLK)
  Path Group: MASTER_CLK
  Path Type: max

  Des/Clust/Port     Wire Load Model       Library
  ------------------------------------------------
  alu8_top           tsmc13_wl30           scmetro_tsmc_cl013g_rvt_ss_1p08v_125c

  Point                                    Incr       Path
  -----------------------------------------------------------
  clock MASTER_CLK (rise edge)             0.00       0.00
  clock network delay (ideal)              0.00       0.00
  u_mul/en_pipe_reg/CK (DFFRQX2M)          0.00       0.00 r
  u_mul/en_pipe_reg/Q (DFFRQX2M)           0.71       0.71 r
  u_mul/U183/Y (INVX2M)                    0.30       1.02 f
  u_mul/U64/Y (CLKINVX12M)                 0.67       1.68 r
  u_mul/valid_reg/D (DFFRQX2M)             0.00       1.68 r
  data arrival time                                   1.68

  clock MASTER_CLK (rise edge)             6.00       6.00
  clock network delay (ideal)              0.00       6.00
  clock uncertainty                       -0.20       5.80
  u_mul/valid_reg/CK (DFFRQX2M)            0.00       5.80 r
  library setup time                      -0.41       5.39
  data required time                                  5.39
  -----------------------------------------------------------
  data required time                                  5.39
  data arrival time                                  -1.68
  -----------------------------------------------------------
  slack (MET)                                         3.70


  Startpoint: u_mul/b_reg_reg[5]
              (rising edge-triggered flip-flop clocked by MASTER_CLK)
  Endpoint: u_mul/pp5_pipe_reg[0]
            (rising edge-triggered flip-flop clocked by MASTER_CLK)
  Path Group: MASTER_CLK
  Path Type: max

  Des/Clust/Port     Wire Load Model       Library
  ------------------------------------------------
  alu8_top           tsmc13_wl30           scmetro_tsmc_cl013g_rvt_ss_1p08v_125c

  Point                                    Incr       Path
  -----------------------------------------------------------
  clock MASTER_CLK (rise edge)             0.00       0.00
  clock network delay (ideal)              0.00       0.00
  u_mul/b_reg_reg[5]/CK (DFFRX1M)          0.00       0.00 r
  u_mul/b_reg_reg[5]/Q (DFFRX1M)           0.69       0.69 f
  u_mul/U127/Y (INVX4M)                    0.80       1.49 r
  u_mul/U154/Y (NOR2X2M)                   0.34       1.84 f
  u_mul/pp5_pipe_reg[0]/D (DFFRHQX8M)      0.00       1.84 f
  data arrival time                                   1.84

  clock MASTER_CLK (rise edge)             6.00       6.00
  clock network delay (ideal)              0.00       6.00
  clock uncertainty                       -0.20       5.80
  u_mul/pp5_pipe_reg[0]/CK (DFFRHQX8M)     0.00       5.80 r
  library setup time                      -0.24       5.56
  data required time                                  5.56
  -----------------------------------------------------------
  data required time                                  5.56
  data arrival time                                  -1.84
  -----------------------------------------------------------
  slack (MET)                                         3.73


  Startpoint: u_mul/b_reg_reg[6]
              (rising edge-triggered flip-flop clocked by MASTER_CLK)
  Endpoint: u_mul/pp6_pipe_reg[0]
            (rising edge-triggered flip-flop clocked by MASTER_CLK)
  Path Group: MASTER_CLK
  Path Type: max

  Des/Clust/Port     Wire Load Model       Library
  ------------------------------------------------
  alu8_top           tsmc13_wl30           scmetro_tsmc_cl013g_rvt_ss_1p08v_125c

  Point                                    Incr       Path
  -----------------------------------------------------------
  clock MASTER_CLK (rise edge)             0.00       0.00
  clock network delay (ideal)              0.00       0.00
  u_mul/b_reg_reg[6]/CK (DFFRX1M)          0.00       0.00 r
  u_mul/b_reg_reg[6]/Q (DFFRX1M)           0.69       0.69 f
  u_mul/U126/Y (INVX4M)                    0.80       1.49 r
  u_mul/U149/Y (NOR2X2M)                   0.34       1.84 f
  u_mul/pp6_pipe_reg[0]/D (DFFRHQX8M)      0.00       1.84 f
  data arrival time                                   1.84

  clock MASTER_CLK (rise edge)             6.00       6.00
  clock network delay (ideal)              0.00       6.00
  clock uncertainty                       -0.20       5.80
  u_mul/pp6_pipe_reg[0]/CK (DFFRHQX8M)     0.00       5.80 r
  library setup time                      -0.24       5.56
  data required time                                  5.56
  -----------------------------------------------------------
  data required time                                  5.56
  data arrival time                                  -1.84
  -----------------------------------------------------------
  slack (MET)                                         3.73


  Startpoint: u_mul/a_reg_reg[0]
              (rising edge-triggered flip-flop clocked by MASTER_CLK)
  Endpoint: u_mul/level3_pipe_reg[0]
            (rising edge-triggered flip-flop clocked by MASTER_CLK)
  Path Group: MASTER_CLK
  Path Type: max

  Des/Clust/Port     Wire Load Model       Library
  ------------------------------------------------
  alu8_top           tsmc13_wl30           scmetro_tsmc_cl013g_rvt_ss_1p08v_125c

  Point                                                   Incr       Path
  --------------------------------------------------------------------------
  clock MASTER_CLK (rise edge)                            0.00       0.00
  clock network delay (ideal)                             0.00       0.00
  u_mul/a_reg_reg[0]/CK (DFFRX2M)                         0.00       0.00 r
  u_mul/a_reg_reg[0]/Q (DFFRX2M)                          0.75       0.75 r
  u_mul/U13/Y (INVX14M)                                   0.25       1.00 f
  u_mul/U30/Y (NOR2X1M)                                   0.60       1.60 r
  u_mul/add_0_root_add_0_root_add_119/A[0] (mult_unit_DW01_add_4)
                                                          0.00       1.60 r
  u_mul/add_0_root_add_0_root_add_119/SUM[0] (mult_unit_DW01_add_4)
                                                          0.00       1.60 r
  u_mul/level3_pipe_reg[0]/D (DFFRQX2M)                   0.00       1.60 r
  data arrival time                                                  1.60

  clock MASTER_CLK (rise edge)                            6.00       6.00
  clock network delay (ideal)                             0.00       6.00
  clock uncertainty                                      -0.20       5.80
  u_mul/level3_pipe_reg[0]/CK (DFFRQX2M)                  0.00       5.80 r
  library setup time                                     -0.40       5.40
  data required time                                                 5.40
  --------------------------------------------------------------------------
  data required time                                                 5.40
  data arrival time                                                 -1.60
  --------------------------------------------------------------------------
  slack (MET)                                                        3.80


  Startpoint: u_add/en_reg_reg
              (rising edge-triggered flip-flop clocked by MASTER_CLK)
  Endpoint: u_add/valid_reg
            (rising edge-triggered flip-flop clocked by MASTER_CLK)
  Path Group: MASTER_CLK
  Path Type: max

  Des/Clust/Port     Wire Load Model       Library
  ------------------------------------------------
  alu8_top           tsmc13_wl30           scmetro_tsmc_cl013g_rvt_ss_1p08v_125c

  Point                                    Incr       Path
  -----------------------------------------------------------
  clock MASTER_CLK (rise edge)             0.00       0.00
  clock network delay (ideal)              0.00       0.00
  u_add/en_reg_reg/CK (DFFRQX2M)           0.00       0.00 r
  u_add/en_reg_reg/Q (DFFRQX2M)            0.54       0.54 r
  u_add/U7/Y (CLKBUFX6M)                   0.89       1.43 r
  u_add/valid_reg/D (DFFRQX2M)             0.00       1.43 r
  data arrival time                                   1.43

  clock MASTER_CLK (rise edge)             6.00       6.00
  clock network delay (ideal)              0.00       6.00
  clock uncertainty                       -0.20       5.80
  u_add/valid_reg/CK (DFFRQX2M)            0.00       5.80 r
  library setup time                      -0.45       5.35
  data required time                                  5.35
  -----------------------------------------------------------
  data required time                                  5.35
  data arrival time                                  -1.43
  -----------------------------------------------------------
  slack (MET)                                         3.93


  Startpoint: u_mul/en_reg_reg
              (rising edge-triggered flip-flop clocked by MASTER_CLK)
  Endpoint: u_mul/en_pipe_reg
            (rising edge-triggered flip-flop clocked by MASTER_CLK)
  Path Group: MASTER_CLK
  Path Type: max

  Des/Clust/Port     Wire Load Model       Library
  ------------------------------------------------
  alu8_top           tsmc13_wl30           scmetro_tsmc_cl013g_rvt_ss_1p08v_125c

  Point                                    Incr       Path
  -----------------------------------------------------------
  clock MASTER_CLK (rise edge)             0.00       0.00
  clock network delay (ideal)              0.00       0.00
  u_mul/en_reg_reg/CK (DFFRQX2M)           0.00       0.00 r
  u_mul/en_reg_reg/Q (DFFRQX2M)            0.53       0.53 r
  u_mul/en_pipe_reg/D (DFFRQX2M)           0.00       0.53 r
  data arrival time                                   0.53

  clock MASTER_CLK (rise edge)             6.00       6.00
  clock network delay (ideal)              0.00       6.00
  clock uncertainty                       -0.20       5.80
  u_mul/en_pipe_reg/CK (DFFRQX2M)          0.00       5.80 r
  library setup time                      -0.33       5.47
  data required time                                  5.47
  -----------------------------------------------------------
  data required time                                  5.47
  data arrival time                                  -0.53
  -----------------------------------------------------------
  slack (MET)                                         4.94


  Startpoint: u_mul/product_reg[14]
              (rising edge-triggered flip-flop clocked by MASTER_CLK)
  Endpoint: result[14] (output port clocked by MASTER_CLK)
  Path Group: REGOUT
  Path Type: max

  Des/Clust/Port     Wire Load Model       Library
  ------------------------------------------------
  alu8_top           tsmc13_wl30           scmetro_tsmc_cl013g_rvt_ss_1p08v_125c

  Point                                    Incr       Path
  -----------------------------------------------------------
  clock MASTER_CLK (rise edge)             0.00       0.00
  clock network delay (ideal)              0.00       0.00
  u_mul/product_reg[14]/CK (DFFRQX1M)      0.00       0.00 r
  u_mul/product_reg[14]/Q (DFFRQX1M)       0.95       0.95 r
  u_mul/product[14] (mult_unit)            0.00       0.95 r
  U30/Y (AND2X8M)                          0.95       1.89 r
  result[14] (out)                         0.00       1.89 r
  data arrival time                                   1.89

  clock MASTER_CLK (rise edge)             6.00       6.00
  clock network delay (ideal)              0.00       6.00
  clock uncertainty                       -0.20       5.80
  output external delay                   -1.20       4.60
  data required time                                  4.60
  -----------------------------------------------------------
  data required time                                  4.60
  data arrival time                                  -1.89
  -----------------------------------------------------------
  slack (MET)                                         2.71


  Startpoint: u_add/cout_reg
              (rising edge-triggered flip-flop clocked by MASTER_CLK)
  Endpoint: result[8] (output port clocked by MASTER_CLK)
  Path Group: REGOUT
  Path Type: max

  Des/Clust/Port     Wire Load Model       Library
  ------------------------------------------------
  alu8_top           tsmc13_wl30           scmetro_tsmc_cl013g_rvt_ss_1p08v_125c

  Point                                    Incr       Path
  -----------------------------------------------------------
  clock MASTER_CLK (rise edge)             0.00       0.00
  clock network delay (ideal)              0.00       0.00
  u_add/cout_reg/CK (DFFRQX2M)             0.00       0.00 r
  u_add/cout_reg/Q (DFFRQX2M)              0.73       0.73 r
  u_add/cout (add_unit)                    0.00       0.73 r
  U4/Y (AO22X8M)                           0.98       1.71 r
  result[8] (out)                          0.00       1.71 r
  data arrival time                                   1.71

  clock MASTER_CLK (rise edge)             6.00       6.00
  clock network delay (ideal)              0.00       6.00
  clock uncertainty                       -0.20       5.80
  output external delay                   -1.20       4.60
  data required time                                  4.60
  -----------------------------------------------------------
  data required time                                  4.60
  data arrival time                                  -1.71
  -----------------------------------------------------------
  slack (MET)                                         2.89


  Startpoint: u_add/sum_reg[7]
              (rising edge-triggered flip-flop clocked by MASTER_CLK)
  Endpoint: result[7] (output port clocked by MASTER_CLK)
  Path Group: REGOUT
  Path Type: max

  Des/Clust/Port     Wire Load Model       Library
  ------------------------------------------------
  alu8_top           tsmc13_wl30           scmetro_tsmc_cl013g_rvt_ss_1p08v_125c

  Point                                    Incr       Path
  -----------------------------------------------------------
  clock MASTER_CLK (rise edge)             0.00       0.00
  clock network delay (ideal)              0.00       0.00
  u_add/sum_reg[7]/CK (DFFRQX2M)           0.00       0.00 r
  u_add/sum_reg[7]/Q (DFFRQX2M)            0.73       0.73 r
  u_add/sum[7] (add_unit)                  0.00       0.73 r
  U5/Y (AO22X8M)                           0.98       1.71 r
  result[7] (out)                          0.00       1.71 r
  data arrival time                                   1.71

  clock MASTER_CLK (rise edge)             6.00       6.00
  clock network delay (ideal)              0.00       6.00
  clock uncertainty                       -0.20       5.80
  output external delay                   -1.20       4.60
  data required time                                  4.60
  -----------------------------------------------------------
  data required time                                  4.60
  data arrival time                                  -1.71
  -----------------------------------------------------------
  slack (MET)                                         2.89


  Startpoint: u_add/sum_reg[6]
              (rising edge-triggered flip-flop clocked by MASTER_CLK)
  Endpoint: result[6] (output port clocked by MASTER_CLK)
  Path Group: REGOUT
  Path Type: max

  Des/Clust/Port     Wire Load Model       Library
  ------------------------------------------------
  alu8_top           tsmc13_wl30           scmetro_tsmc_cl013g_rvt_ss_1p08v_125c

  Point                                    Incr       Path
  -----------------------------------------------------------
  clock MASTER_CLK (rise edge)             0.00       0.00
  clock network delay (ideal)              0.00       0.00
  u_add/sum_reg[6]/CK (DFFRQX2M)           0.00       0.00 r
  u_add/sum_reg[6]/Q (DFFRQX2M)            0.72       0.72 r
  u_add/sum[6] (add_unit)                  0.00       0.72 r
  U6/Y (AO22X8M)                           0.98       1.70 r
  result[6] (out)                          0.00       1.70 r
  data arrival time                                   1.70

  clock MASTER_CLK (rise edge)             6.00       6.00
  clock network delay (ideal)              0.00       6.00
  clock uncertainty                       -0.20       5.80
  output external delay                   -1.20       4.60
  data required time                                  4.60
  -----------------------------------------------------------
  data required time                                  4.60
  data arrival time                                  -1.70
  -----------------------------------------------------------
  slack (MET)                                         2.90


  Startpoint: u_add/sum_reg[5]
              (rising edge-triggered flip-flop clocked by MASTER_CLK)
  Endpoint: result[5] (output port clocked by MASTER_CLK)
  Path Group: REGOUT
  Path Type: max

  Des/Clust/Port     Wire Load Model       Library
  ------------------------------------------------
  alu8_top           tsmc13_wl30           scmetro_tsmc_cl013g_rvt_ss_1p08v_125c

  Point                                    Incr       Path
  -----------------------------------------------------------
  clock MASTER_CLK (rise edge)             0.00       0.00
  clock network delay (ideal)              0.00       0.00
  u_add/sum_reg[5]/CK (DFFRQX2M)           0.00       0.00 r
  u_add/sum_reg[5]/Q (DFFRQX2M)            0.72       0.72 r
  u_add/sum[5] (add_unit)                  0.00       0.72 r
  U7/Y (AO22X8M)                           0.98       1.70 r
  result[5] (out)                          0.00       1.70 r
  data arrival time                                   1.70

  clock MASTER_CLK (rise edge)             6.00       6.00
  clock network delay (ideal)              0.00       6.00
  clock uncertainty                       -0.20       5.80
  output external delay                   -1.20       4.60
  data required time                                  4.60
  -----------------------------------------------------------
  data required time                                  4.60
  data arrival time                                  -1.70
  -----------------------------------------------------------
  slack (MET)                                         2.90


  Startpoint: u_add/sum_reg[4]
              (rising edge-triggered flip-flop clocked by MASTER_CLK)
  Endpoint: result[4] (output port clocked by MASTER_CLK)
  Path Group: REGOUT
  Path Type: max

  Des/Clust/Port     Wire Load Model       Library
  ------------------------------------------------
  alu8_top           tsmc13_wl30           scmetro_tsmc_cl013g_rvt_ss_1p08v_125c

  Point                                    Incr       Path
  -----------------------------------------------------------
  clock MASTER_CLK (rise edge)             0.00       0.00
  clock network delay (ideal)              0.00       0.00
  u_add/sum_reg[4]/CK (DFFRQX2M)           0.00       0.00 r
  u_add/sum_reg[4]/Q (DFFRQX2M)            0.72       0.72 r
  u_add/sum[4] (add_unit)                  0.00       0.72 r
  U8/Y (AO22X8M)                           0.98       1.70 r
  result[4] (out)                          0.00       1.70 r
  data arrival time                                   1.70

  clock MASTER_CLK (rise edge)             6.00       6.00
  clock network delay (ideal)              0.00       6.00
  clock uncertainty                       -0.20       5.80
  output external delay                   -1.20       4.60
  data required time                                  4.60
  -----------------------------------------------------------
  data required time                                  4.60
  data arrival time                                  -1.70
  -----------------------------------------------------------
  slack (MET)                                         2.90


  Startpoint: u_add/sum_reg[3]
              (rising edge-triggered flip-flop clocked by MASTER_CLK)
  Endpoint: result[3] (output port clocked by MASTER_CLK)
  Path Group: REGOUT
  Path Type: max

  Des/Clust/Port     Wire Load Model       Library
  ------------------------------------------------
  alu8_top           tsmc13_wl30           scmetro_tsmc_cl013g_rvt_ss_1p08v_125c

  Point                                    Incr       Path
  -----------------------------------------------------------
  clock MASTER_CLK (rise edge)             0.00       0.00
  clock network delay (ideal)              0.00       0.00
  u_add/sum_reg[3]/CK (DFFRQX2M)           0.00       0.00 r
  u_add/sum_reg[3]/Q (DFFRQX2M)            0.72       0.72 r
  u_add/sum[3] (add_unit)                  0.00       0.72 r
  U9/Y (AO22X8M)                           0.98       1.70 r
  result[3] (out)                          0.00       1.70 r
  data arrival time                                   1.70

  clock MASTER_CLK (rise edge)             6.00       6.00
  clock network delay (ideal)              0.00       6.00
  clock uncertainty                       -0.20       5.80
  output external delay                   -1.20       4.60
  data required time                                  4.60
  -----------------------------------------------------------
  data required time                                  4.60
  data arrival time                                  -1.70
  -----------------------------------------------------------
  slack (MET)                                         2.90


  Startpoint: u_add/sum_reg[2]
              (rising edge-triggered flip-flop clocked by MASTER_CLK)
  Endpoint: result[2] (output port clocked by MASTER_CLK)
  Path Group: REGOUT
  Path Type: max

  Des/Clust/Port     Wire Load Model       Library
  ------------------------------------------------
  alu8_top           tsmc13_wl30           scmetro_tsmc_cl013g_rvt_ss_1p08v_125c

  Point                                    Incr       Path
  -----------------------------------------------------------
  clock MASTER_CLK (rise edge)             0.00       0.00
  clock network delay (ideal)              0.00       0.00
  u_add/sum_reg[2]/CK (DFFRQX2M)           0.00       0.00 r
  u_add/sum_reg[2]/Q (DFFRQX2M)            0.72       0.72 r
  u_add/sum[2] (add_unit)                  0.00       0.72 r
  U10/Y (AO22X8M)                          0.98       1.70 r
  result[2] (out)                          0.00       1.70 r
  data arrival time                                   1.70

  clock MASTER_CLK (rise edge)             6.00       6.00
  clock network delay (ideal)              0.00       6.00
  clock uncertainty                       -0.20       5.80
  output external delay                   -1.20       4.60
  data required time                                  4.60
  -----------------------------------------------------------
  data required time                                  4.60
  data arrival time                                  -1.70
  -----------------------------------------------------------
  slack (MET)                                         2.90


  Startpoint: u_add/sum_reg[1]
              (rising edge-triggered flip-flop clocked by MASTER_CLK)
  Endpoint: result[1] (output port clocked by MASTER_CLK)
  Path Group: REGOUT
  Path Type: max

  Des/Clust/Port     Wire Load Model       Library
  ------------------------------------------------
  alu8_top           tsmc13_wl30           scmetro_tsmc_cl013g_rvt_ss_1p08v_125c

  Point                                    Incr       Path
  -----------------------------------------------------------
  clock MASTER_CLK (rise edge)             0.00       0.00
  clock network delay (ideal)              0.00       0.00
  u_add/sum_reg[1]/CK (DFFRQX2M)           0.00       0.00 r
  u_add/sum_reg[1]/Q (DFFRQX2M)            0.72       0.72 r
  u_add/sum[1] (add_unit)                  0.00       0.72 r
  U11/Y (AO22X8M)                          0.98       1.70 r
  result[1] (out)                          0.00       1.70 r
  data arrival time                                   1.70

  clock MASTER_CLK (rise edge)             6.00       6.00
  clock network delay (ideal)              0.00       6.00
  clock uncertainty                       -0.20       5.80
  output external delay                   -1.20       4.60
  data required time                                  4.60
  -----------------------------------------------------------
  data required time                                  4.60
  data arrival time                                  -1.70
  -----------------------------------------------------------
  slack (MET)                                         2.90


  Startpoint: u_add/sum_reg[0]
              (rising edge-triggered flip-flop clocked by MASTER_CLK)
  Endpoint: result[0] (output port clocked by MASTER_CLK)
  Path Group: REGOUT
  Path Type: max

  Des/Clust/Port     Wire Load Model       Library
  ------------------------------------------------
  alu8_top           tsmc13_wl30           scmetro_tsmc_cl013g_rvt_ss_1p08v_125c

  Point                                    Incr       Path
  -----------------------------------------------------------
  clock MASTER_CLK (rise edge)             0.00       0.00
  clock network delay (ideal)              0.00       0.00
  u_add/sum_reg[0]/CK (DFFRQX2M)           0.00       0.00 r
  u_add/sum_reg[0]/Q (DFFRQX2M)            0.72       0.72 r
  u_add/sum[0] (add_unit)                  0.00       0.72 r
  U18/Y (AO22X8M)                          0.98       1.70 r
  result[0] (out)                          0.00       1.70 r
  data arrival time                                   1.70

  clock MASTER_CLK (rise edge)             6.00       6.00
  clock network delay (ideal)              0.00       6.00
  clock uncertainty                       -0.20       5.80
  output external delay                   -1.20       4.60
  data required time                                  4.60
  -----------------------------------------------------------
  data required time                                  4.60
  data arrival time                                  -1.70
  -----------------------------------------------------------
  slack (MET)                                         2.90


  Startpoint: u_mul/product_reg[15]
              (rising edge-triggered flip-flop clocked by MASTER_CLK)
  Endpoint: result[15] (output port clocked by MASTER_CLK)
  Path Group: REGOUT
  Path Type: max

  Des/Clust/Port     Wire Load Model       Library
  ------------------------------------------------
  alu8_top           tsmc13_wl30           scmetro_tsmc_cl013g_rvt_ss_1p08v_125c

  Point                                    Incr       Path
  -----------------------------------------------------------
  clock MASTER_CLK (rise edge)             0.00       0.00
  clock network delay (ideal)              0.00       0.00
  u_mul/product_reg[15]/CK (DFFRQX2M)      0.00       0.00 r
  u_mul/product_reg[15]/Q (DFFRQX2M)       0.75       0.75 r
  u_mul/product[15] (mult_unit)            0.00       0.75 r
  U31/Y (AND2X8M)                          0.93       1.68 r
  result[15] (out)                         0.00       1.68 r
  data arrival time                                   1.68

  clock MASTER_CLK (rise edge)             6.00       6.00
  clock network delay (ideal)              0.00       6.00
  clock uncertainty                       -0.20       5.80
  output external delay                   -1.20       4.60
  data required time                                  4.60
  -----------------------------------------------------------
  data required time                                  4.60
  data arrival time                                  -1.68
  -----------------------------------------------------------
  slack (MET)                                         2.92


  Startpoint: u_mul/product_reg[13]
              (rising edge-triggered flip-flop clocked by MASTER_CLK)
  Endpoint: result[13] (output port clocked by MASTER_CLK)
  Path Group: REGOUT
  Path Type: max

  Des/Clust/Port     Wire Load Model       Library
  ------------------------------------------------
  alu8_top           tsmc13_wl30           scmetro_tsmc_cl013g_rvt_ss_1p08v_125c

  Point                                    Incr       Path
  -----------------------------------------------------------
  clock MASTER_CLK (rise edge)             0.00       0.00
  clock network delay (ideal)              0.00       0.00
  u_mul/product_reg[13]/CK (DFFRQX2M)      0.00       0.00 r
  u_mul/product_reg[13]/Q (DFFRQX2M)       0.72       0.72 r
  u_mul/product[13] (mult_unit)            0.00       0.72 r
  U29/Y (AND2X8M)                          0.93       1.65 r
  result[13] (out)                         0.00       1.65 r
  data arrival time                                   1.65

  clock MASTER_CLK (rise edge)             6.00       6.00
  clock network delay (ideal)              0.00       6.00
  clock uncertainty                       -0.20       5.80
  output external delay                   -1.20       4.60
  data required time                                  4.60
  -----------------------------------------------------------
  data required time                                  4.60
  data arrival time                                  -1.65
  -----------------------------------------------------------
  slack (MET)                                         2.95


  Startpoint: u_mul/product_reg[12]
              (rising edge-triggered flip-flop clocked by MASTER_CLK)
  Endpoint: result[12] (output port clocked by MASTER_CLK)
  Path Group: REGOUT
  Path Type: max

  Des/Clust/Port     Wire Load Model       Library
  ------------------------------------------------
  alu8_top           tsmc13_wl30           scmetro_tsmc_cl013g_rvt_ss_1p08v_125c

  Point                                    Incr       Path
  -----------------------------------------------------------
  clock MASTER_CLK (rise edge)             0.00       0.00
  clock network delay (ideal)              0.00       0.00
  u_mul/product_reg[12]/CK (DFFRQX2M)      0.00       0.00 r
  u_mul/product_reg[12]/Q (DFFRQX2M)       0.72       0.72 r
  u_mul/product[12] (mult_unit)            0.00       0.72 r
  U28/Y (AND2X8M)                          0.93       1.65 r
  result[12] (out)                         0.00       1.65 r
  data arrival time                                   1.65

  clock MASTER_CLK (rise edge)             6.00       6.00
  clock network delay (ideal)              0.00       6.00
  clock uncertainty                       -0.20       5.80
  output external delay                   -1.20       4.60
  data required time                                  4.60
  -----------------------------------------------------------
  data required time                                  4.60
  data arrival time                                  -1.65
  -----------------------------------------------------------
  slack (MET)                                         2.95


  Startpoint: u_mul/product_reg[11]
              (rising edge-triggered flip-flop clocked by MASTER_CLK)
  Endpoint: result[11] (output port clocked by MASTER_CLK)
  Path Group: REGOUT
  Path Type: max

  Des/Clust/Port     Wire Load Model       Library
  ------------------------------------------------
  alu8_top           tsmc13_wl30           scmetro_tsmc_cl013g_rvt_ss_1p08v_125c

  Point                                    Incr       Path
  -----------------------------------------------------------
  clock MASTER_CLK (rise edge)             0.00       0.00
  clock network delay (ideal)              0.00       0.00
  u_mul/product_reg[11]/CK (DFFRQX2M)      0.00       0.00 r
  u_mul/product_reg[11]/Q (DFFRQX2M)       0.71       0.71 r
  u_mul/product[11] (mult_unit)            0.00       0.71 r
  U27/Y (AND2X8M)                          0.92       1.63 r
  result[11] (out)                         0.00       1.63 r
  data arrival time                                   1.63

  clock MASTER_CLK (rise edge)             6.00       6.00
  clock network delay (ideal)              0.00       6.00
  clock uncertainty                       -0.20       5.80
  output external delay                   -1.20       4.60
  data required time                                  4.60
  -----------------------------------------------------------
  data required time                                  4.60
  data arrival time                                  -1.63
  -----------------------------------------------------------
  slack (MET)                                         2.97


  Startpoint: u_mul/product_reg[10]
              (rising edge-triggered flip-flop clocked by MASTER_CLK)
  Endpoint: result[10] (output port clocked by MASTER_CLK)
  Path Group: REGOUT
  Path Type: max

  Des/Clust/Port     Wire Load Model       Library
  ------------------------------------------------
  alu8_top           tsmc13_wl30           scmetro_tsmc_cl013g_rvt_ss_1p08v_125c

  Point                                    Incr       Path
  -----------------------------------------------------------
  clock MASTER_CLK (rise edge)             0.00       0.00
  clock network delay (ideal)              0.00       0.00
  u_mul/product_reg[10]/CK (DFFRQX2M)      0.00       0.00 r
  u_mul/product_reg[10]/Q (DFFRQX2M)       0.71       0.71 r
  u_mul/product[10] (mult_unit)            0.00       0.71 r
  U26/Y (AND2X8M)                          0.92       1.63 r
  result[10] (out)                         0.00       1.63 r
  data arrival time                                   1.63

  clock MASTER_CLK (rise edge)             6.00       6.00
  clock network delay (ideal)              0.00       6.00
  clock uncertainty                       -0.20       5.80
  output external delay                   -1.20       4.60
  data required time                                  4.60
  -----------------------------------------------------------
  data required time                                  4.60
  data arrival time                                  -1.63
  -----------------------------------------------------------
  slack (MET)                                         2.97


  Startpoint: u_mul/product_reg[9]
              (rising edge-triggered flip-flop clocked by MASTER_CLK)
  Endpoint: result[9] (output port clocked by MASTER_CLK)
  Path Group: REGOUT
  Path Type: max

  Des/Clust/Port     Wire Load Model       Library
  ------------------------------------------------
  alu8_top           tsmc13_wl30           scmetro_tsmc_cl013g_rvt_ss_1p08v_125c

  Point                                    Incr       Path
  -----------------------------------------------------------
  clock MASTER_CLK (rise edge)             0.00       0.00
  clock network delay (ideal)              0.00       0.00
  u_mul/product_reg[9]/CK (DFFRQX2M)       0.00       0.00 r
  u_mul/product_reg[9]/Q (DFFRQX2M)        0.71       0.71 r
  u_mul/product[9] (mult_unit)             0.00       0.71 r
  U25/Y (AND2X8M)                          0.92       1.63 r
  result[9] (out)                          0.00       1.63 r
  data arrival time                                   1.63

  clock MASTER_CLK (rise edge)             6.00       6.00
  clock network delay (ideal)              0.00       6.00
  clock uncertainty                       -0.20       5.80
  output external delay                   -1.20       4.60
  data required time                                  4.60
  -----------------------------------------------------------
  data required time                                  4.60
  data arrival time                                  -1.63
  -----------------------------------------------------------
  slack (MET)                                         2.97


  Startpoint: u_add/valid_reg
              (rising edge-triggered flip-flop clocked by MASTER_CLK)
  Endpoint: valid (output port clocked by MASTER_CLK)
  Path Group: REGOUT
  Path Type: max

  Des/Clust/Port     Wire Load Model       Library
  ------------------------------------------------
  alu8_top           tsmc13_wl30           scmetro_tsmc_cl013g_rvt_ss_1p08v_125c

  Point                                    Incr       Path
  -----------------------------------------------------------
  clock MASTER_CLK (rise edge)             0.00       0.00
  clock network delay (ideal)              0.00       0.00
  u_add/valid_reg/CK (DFFRQX2M)            0.00       0.00 r
  u_add/valid_reg/Q (DFFRQX2M)             0.56       0.56 r
  u_add/valid (add_unit)                   0.00       0.56 r
  U2/Y (AO22X8M)                           0.94       1.49 r
  valid (out)                              0.00       1.49 r
  data arrival time                                   1.49

  clock MASTER_CLK (rise edge)             6.00       6.00
  clock network delay (ideal)              0.00       6.00
  clock uncertainty                       -0.20       5.80
  output external delay                   -1.20       4.60
  data required time                                  4.60
  -----------------------------------------------------------
  data required time                                  4.60
  data arrival time                                  -1.49
  -----------------------------------------------------------
  slack (MET)                                         3.11


1
